CustomerID,Recency,Frequency,Monetary,RFM_score,Segment,Cluster_Name
12346.0,324,1,77183.6,114,Lost Customers,Champions
12347.0,1,7,4310.0,444,Champions,General Customers
12348.0,74,4,1797.24,234,Loyal Customers,General Customers
12349.0,17,1,1757.55,314,Lost Customers,General Customers
12350.0,309,1,334.4,112,Lost Customers,General Customers
12352.0,35,8,2506.04,344,Champions,General Customers
12353.0,203,1,89.0,111,Lost Customers,General Customers
12354.0,231,1,1079.4,113,Lost Customers,General Customers
12355.0,213,1,459.4,112,Lost Customers,General Customers
12356.0,21,3,2811.43,334,Champions,General Customers
12357.0,32,1,6207.67,314,Lost Customers,General Customers
12358.0,0,2,1168.06,423,Potential Loyalists,General Customers
12359.0,56,4,6310.03,234,Loyal Customers,General Customers
12360.0,51,3,2662.06,234,Loyal Customers,General Customers
12361.0,286,1,189.9,111,Lost Customers,General Customers
12362.0,2,10,5226.23,444,Champions,Champions
12363.0,108,2,552.0,222,Lost Customers,General Customers
12364.0,6,4,1313.1,433,Champions,General Customers
12365.0,290,2,641.38,122,At Risk,General Customers
12367.0,3,1,168.9,411,Lost Customers,General Customers
12370.0,50,4,3541.94,234,Loyal Customers,General Customers
12371.0,43,2,1887.96,324,Potential Loyalists,General Customers
12372.0,70,3,1298.04,233,Loyal Customers,General Customers
12373.0,310,1,364.6,112,Lost Customers,General Customers
12374.0,24,1,742.9300000000001,313,Lost Customers,General Customers
12375.0,9,2,457.5,422,Potential Loyalists,General Customers
12377.0,314,2,1628.12,123,At Risk,General Customers
12378.0,128,1,4008.62,214,Lost Customers,General Customers
12379.0,80,2,852.24,223,Lost Customers,General Customers
12380.0,20,4,2724.81,334,Champions,General Customers
12381.0,3,5,1845.31,434,Champions,General Customers
12383.0,183,5,1850.56,134,At Risk,General Customers
12384.0,27,2,585.27,322,Potential Loyalists,General Customers
12386.0,336,2,401.9,122,At Risk,General Customers
12388.0,14,6,2780.66,444,Champions,General Customers
12390.0,78,1,549.84,212,Lost Customers,General Customers
12391.0,20,1,439.66,312,Lost Customers,General Customers
12393.0,71,4,1582.6000000000001,233,Loyal Customers,General Customers
12394.0,62,2,1272.48,223,Lost Customers,General Customers
12395.0,18,12,3018.63,344,Champions,General Customers
12397.0,34,2,2409.9,324,Potential Loyalists,General Customers
12398.0,44,1,1635.6599999999999,313,Lost Customers,General Customers
12399.0,118,4,1108.65,233,Loyal Customers,General Customers
12401.0,302,1,84.3,111,Lost Customers,General Customers
12402.0,322,1,225.6,111,Lost Customers,General Customers
12403.0,48,1,427.7,312,Lost Customers,General Customers
12405.0,147,1,1710.39,114,Lost Customers,General Customers
12406.0,21,2,3415.3,324,Potential Loyalists,General Customers
12407.0,48,5,1708.1200000000001,334,Champions,General Customers
12408.0,31,5,2888.55,334,Champions,General Customers
12409.0,77,3,11072.67,234,Loyal Customers,Champions
12410.0,307,2,693.3299999999999,123,At Risk,General Customers
12412.0,73,3,1226.88,233,Loyal Customers,General Customers
12413.0,65,3,758.1,233,Loyal Customers,General Customers
12414.0,216,3,562.41,132,At Risk,General Customers
12415.0,23,21,124914.53,344,Champions,Champions
12417.0,2,9,3649.1,444,Champions,General Customers
12418.0,111,1,668.58,213,Lost Customers,General Customers
12420.0,62,1,600.39,212,Lost Customers,General Customers
12421.0,14,4,807.04,433,Champions,General Customers
12422.0,94,3,803.5600000000001,233,Loyal Customers,General Customers
12423.0,-1,8,1859.31,444,Champions,General Customers
12424.0,161,2,1760.96,124,At Risk,General Customers
12425.0,77,1,777.2,213,Lost Customers,General Customers
12426.0,193,1,582.73,112,Lost Customers,General Customers
12427.0,20,3,825.8,333,Champions,General Customers
12428.0,24,9,7956.46,344,Champions,Champions
12429.0,8,4,3750.4,434,Champions,General Customers
12430.0,42,1,256.4,311,Lost Customers,General Customers
12431.0,34,15,6419.95,344,Champions,Champions
12432.0,41,5,5059.32,334,Champions,General Customers
12433.0,-1,7,13375.87,444,Champions,Champions
12434.0,83,2,806.14,223,Lost Customers,General Customers
12435.0,78,2,7829.89,224,Lost Customers,General Customers
12436.0,98,1,509.01,212,Lost Customers,General Customers
12437.0,0,18,4951.41,444,Champions,Champions
12438.0,13,2,2906.85,424,Potential Loyalists,General Customers
12441.0,365,1,173.55,111,Lost Customers,General Customers
12442.0,2,1,172.06,411,Lost Customers,General Customers
12444.0,20,5,5005.46,334,Champions,General Customers
12445.0,21,1,133.4,311,Lost Customers,General Customers
12446.0,56,1,1002.3100000000001,213,Lost Customers,General Customers
12447.0,242,1,476.49,112,Lost Customers,General Customers
12448.0,43,1,449.45,312,Lost Customers,General Customers
12449.0,21,4,4067.29,334,Champions,General Customers
12450.0,155,2,197.88,121,At Risk,General Customers
12451.0,9,5,9035.52,434,Champions,Champions
12452.0,15,2,430.57,422,Potential Loyalists,General Customers
12453.0,133,1,707.09,213,Lost Customers,General Customers
12454.0,55,1,3528.34,214,Lost Customers,General Customers
12455.0,72,6,2466.86,244,Loyal Customers,General Customers
12456.0,43,3,3181.04,334,Champions,General Customers
12457.0,65,7,2363.23,244,Loyal Customers,General Customers
12458.0,70,2,947.4,223,Lost Customers,General Customers
12461.0,93,2,826.88,223,Lost Customers,General Customers
12462.0,17,2,1189.59,323,Potential Loyalists,General Customers
12463.0,52,4,1344.78,233,Loyal Customers,General Customers
12464.0,9,8,1212.05,443,Champions,General Customers
12465.0,16,2,742.1899999999999,423,Potential Loyalists,General Customers
12468.0,186,2,729.5400000000001,123,At Risk,General Customers
12471.0,1,30,19788.65,444,Champions,Champions
12472.0,31,7,6572.11,344,Champions,General Customers
12473.0,28,5,3928.0499999999997,334,Champions,General Customers
12474.0,16,18,7324.09,444,Champions,Champions
12475.0,52,1,723.38,213,Lost Customers,General Customers
12476.0,14,11,6816.42,444,Champions,Champions
12477.0,21,6,13219.74,344,Champions,Champions
12478.0,2,1,680.99,413,Lost Customers,General Customers
12479.0,10,1,527.2,412,Lost Customers,General Customers
12480.0,27,4,3281.63,334,Champions,General Customers
12481.0,21,10,5579.82,344,Champions,Champions
12483.0,16,8,2484.98,444,Champions,General Customers
12484.0,31,6,4527.32,344,Champions,General Customers
12488.0,8,3,1298.66,433,Champions,General Customers
12489.0,335,1,334.93,112,Lost Customers,General Customers
12490.0,4,10,5417.93,444,Champions,Champions
12491.0,37,1,460.40000000000003,312,Lost Customers,General Customers
12492.0,62,2,263.21000000000004,221,Lost Customers,General Customers
12493.0,164,2,433.74,122,At Risk,General Customers
12494.0,14,7,1246.1000000000001,443,Champions,General Customers
12497.0,80,1,1043.1,213,Lost Customers,General Customers
12498.0,20,3,403.70000000000005,332,Potential Loyalists,General Customers
12500.0,22,11,4257.82,344,Champions,General Customers
12501.0,335,1,2169.39,114,Lost Customers,General Customers
12502.0,94,5,3723.87,234,Loyal Customers,General Customers
12504.0,17,2,482.04999999999995,322,Potential Loyalists,General Customers
12506.0,231,1,73.5,111,Lost Customers,General Customers
12507.0,133,3,1304.81,233,Loyal Customers,General Customers
12508.0,25,2,397.88,322,Potential Loyalists,General Customers
12509.0,283,1,176.5,111,Lost Customers,General Customers
12510.0,141,2,982.5699999999999,123,At Risk,General Customers
12512.0,65,2,132.18,221,Lost Customers,General Customers
12513.0,111,1,612.29,212,Lost Customers,General Customers
12514.0,266,1,1017.68,113,Lost Customers,General Customers
12515.0,352,1,383.7,112,Lost Customers,General Customers
12516.0,76,2,1312.06,223,Lost Customers,General Customers
12517.0,27,5,2481.6,334,Champions,General Customers
12518.0,-1,5,2056.89,434,Champions,General Customers
12519.0,62,1,330.84,212,Lost Customers,General Customers
12520.0,78,5,2634.26,234,Loyal Customers,General Customers
12521.0,141,1,599.68,112,Lost Customers,General Customers
12522.0,38,2,192.72,321,Potential Loyalists,General Customers
12523.0,18,11,1789.77,344,Champions,General Customers
12524.0,8,8,4485.72,444,Champions,General Customers
12526.0,-1,3,1316.66,433,Champions,General Customers
12527.0,80,3,348.71000000000004,232,Lost Customers,General Customers
12528.0,8,6,1933.48,444,Champions,General Customers
12530.0,58,4,1662.28,234,Loyal Customers,General Customers
12531.0,13,1,125.22,411,Lost Customers,General Customers
12532.0,29,1,349.83000000000004,312,Lost Customers,General Customers
12534.0,129,1,1089.18,213,Lost Customers,General Customers
12535.0,90,2,716.35,223,Lost Customers,General Customers
12536.0,42,3,12601.830000000002,334,Champions,Champions
12538.0,28,1,363.95,312,Lost Customers,General Customers
12539.0,21,4,5568.35,334,Champions,General Customers
12540.0,18,17,13400.24,344,Champions,Champions
12541.0,28,3,981.18,333,Champions,General Customers
12544.0,35,1,372.7,312,Lost Customers,General Customers
12545.0,74,2,1000.39,223,Lost Customers,General Customers
12546.0,45,2,1161.5,323,Potential Loyalists,General Customers
12547.0,196,2,207.79999999999998,121,At Risk,General Customers
12548.0,165,1,95.19999999999999,111,Lost Customers,General Customers
12550.0,78,1,964.83,213,Lost Customers,General Customers
12551.0,356,1,168.0,111,Lost Customers,General Customers
12552.0,37,2,437.82,322,Potential Loyalists,General Customers
12553.0,7,10,3692.28,444,Champions,General Customers
12556.0,49,2,599.56,322,Potential Loyalists,General Customers
12557.0,15,5,11990.960000000001,434,Champions,Champions
12558.0,6,1,269.96,411,Lost Customers,General Customers
12559.0,309,2,561.71,122,At Risk,General Customers
12560.0,4,3,2134.01,434,Champions,General Customers
12561.0,301,1,238.85,111,Lost Customers,General Customers
12562.0,7,7,3781.7400000000002,444,Champions,General Customers
12564.0,260,1,456.9,112,Lost Customers,General Customers
12565.0,287,1,145.92,111,Lost Customers,General Customers
12566.0,85,1,351.65,212,Lost Customers,General Customers
12567.0,21,10,9401.28,344,Champions,Champions
12569.0,1,32,4124.69,444,Champions,Champions
12571.0,38,2,519.61,322,Potential Loyalists,General Customers
12572.0,7,2,1020.42,423,Potential Loyalists,General Customers
12573.0,226,1,160.54000000000002,111,Lost Customers,General Customers
12574.0,314,1,218.45,111,Lost Customers,General Customers
12576.0,34,5,1315.83,333,Champions,General Customers
12577.0,34,3,626.6,332,Potential Loyalists,General Customers
12578.0,20,2,2794.51,324,Potential Loyalists,General Customers
12579.0,77,1,440.42,212,Lost Customers,General Customers
12580.0,245,1,415.7,112,Lost Customers,General Customers
12581.0,38,1,197.71,311,Lost Customers,General Customers
12582.0,237,2,511.36,122,At Risk,General Customers
12583.0,1,15,7281.38,444,Champions,Champions
12584.0,2,9,2338.15,444,Champions,General Customers
12585.0,233,2,2040.1,124,At Risk,General Customers
12586.0,16,1,196.94000000000003,411,Lost Customers,General Customers
12587.0,6,1,144.0,411,Lost Customers,General Customers
12588.0,38,1,214.89999999999998,311,Lost Customers,General Customers
12589.0,27,2,646.68,322,Potential Loyalists,General Customers
12590.0,210,2,9864.26,124,At Risk,General Customers
12591.0,316,1,452.84999999999997,112,Lost Customers,General Customers
12592.0,91,2,437.6,222,Lost Customers,General Customers
12593.0,107,3,418.09999999999997,232,Lost Customers,General Customers
12594.0,36,10,3338.2200000000003,344,Champions,General Customers
12596.0,50,2,618.27,222,Lost Customers,General Customers
12597.0,18,4,3811.22,334,Champions,General Customers
12598.0,8,8,3023.08,444,Champions,General Customers
12599.0,28,7,1032.58,343,Champions,General Customers
12600.0,27,10,2599.04,344,Champions,General Customers
12601.0,188,5,577.0600000000001,132,At Risk,General Customers
12602.0,57,1,153.12,211,Lost Customers,General Customers
12603.0,20,1,739.1999999999999,313,Lost Customers,General Customers
12604.0,78,2,254.18,221,Lost Customers,General Customers
12607.0,59,1,1579.51,213,Lost Customers,General Customers
12609.0,77,3,1126.85,233,Loyal Customers,General Customers
12610.0,21,5,2099.54,334,Champions,General Customers
12611.0,51,1,1193.32,213,Lost Customers,General Customers
12612.0,73,1,704.0400000000001,213,Lost Customers,General Customers
12613.0,56,5,3344.38,234,Loyal Customers,General Customers
12614.0,276,1,315.6,112,Lost Customers,General Customers
12615.0,1,4,2291.19,434,Champions,General Customers
12616.0,94,2,713.3,223,Lost Customers,General Customers
12617.0,28,1,352.98,312,Lost Customers,General Customers
12618.0,20,1,177.31,311,Lost Customers,General Customers
12619.0,15,9,3641.24,444,Champions,General Customers
12620.0,13,3,1339.41,433,Champions,General Customers
12621.0,0,20,13689.67,444,Champions,Champions
12622.0,231,1,180.1,111,Lost Customers,General Customers
12623.0,275,1,305.1,111,Lost Customers,General Customers
12624.0,105,2,641.13,222,Lost Customers,General Customers
12625.0,210,2,2683.82,124,At Risk,General Customers
12626.0,22,9,6620.48,344,Champions,Champions
12627.0,9,7,4478.53,444,Champions,General Customers
12628.0,3,3,786.46,433,Champions,General Customers
12630.0,8,2,1270.88,423,Potential Loyalists,General Customers
12631.0,56,1,640.5,212,Lost Customers,General Customers
12633.0,57,4,2163.98,234,Loyal Customers,General Customers
12635.0,88,2,1689.18,224,Lost Customers,General Customers
12637.0,66,8,6002.9,244,Loyal Customers,General Customers
12638.0,32,1,671.69,313,Lost Customers,General Customers
12639.0,237,1,486.1,112,Lost Customers,General Customers
12640.0,22,3,1174.58,333,Champions,General Customers
12641.0,114,1,185.9,211,Lost Customers,General Customers
12642.0,24,3,1013.26,333,Champions,General Customers
12643.0,127,6,3344.64,244,Loyal Customers,General Customers
12644.0,128,1,477.91,212,Lost Customers,General Customers
12645.0,32,4,1775.18,334,Champions,General Customers
12646.0,3,2,1346.97,423,Potential Loyalists,General Customers
12647.0,21,12,3722.82,344,Champions,General Customers
12648.0,153,1,318.05,112,Lost Customers,General Customers
12649.0,106,3,623.51,232,Lost Customers,General Customers
12650.0,2,1,314.44,412,Lost Customers,General Customers
12651.0,333,1,114.0,111,Lost Customers,General Customers
12652.0,330,1,919.98,113,Lost Customers,General Customers
12653.0,147,2,2209.85,124,At Risk,General Customers
12654.0,9,5,601.98,432,Potential Loyalists,General Customers
12656.0,16,5,4051.17,434,Champions,General Customers
12657.0,10,4,1643.18,433,Champions,General Customers
12658.0,17,1,686.05,313,Lost Customers,General Customers
12659.0,28,1,91.68,311,Lost Customers,General Customers
12660.0,10,1,245.1,411,Lost Customers,General Customers
12662.0,-1,11,3849.78,444,Champions,General Customers
12664.0,7,9,4881.88,444,Champions,General Customers
12665.0,323,1,63.0,111,Lost Customers,General Customers
12667.0,57,1,620.13,212,Lost Customers,General Customers
12668.0,10,4,3807.15,434,Champions,General Customers
12669.0,149,3,2744.0299999999997,134,At Risk,General Customers
12670.0,9,5,2996.05,434,Champions,General Customers
12672.0,328,1,225.89999999999998,111,Lost Customers,General Customers
12673.0,4,2,610.52,422,Potential Loyalists,General Customers
12674.0,37,4,1970.6,334,Champions,General Customers
12676.0,23,6,1331.39,343,Champions,General Customers
12678.0,41,12,17628.46,344,Champions,Champions
12679.0,57,4,1113.02,233,Loyal Customers,General Customers
12680.0,-1,4,862.81,433,Champions,General Customers
12681.0,13,22,13787.54,444,Champions,Champions
12682.0,2,31,12279.82,444,Champions,Champions
12683.0,3,15,8476.57,444,Champions,Champions
12684.0,6,7,2283.63,444,Champions,General Customers
12685.0,27,6,2863.08,344,Champions,General Customers
12686.0,370,1,89.14,111,Lost Customers,General Customers
12688.0,112,1,4873.8099999999995,214,Lost Customers,General Customers
12689.0,24,2,1247.61,323,Potential Loyalists,General Customers
12690.0,204,1,389.01,112,Lost Customers,General Customers
12691.0,27,6,1035.8,343,Champions,General Customers
12693.0,126,4,855.91,233,Loyal Customers,General Customers
12694.0,69,2,869.67,223,Lost Customers,General Customers
12695.0,6,4,582.1,432,Potential Loyalists,General Customers
12697.0,27,3,957.59,333,Champions,General Customers
12700.0,6,4,4939.99,434,Champions,General Customers
12701.0,78,2,797.71,223,Lost Customers,General Customers
12702.0,18,1,219.0,311,Lost Customers,General Customers
12703.0,70,1,283.55,211,Lost Customers,General Customers
12704.0,6,8,2340.84,444,Champions,General Customers
12705.0,14,9,6868.29,444,Champions,Champions
12707.0,290,1,603.42,112,Lost Customers,General Customers
12708.0,28,10,2712.91,344,Champions,General Customers
12709.0,14,15,9706.52,444,Champions,Champions
12710.0,95,3,1149.02,233,Loyal Customers,General Customers
12712.0,27,13,4396.13,344,Champions,Champions
12713.0,-1,1,848.55,413,Lost Customers,General Customers
12714.0,8,5,4708.86,434,Champions,General Customers
12715.0,105,1,343.36,212,Lost Customers,General Customers
12716.0,2,2,1053.49,423,Potential Loyalists,General Customers
12717.0,150,2,1030.98,123,At Risk,General Customers
12718.0,70,1,238.25,211,Lost Customers,General Customers
12719.0,4,2,644.95,422,Potential Loyalists,General Customers
12720.0,1,25,5781.73,444,Champions,Champions
12721.0,30,6,2656.13,344,Champions,General Customers
12722.0,84,4,997.63,233,Loyal Customers,General Customers
12723.0,2,5,725.07,433,Champions,General Customers
12724.0,4,4,1031.41,433,Champions,General Customers
12725.0,370,1,427.8,112,Lost Customers,General Customers
12726.0,27,7,2609.1,344,Champions,General Customers
12727.0,9,7,3980.7,444,Champions,General Customers
12728.0,70,4,836.33,233,Loyal Customers,General Customers
12729.0,112,1,453.01,212,Lost Customers,General Customers
12731.0,22,12,18895.91,344,Champions,Champions
12732.0,178,1,236.26000000000002,111,Lost Customers,General Customers
12733.0,233,1,383.95,112,Lost Customers,General Customers
12734.0,351,1,110.39999999999999,111,Lost Customers,General Customers
12735.0,314,2,779.5699999999999,123,At Risk,General Customers
12736.0,331,1,234.0,111,Lost Customers,General Customers
12738.0,371,1,155.35,111,Lost Customers,General Customers
12739.0,77,2,1013.04,223,Lost Customers,General Customers
12740.0,62,1,427.6,212,Lost Customers,General Customers
12743.0,133,2,540.13,222,Lost Customers,General Customers
12744.0,50,7,21279.29,244,Loyal Customers,Champions
12747.0,1,11,4196.01,444,Champions,General Customers
12748.0,-1,209,33053.19,444,Champions,Champions
12749.0,2,5,4090.88,434,Champions,General Customers
12750.0,127,1,275.88,211,Lost Customers,General Customers
12752.0,80,1,4366.78,214,Lost Customers,General Customers
12753.0,21,6,21429.39,344,Champions,Champions
12754.0,234,3,3010.74,134,At Risk,General Customers
12755.0,279,2,3811.95,124,At Risk,General Customers
12756.0,85,1,112.07999999999998,211,Lost Customers,General Customers
12757.0,14,13,7834.650000000001,444,Champions,Champions
12758.0,115,2,2791.59,224,Lost Customers,General Customers
12759.0,51,3,1531.44,233,Loyal Customers,General Customers
12762.0,6,2,1898.52,424,Potential Loyalists,General Customers
12763.0,137,2,494.08,222,Lost Customers,General Customers
12764.0,315,1,1693.88,114,Lost Customers,General Customers
12766.0,2,7,6989.63,444,Champions,Champions
12769.0,237,1,1143.6,113,Lost Customers,General Customers
12770.0,209,1,1351.45,113,Lost Customers,General Customers
12772.0,58,1,892.47,213,Lost Customers,General Customers
12775.0,16,5,1386.04,433,Champions,General Customers
12778.0,18,6,822.23,343,Champions,General Customers
12779.0,36,8,3981.36,344,Champions,General Customers
12781.0,62,2,826.74,223,Lost Customers,General Customers
12782.0,3,5,2330.92,434,Champions,General Customers
12783.0,1,6,2225.91,444,Champions,General Customers
12784.0,8,2,532.8199999999999,422,Potential Loyalists,General Customers
12785.0,363,1,311.95,112,Lost Customers,General Customers
12787.0,8,3,463.66,432,Potential Loyalists,General Customers
12789.0,64,1,91.85,211,Lost Customers,General Customers
12790.0,191,1,324.92,112,Lost Customers,General Customers
12791.0,372,1,192.60000000000002,111,Lost Customers,General Customers
12792.0,255,1,400.53999999999996,112,Lost Customers,General Customers
12793.0,333,2,545.48,122,At Risk,General Customers
12794.0,52,2,860.41,223,Lost Customers,General Customers
12795.0,17,1,430.48,312,Lost Customers,General Customers
12797.0,364,1,254.03,111,Lost Customers,General Customers
12798.0,9,3,6977.04,434,Champions,General Customers
12802.0,185,1,427.58,112,Lost Customers,General Customers
12808.0,35,3,483.65000000000003,332,Potential Loyalists,General Customers
12809.0,176,1,489.31,112,Lost Customers,General Customers
12811.0,259,3,514.85,132,At Risk,General Customers
12812.0,43,1,229.64000000000001,311,Lost Customers,General Customers
12814.0,100,1,125.92,211,Lost Customers,General Customers
12815.0,146,2,1063.46,123,At Risk,General Customers
12816.0,94,2,572.2,222,Lost Customers,General Customers
12817.0,280,1,166.04,111,Lost Customers,General Customers
12818.0,260,1,1542.08,113,Lost Customers,General Customers
12820.0,2,4,942.34,433,Champions,General Customers
12821.0,213,1,92.72,111,Lost Customers,General Customers
12822.0,69,2,948.88,223,Lost Customers,General Customers
12823.0,73,5,1759.5,234,Loyal Customers,General Customers
12824.0,58,1,397.12,212,Lost Customers,General Customers
12826.0,1,7,1474.72,443,Champions,General Customers
12827.0,4,3,430.15000000000003,432,Potential Loyalists,General Customers
12828.0,1,6,1018.71,443,Champions,General Customers
12829.0,335,2,293.0,121,At Risk,General Customers
12830.0,36,6,6814.64,344,Champions,General Customers
12831.0,261,1,215.05,111,Lost Customers,General Customers
12832.0,31,2,383.03,322,Potential Loyalists,General Customers
12833.0,144,1,417.38,112,Lost Customers,General Customers
12834.0,281,1,312.38,112,Lost Customers,General Customers
12836.0,58,4,2610.36,234,Loyal Customers,General Customers
12837.0,172,1,134.1,111,Lost Customers,General Customers
12838.0,32,2,671.95,323,Potential Loyalists,General Customers
12839.0,1,14,5591.42,444,Champions,Champions
12840.0,142,4,2726.77,134,At Risk,General Customers
12841.0,3,25,3991.58,444,Champions,Champions
12842.0,69,2,1118.99,223,Lost Customers,General Customers
12843.0,64,8,1702.26,244,Loyal Customers,General Customers
12844.0,28,2,325.96000000000004,322,Potential Loyalists,General Customers
12845.0,266,4,354.09,132,At Risk,General Customers
12847.0,21,1,843.64,313,Lost Customers,General Customers
12849.0,30,2,1010.29,323,Potential Loyalists,General Customers
12851.0,95,1,131.81,211,Lost Customers,General Customers
12852.0,293,1,311.55,112,Lost Customers,General Customers
12853.0,133,6,1957.1000000000001,244,Loyal Customers,General Customers
12854.0,77,3,1316.25,233,Loyal Customers,General Customers
12855.0,371,1,38.1,111,Lost Customers,General Customers
12856.0,6,6,2170.78,444,Champions,General Customers
12857.0,209,2,1106.4,123,At Risk,General Customers
12863.0,51,1,521.2,212,Lost Customers,General Customers
12864.0,137,1,147.12,211,Lost Customers,General Customers
12865.0,25,2,1568.23,323,Potential Loyalists,General Customers
12866.0,282,1,559.12,112,Lost Customers,General Customers
12867.0,25,7,4009.34,344,Champions,General Customers
12868.0,184,6,1607.0600000000002,143,At Risk,General Customers
12871.0,83,2,380.64,222,Lost Customers,General Customers
12872.0,325,2,599.97,122,At Risk,General Customers
12873.0,281,1,374.0,112,Lost Customers,General Customers
12875.0,142,2,343.2300000000001,122,At Risk,General Customers
12876.0,56,2,2218.02,224,Lost Customers,General Customers
12877.0,2,12,1535.77,443,Champions,General Customers
12878.0,235,2,854.99,123,At Risk,General Customers
12879.0,43,3,573.22,332,Potential Loyalists,General Customers
12881.0,274,1,298.0,111,Lost Customers,General Customers
12882.0,8,2,1463.04,423,Potential Loyalists,General Customers
12883.0,23,4,703.47,333,Champions,General Customers
12884.0,87,1,309.05,212,Lost Customers,General Customers
12885.0,62,3,1175.22,233,Loyal Customers,General Customers
12886.0,66,2,1378.4,223,Lost Customers,General Customers
12888.0,213,2,354.12,122,At Risk,General Customers
12890.0,23,1,376.71999999999997,312,Lost Customers,General Customers
12891.0,184,3,331.0,132,At Risk,General Customers
12893.0,29,1,176.55,311,Lost Customers,General Customers
12895.0,41,2,372.8,322,Potential Loyalists,General Customers
12897.0,203,2,216.5,121,At Risk,General Customers
12901.0,7,28,17654.54,444,Champions,Champions
12902.0,263,1,138.68,111,Lost Customers,General Customers
12904.0,17,2,496.06,322,Potential Loyalists,General Customers
12906.0,10,5,2919.81,434,Champions,General Customers
12908.0,175,2,750.0,123,At Risk,General Customers
12909.0,38,5,2178.67,334,Champions,General Customers
12910.0,22,8,3075.04,344,Champions,General Customers
12912.0,1,5,1662.3,434,Champions,General Customers
12913.0,3,5,2483.63,444,Champions,General Customers
12915.0,147,2,363.65,122,At Risk,General Customers
12916.0,137,4,2944.95,234,Loyal Customers,General Customers
12917.0,127,1,594.0,212,Lost Customers,General Customers
12919.0,7,6,1335.19,443,Champions,General Customers
12920.0,16,1,162.78,411,Lost Customers,General Customers
12921.0,8,37,16587.09,444,Champions,Champions
12922.0,160,1,405.38,112,Lost Customers,General Customers
12923.0,63,1,172.82,211,Lost Customers,General Customers
12924.0,87,4,933.7,233,Loyal Customers,General Customers
12925.0,3,2,694.05,423,Potential Loyalists,General Customers
12928.0,34,5,2062.7000000000003,344,Champions,General Customers
12929.0,310,1,117.85,111,Lost Customers,General Customers
12930.0,77,2,415.8,222,Lost Customers,General Customers
12931.0,20,15,42055.96,344,Champions,Champions
12933.0,23,3,607.53,332,Potential Loyalists,General Customers
12935.0,1,7,2160.7,444,Champions,General Customers
12936.0,16,4,1063.9,433,Champions,General Customers
12937.0,14,4,1504.27,433,Champions,General Customers
12938.0,24,1,114.14,311,Lost Customers,General Customers
12939.0,63,8,11581.8,244,Loyal Customers,Champions
12940.0,53,2,899.69,223,Lost Customers,General Customers
12942.0,130,3,675.6,233,Loyal Customers,General Customers
12944.0,34,2,604.51,322,Potential Loyalists,General Customers
12945.0,287,1,462.95,112,Lost Customers,General Customers
12947.0,142,6,1603.99,143,At Risk,General Customers
12948.0,15,7,2064.95,444,Champions,General Customers
12949.0,29,8,4167.22,344,Champions,General Customers
12950.0,1,3,1843.0,434,Champions,General Customers
12951.0,7,6,1064.07,443,Champions,General Customers
12952.0,4,4,1387.79,433,Champions,General Customers
12953.0,8,1,329.85,412,Lost Customers,General Customers
12955.0,0,11,4757.16,444,Champions,Champions
12956.0,305,1,108.07,111,Lost Customers,General Customers
12957.0,8,8,4017.54,444,Champions,General Customers
12962.0,6,2,266.39,421,Potential Loyalists,General Customers
12963.0,7,8,1856.63,444,Champions,General Customers
12965.0,88,1,769.8100000000001,213,Lost Customers,General Customers
12966.0,8,1,160.18,411,Lost Customers,General Customers
12967.0,357,2,1660.9,124,At Risk,General Customers
12968.0,111,1,135.95,211,Lost Customers,General Customers
12970.0,6,4,405.47,432,Potential Loyalists,General Customers
12971.0,2,86,11189.91,444,Champions,Champions
12974.0,196,1,144.8,111,Lost Customers,General Customers
12976.0,210,1,738.6,113,Lost Customers,General Customers
12977.0,155,1,39.239999999999995,111,Lost Customers,General Customers
12980.0,156,9,7374.900000000001,144,At Risk,Champions
12981.0,28,2,372.21999999999997,322,Potential Loyalists,General Customers
12982.0,241,1,390.54,112,Lost Customers,General Customers
12984.0,17,1,97.5,311,Lost Customers,General Customers
12985.0,-1,2,1239.38,423,Potential Loyalists,General Customers
12987.0,72,2,558.7,222,Lost Customers,General Customers
12988.0,291,1,505.82,112,Lost Customers,General Customers
12989.0,2,15,6924.110000000001,444,Champions,Champions
12990.0,30,3,409.5,332,Potential Loyalists,General Customers
12991.0,22,2,503.76,322,Potential Loyalists,General Customers
12993.0,22,4,414.76,332,Potential Loyalists,General Customers
12994.0,3,3,974.4200000000001,433,Champions,General Customers
12995.0,84,1,211.32,211,Lost Customers,General Customers
12997.0,21,4,1226.89,333,Champions,General Customers
12999.0,195,3,455.88,132,At Risk,General Customers
13000.0,105,3,534.85,232,Lost Customers,General Customers
13001.0,3,13,9785.970000000001,444,Champions,Champions
13002.0,317,1,120.94999999999999,111,Lost Customers,General Customers
13003.0,104,3,149.05,231,Lost Customers,General Customers
13004.0,10,18,5655.91,444,Champions,Champions
13005.0,172,2,513.7,122,At Risk,General Customers
13006.0,55,1,81.57,211,Lost Customers,General Customers
13008.0,322,1,229.46999999999997,111,Lost Customers,General Customers
13011.0,371,1,50.550000000000004,111,Lost Customers,General Customers
13012.0,8,8,1646.8400000000001,443,Champions,General Customers
13013.0,0,13,4810.9400000000005,444,Champions,Champions
13014.0,9,10,3466.2799999999997,444,Champions,General Customers
13015.0,52,5,3339.64,244,Loyal Customers,General Customers
13016.0,72,3,789.89,233,Loyal Customers,General Customers
13017.0,6,1,204.0,411,Lost Customers,General Customers
13018.0,15,28,7277.7,444,Champions,Champions
13021.0,3,9,2616.38,444,Champions,General Customers
13023.0,63,2,689.9,223,Lost Customers,General Customers
13026.0,0,5,975.36,443,Champions,General Customers
13027.0,112,6,6912.0,244,Loyal Customers,General Customers
13028.0,21,2,661.3199999999999,322,Potential Loyalists,General Customers
13029.0,29,3,1247.5,333,Champions,General Customers
13030.0,10,2,752.4399999999999,423,Potential Loyalists,General Customers
13032.0,51,2,1010.18,223,Lost Customers,General Customers
13033.0,356,1,190.55,111,Lost Customers,General Customers
13034.0,53,2,642.77,222,Lost Customers,General Customers
13035.0,72,2,921.88,223,Lost Customers,General Customers
13037.0,137,3,881.07,233,Loyal Customers,General Customers
13038.0,79,3,908.46,233,Loyal Customers,General Customers
13040.0,7,2,676.99,423,Potential Loyalists,General Customers
13043.0,272,1,516.42,112,Lost Customers,General Customers
13044.0,290,1,560.47,112,Lost Customers,General Customers
13045.0,98,1,305.28000000000003,211,Lost Customers,General Customers
13046.0,29,2,629.31,322,Potential Loyalists,General Customers
13047.0,30,10,3237.54,344,Champions,General Customers
13048.0,13,4,1819.41,434,Champions,General Customers
13049.0,63,2,656.6800000000001,222,Lost Customers,General Customers
13050.0,13,17,5836.86,444,Champions,Champions
13052.0,211,1,348.15000000000003,112,Lost Customers,General Customers
13055.0,77,3,1214.41,233,Loyal Customers,General Customers
13058.0,23,3,271.40000000000003,331,Potential Loyalists,General Customers
13059.0,248,1,183.4,111,Lost Customers,General Customers
13060.0,252,1,307.53,112,Lost Customers,General Customers
13061.0,71,1,248.61,211,Lost Customers,General Customers
13062.0,190,1,346.98,112,Lost Customers,General Customers
13064.0,11,4,1105.59,433,Champions,General Customers
13065.0,372,1,205.86,111,Lost Customers,General Customers
13066.0,23,2,470.8,322,Potential Loyalists,General Customers
13067.0,81,1,115.46000000000001,211,Lost Customers,General Customers
13068.0,9,2,344.0,422,Potential Loyalists,General Customers
13069.0,-1,24,4431.44,444,Champions,Champions
13070.0,191,1,228.8,111,Lost Customers,General Customers
13072.0,265,1,177.15,111,Lost Customers,General Customers
13075.0,128,1,919.61,213,Lost Customers,General Customers
13077.0,0,4,728.02,433,Champions,General Customers
13078.0,2,26,12627.94,444,Champions,Champions
13079.0,3,5,220.10000000000002,441,Potential Loyalists,General Customers
13080.0,178,1,58.08,111,Lost Customers,General Customers
13081.0,10,11,28337.38,444,Champions,Champions
13082.0,125,9,3613.63,244,Loyal Customers,General Customers
13083.0,3,2,303.75,421,Potential Loyalists,General Customers
13085.0,156,2,416.08000000000004,122,At Risk,General Customers
13089.0,1,97,58762.08,444,Champions,Champions
13090.0,7,14,8910.82,444,Champions,Champions
13091.0,27,1,345.82,312,Lost Customers,General Customers
13092.0,69,5,477.83,242,Lost Customers,General Customers
13093.0,274,8,7832.47,144,At Risk,General Customers
13094.0,20,12,1927.3200000000002,344,Champions,General Customers
13095.0,69,1,74.39999999999999,211,Lost Customers,General Customers
13097.0,31,10,6003.22,344,Champions,Champions
13098.0,0,28,28882.44,444,Champions,Champions
13099.0,98,1,207.35999999999999,211,Lost Customers,General Customers
13101.0,233,1,101.19,111,Lost Customers,General Customers
13102.0,0,24,6424.09,444,Champions,Champions
13103.0,38,1,243.94,311,Lost Customers,General Customers
13104.0,2,6,1098.48,443,Champions,General Customers
13106.0,132,1,76.5,211,Lost Customers,General Customers
13107.0,43,4,1531.6200000000001,333,Champions,General Customers
13108.0,371,1,350.06,112,Lost Customers,General Customers
13109.0,58,2,786.54,223,Lost Customers,General Customers
13110.0,30,7,1488.67,343,Champions,General Customers
13113.0,-1,24,12245.960000000001,444,Champions,Champions
13115.0,10,4,2294.78,434,Champions,General Customers
13116.0,137,1,501.14,212,Lost Customers,General Customers
13117.0,20,8,984.91,343,Champions,General Customers
13118.0,18,5,1197.81,343,Champions,General Customers
13120.0,237,1,30.599999999999998,111,Lost Customers,General Customers
13121.0,268,1,283.73,111,Lost Customers,General Customers
13122.0,93,2,922.39,223,Lost Customers,General Customers
13124.0,88,3,3756.33,234,Loyal Customers,General Customers
13126.0,3,8,2099.64,444,Champions,General Customers
13127.0,76,1,259.17,211,Lost Customers,General Customers
13130.0,93,1,64.0,211,Lost Customers,General Customers
13131.0,22,3,1073.3,333,Champions,General Customers
13132.0,260,1,77.3,111,Lost Customers,General Customers
13133.0,272,2,109.8,121,At Risk,General Customers
13134.0,84,4,1793.58,234,Loyal Customers,General Customers
13135.0,195,1,3096.0,114,Lost Customers,General Customers
13136.0,55,5,2607.61,244,Loyal Customers,General Customers
13137.0,9,8,3603.29,444,Champions,General Customers
13138.0,21,6,962.39,343,Champions,General Customers
13139.0,15,7,5064.94,444,Champions,General Customers
13140.0,107,3,422.47,232,Lost Customers,General Customers
13141.0,83,5,2388.75,244,Loyal Customers,General Customers
13142.0,18,1,307.09,312,Lost Customers,General Customers
13144.0,331,1,110.95,111,Lost Customers,General Customers
13145.0,38,4,618.52,332,Potential Loyalists,General Customers
13146.0,25,1,228.91,311,Lost Customers,General Customers
13147.0,9,4,712.8000000000001,433,Champions,General Customers
13148.0,28,12,3683.26,344,Champions,General Customers
13149.0,13,4,1676.06,434,Champions,General Customers
13151.0,294,1,1257.8700000000001,113,Lost Customers,General Customers
13153.0,4,1,486.22,412,Lost Customers,General Customers
13155.0,32,4,971.76,333,Champions,General Customers
13157.0,48,4,1741.22,334,Champions,General Customers
13158.0,93,4,1201.06,233,Loyal Customers,General Customers
13159.0,7,4,1429.35,433,Champions,General Customers
13160.0,21,1,91.8,311,Lost Customers,General Customers
13161.0,312,1,112.75,111,Lost Customers,General Customers
13162.0,121,4,1688.29,234,Loyal Customers,General Customers
13165.0,45,2,1021.48,323,Potential Loyalists,General Customers
13166.0,282,1,417.2,112,Lost Customers,General Customers
13167.0,17,4,791.33,333,Champions,General Customers
13168.0,35,4,1299.59,333,Champions,General Customers
13169.0,62,2,712.88,223,Lost Customers,General Customers
13170.0,25,1,108.81,311,Lost Customers,General Customers
13171.0,20,3,468.41,332,Potential Loyalists,General Customers
13173.0,3,2,353.65,422,Potential Loyalists,General Customers
13174.0,15,3,2742.82,434,Champions,General Customers
13176.0,45,1,481.49,312,Lost Customers,General Customers
13177.0,63,1,282.45,211,Lost Customers,General Customers
13178.0,25,11,5725.47,344,Champions,Champions
13182.0,44,1,121.18,311,Lost Customers,General Customers
13183.0,6,9,3957.78,444,Champions,General Customers
13184.0,13,10,1668.95,444,Champions,General Customers
13185.0,266,1,71.4,111,Lost Customers,General Customers
13186.0,38,3,1575.89,333,Champions,General Customers
13187.0,336,1,236.02,111,Lost Customers,General Customers
13188.0,10,1,114.60000000000001,411,Lost Customers,General Customers
13189.0,17,2,260.68,321,Potential Loyalists,General Customers
13192.0,94,2,911.94,223,Lost Customers,General Customers
13193.0,60,1,112.08,211,Lost Customers,General Customers
13194.0,134,1,60.7,211,Lost Customers,General Customers
13196.0,10,4,1797.78,434,Champions,General Customers
13198.0,9,6,3401.2400000000002,444,Champions,General Customers
13199.0,2,38,9817.12,444,Champions,Champions
13200.0,18,4,870.09,333,Champions,General Customers
13203.0,8,4,869.46,433,Champions,General Customers
13207.0,14,2,250.26000000000002,421,Potential Loyalists,General Customers
13208.0,57,6,1217.65,243,Loyal Customers,General Customers
13209.0,29,8,5891.61,344,Champions,General Customers
13210.0,92,1,353.48,212,Lost Customers,General Customers
13211.0,9,3,1095.42,433,Champions,General Customers
13212.0,18,3,786.83,333,Champions,General Customers
13213.0,55,5,1520.58,243,Loyal Customers,General Customers
13216.0,266,1,333.74,112,Lost Customers,General Customers
13217.0,121,3,533.98,232,Lost Customers,General Customers
13218.0,126,1,62.63999999999999,211,Lost Customers,General Customers
13220.0,77,4,819.2900000000001,233,Loyal Customers,General Customers
13221.0,239,2,847.41,123,At Risk,General Customers
13223.0,199,2,163.20000000000002,121,At Risk,General Customers
13224.0,59,2,2155.95,224,Lost Customers,General Customers
13225.0,2,7,6463.84,444,Champions,General Customers
13226.0,272,1,108.21000000000001,111,Lost Customers,General Customers
13227.0,200,1,257.7,111,Lost Customers,General Customers
13228.0,80,1,358.0,212,Lost Customers,General Customers
13229.0,224,1,160.95,111,Lost Customers,General Customers
13230.0,3,14,2755.63,444,Champions,Champions
13232.0,11,7,1328.35,443,Champions,General Customers
13233.0,73,2,605.12,222,Lost Customers,General Customers
13235.0,211,1,1031.07,113,Lost Customers,General Customers
13236.0,23,2,744.85,323,Potential Loyalists,General Customers
13238.0,16,4,700.73,433,Champions,General Customers
13239.0,260,1,329.56,112,Lost Customers,General Customers
13240.0,95,4,663.65,232,Lost Customers,General Customers
13242.0,111,3,270.40000000000003,231,Lost Customers,General Customers
13243.0,202,1,585.12,112,Lost Customers,General Customers
13244.0,91,1,121.74000000000001,211,Lost Customers,General Customers
13245.0,49,1,430.5,312,Lost Customers,General Customers
13246.0,17,6,1961.52,344,Champions,General Customers
13247.0,16,4,501.12,432,Potential Loyalists,General Customers
13248.0,123,2,465.68,222,Lost Customers,General Customers
13249.0,91,3,711.41,233,Loyal Customers,General Customers
13253.0,155,2,1030.4,123,At Risk,General Customers
13255.0,8,2,399.51,422,Potential Loyalists,General Customers
13258.0,10,3,672.83,433,Champions,General Customers
13259.0,60,1,283.18,211,Lost Customers,General Customers
13260.0,60,1,557.62,212,Lost Customers,General Customers
13261.0,267,2,944.1,123,At Risk,General Customers
13262.0,262,1,200.29,111,Lost Customers,General Customers
13263.0,0,35,7436.93,444,Champions,Champions
13265.0,52,5,2092.66,244,Loyal Customers,General Customers
13266.0,10,12,3834.2599999999998,444,Champions,Champions
13267.0,1,19,4521.49,444,Champions,Champions
13268.0,16,11,3174.75,444,Champions,General Customers
13269.0,0,15,5343.28,444,Champions,Champions
13270.0,365,1,590.0,112,Lost Customers,General Customers
13271.0,36,1,211.49,311,Lost Customers,General Customers
13272.0,30,2,276.56,321,Potential Loyalists,General Customers
13273.0,112,1,138.98,211,Lost Customers,General Customers
13276.0,62,2,590.9300000000001,222,Lost Customers,General Customers
13277.0,14,4,258.4,431,Potential Loyalists,General Customers
13278.0,39,1,542.73,312,Lost Customers,General Customers
13279.0,77,1,137.75,211,Lost Customers,General Customers
13280.0,121,3,798.46,233,Loyal Customers,General Customers
13282.0,17,3,1132.14,333,Champions,General Customers
13283.0,58,2,93.66,221,Lost Customers,General Customers
13284.0,329,1,201.19,111,Lost Customers,General Customers
13285.0,22,4,2709.12,334,Champions,General Customers
13291.0,154,1,361.11,112,Lost Customers,General Customers
13292.0,37,2,578.9399999999999,322,Potential Loyalists,General Customers
13294.0,188,2,873.74,123,At Risk,General Customers
13295.0,358,1,201.20000000000002,111,Lost Customers,General Customers
13296.0,136,1,87.4,211,Lost Customers,General Customers
13297.0,6,4,2089.85,434,Champions,General Customers
13298.0,0,1,360.0,412,Lost Customers,General Customers
13299.0,267,1,142.5,111,Lost Customers,General Customers
13300.0,168,1,371.89,112,Lost Customers,General Customers
13301.0,102,4,618.09,232,Lost Customers,General Customers
13302.0,154,1,63.75,111,Lost Customers,General Customers
13304.0,350,1,300.42,111,Lost Customers,General Customers
13305.0,3,10,2000.86,444,Champions,General Customers
13307.0,119,1,15.0,211,Lost Customers,General Customers
13308.0,21,3,1385.51,333,Champions,General Customers
13309.0,6,5,1456.79,443,Champions,General Customers
13310.0,27,3,1132.03,333,Champions,General Customers
13311.0,3,2,598.57,422,Potential Loyalists,General Customers
13313.0,21,5,1555.32,343,Champions,General Customers
13314.0,0,3,775.94,433,Champions,General Customers
13316.0,36,4,5732.93,334,Champions,General Customers
13317.0,65,6,2273.68,244,Loyal Customers,General Customers
13318.0,0,3,640.76,432,Potential Loyalists,General Customers
13319.0,4,26,10845.550000000001,444,Champions,Champions
13320.0,77,4,1532.2,233,Loyal Customers,General Customers
13321.0,71,2,567.36,222,Lost Customers,General Customers
13322.0,16,1,199.48000000000002,411,Lost Customers,General Customers
13323.0,2,5,787.85,443,Champions,General Customers
13324.0,35,10,7121.95,344,Champions,Champions
13325.0,80,1,675.3,213,Lost Customers,General Customers
13327.0,37,8,3627.77,344,Champions,General Customers
13328.0,315,1,1308.48,113,Lost Customers,General Customers
13329.0,30,2,789.0,323,Potential Loyalists,General Customers
13330.0,91,3,1140.93,233,Loyal Customers,General Customers
13332.0,13,1,350.9,412,Lost Customers,General Customers
13334.0,81,3,3502.32,234,Loyal Customers,General Customers
13336.0,76,1,795.12,213,Lost Customers,General Customers
13338.0,156,1,487.02,112,Lost Customers,General Customers
13339.0,199,1,860.12,113,Lost Customers,General Customers
13340.0,44,7,10736.48,344,Champions,Champions
13341.0,259,1,775.85,113,Lost Customers,General Customers
13343.0,176,1,353.43,112,Lost Customers,General Customers
13344.0,66,3,2511.69,234,Loyal Customers,General Customers
13345.0,286,1,389.5,112,Lost Customers,General Customers
13347.0,69,1,341.36,212,Lost Customers,General Customers
13348.0,63,1,233.76,211,Lost Customers,General Customers
13349.0,9,1,247.32,411,Lost Customers,General Customers
13350.0,15,2,979.12,423,Potential Loyalists,General Customers
13351.0,65,1,373.94,212,Lost Customers,General Customers
13352.0,59,1,397.97999999999996,212,Lost Customers,General Customers
13354.0,70,1,743.53,213,Lost Customers,General Customers
13355.0,121,1,674.7,213,Lost Customers,General Customers
13356.0,79,1,768.24,213,Lost Customers,General Customers
13357.0,256,1,609.4,112,Lost Customers,General Customers
13358.0,267,1,439.03,112,Lost Customers,General Customers
13359.0,62,1,439.56,212,Lost Customers,General Customers
13362.0,8,4,3090.7400000000002,434,Champions,General Customers
13363.0,16,2,992.5,423,Potential Loyalists,General Customers
13364.0,70,1,134.95999999999998,211,Lost Customers,General Customers
13365.0,32,2,2225.37,324,Potential Loyalists,General Customers
13366.0,49,1,56.160000000000004,311,Lost Customers,General Customers
13368.0,255,2,623.4,122,At Risk,General Customers
13369.0,364,1,308.28000000000003,112,Lost Customers,General Customers
13370.0,370,1,754.87,113,Lost Customers,General Customers
13372.0,88,1,378.64,212,Lost Customers,General Customers
13373.0,59,3,3312.25,234,Loyal Customers,General Customers
13375.0,87,1,778.65,213,Lost Customers,General Customers
13376.0,98,3,1019.76,233,Loyal Customers,General Customers
13379.0,25,3,572.56,332,Potential Loyalists,General Customers
13381.0,30,6,3639.31,344,Champions,General Customers
13382.0,279,1,222.99,111,Lost Customers,General Customers
13384.0,29,7,4151.93,344,Champions,General Customers
13385.0,328,1,534.57,112,Lost Customers,General Customers
13388.0,130,2,677.1,223,Lost Customers,General Customers
13389.0,10,3,797.96,433,Champions,General Customers
13390.0,73,1,544.08,212,Lost Customers,General Customers
13391.0,202,1,59.8,111,Lost Customers,General Customers
13394.0,0,8,2520.02,444,Champions,General Customers
13395.0,184,1,307.72,112,Lost Customers,General Customers
13396.0,28,2,1360.99,323,Potential Loyalists,General Customers
13397.0,71,5,1544.13,243,Loyal Customers,General Customers
13398.0,191,1,457.34,112,Lost Customers,General Customers
13402.0,126,2,621.23,222,Lost Customers,General Customers
13403.0,16,1,75.0,411,Lost Customers,General Customers
13404.0,0,2,252.49,421,Potential Loyalists,General Customers
13405.0,73,3,572.451,232,Lost Customers,General Customers
13408.0,0,62,28117.04,444,Champions,Champions
13410.0,23,5,1003.06,343,Champions,General Customers
13411.0,106,1,213.55,211,Lost Customers,General Customers
13414.0,132,3,1390.5,233,Loyal Customers,General Customers
13416.0,42,2,712.5,323,Potential Loyalists,General Customers
13417.0,3,2,640.83,422,Potential Loyalists,General Customers
13418.0,10,18,6127.43,444,Champions,Champions
13419.0,62,1,221.06,211,Lost Customers,General Customers
13420.0,148,2,159.85,121,At Risk,General Customers
13421.0,39,2,1833.71,324,Potential Loyalists,General Customers
13422.0,63,1,2626.3,214,Lost Customers,General Customers
13425.0,107,3,1624.21,233,Loyal Customers,General Customers
13426.0,-1,10,3641.32,444,Champions,General Customers
13427.0,18,3,582.6,332,Potential Loyalists,General Customers
13428.0,9,1,201.78,411,Lost Customers,General Customers
13429.0,9,4,1006.8,433,Champions,General Customers
13430.0,17,2,679.45,323,Potential Loyalists,General Customers
13431.0,66,2,1269.1,223,Lost Customers,General Customers
13434.0,73,2,534.24,222,Lost Customers,General Customers
13435.0,4,7,3809.8900000000003,444,Champions,General Customers
13436.0,0,1,196.89,411,Lost Customers,General Customers
13437.0,13,7,3408.06,444,Champions,General Customers
13439.0,254,1,283.71,111,Lost Customers,General Customers
13441.0,90,1,296.64,211,Lost Customers,General Customers
13447.0,22,3,1129.14,333,Champions,General Customers
13448.0,15,6,3534.69,444,Champions,General Customers
13449.0,22,1,291.88,311,Lost Customers,General Customers
13450.0,25,6,2043.7199999999998,344,Champions,General Customers
13451.0,25,5,2898.2599999999998,344,Champions,General Customers
13452.0,258,2,590.0,122,At Risk,General Customers
13453.0,164,2,356.97999999999996,122,At Risk,General Customers
13455.0,23,2,1058.34,323,Potential Loyalists,General Customers
13456.0,16,6,1766.72,444,Champions,General Customers
13458.0,6,14,9646.57,444,Champions,Champions
13460.0,28,2,183.44,321,Potential Loyalists,General Customers
13461.0,37,3,1445.0,333,Champions,General Customers
13462.0,251,1,151.5,111,Lost Customers,General Customers
13464.0,57,1,674.68,213,Lost Customers,General Customers
13466.0,183,1,307.9,112,Lost Customers,General Customers
13467.0,9,2,1071.91,423,Potential Loyalists,General Customers
13468.0,0,37,5704.97,444,Champions,Champions
13470.0,98,2,165.0,221,Lost Customers,General Customers
13471.0,0,4,2501.84,434,Champions,General Customers
13473.0,59,2,422.64,222,Lost Customers,General Customers
13474.0,235,1,226.84,111,Lost Customers,General Customers
13475.0,190,4,1431.78,133,At Risk,General Customers
13476.0,177,2,1238.47,123,At Risk,General Customers
13477.0,36,6,1454.58,343,Champions,General Customers
13479.0,199,2,300.95,121,At Risk,General Customers
13481.0,44,5,1804.56,344,Champions,General Customers
13482.0,231,1,184.64,111,Lost Customers,General Customers
13483.0,64,1,140.34,211,Lost Customers,General Customers
13484.0,240,1,313.8,112,Lost Customers,General Customers
13485.0,232,1,454.24,112,Lost Customers,General Customers
13486.0,77,3,1122.41,233,Loyal Customers,General Customers
13487.0,56,3,575.4,232,Lost Customers,General Customers
13488.0,16,13,8968.31,444,Champions,Champions
13489.0,104,4,449.52,232,Lost Customers,General Customers
13491.0,50,10,1215.82,243,Loyal Customers,General Customers
13492.0,135,3,1269.84,233,Loyal Customers,General Customers
13493.0,274,2,618.63,122,At Risk,General Customers
13494.0,310,1,316.26000000000005,112,Lost Customers,General Customers
13495.0,6,5,2044.8700000000001,444,Champions,General Customers
13496.0,9,2,653.33,422,Potential Loyalists,General Customers
13497.0,281,2,348.05,122,At Risk,General Customers
13499.0,16,5,1159.11,443,Champions,General Customers
13500.0,22,3,1166.77,333,Champions,General Customers
13501.0,287,1,1340.32,113,Lost Customers,General Customers
13502.0,15,3,292.0,431,Potential Loyalists,General Customers
13503.0,70,1,216.85,211,Lost Customers,General Customers
13504.0,63,1,295.93,211,Lost Customers,General Customers
13505.0,71,4,4393.63,234,Loyal Customers,General Customers
13506.0,315,2,458.52,122,At Risk,General Customers
13507.0,2,4,2479.16,434,Champions,General Customers
13508.0,242,1,110.97,111,Lost Customers,General Customers
13509.0,7,7,979.72,443,Champions,General Customers
13510.0,0,4,1791.56,434,Champions,General Customers
13512.0,259,1,251.21,111,Lost Customers,General Customers
13513.0,125,1,205.1,211,Lost Customers,General Customers
13514.0,72,1,152.20000000000002,211,Lost Customers,General Customers
13515.0,71,4,891.12,233,Loyal Customers,General Customers
13516.0,20,3,1389.41,333,Champions,General Customers
13517.0,58,3,2128.42,234,Loyal Customers,General Customers
13518.0,84,1,627.16,212,Lost Customers,General Customers
13519.0,77,1,122.75,211,Lost Customers,General Customers
13520.0,57,6,3624.35,244,Loyal Customers,General Customers
13521.0,0,3,1071.73,433,Champions,General Customers
13522.0,29,1,125.80000000000001,311,Lost Customers,General Customers
13523.0,32,5,3964.88,344,Champions,General Customers
13524.0,39,5,680.1800000000001,343,Champions,General Customers
13525.0,13,2,628.78,422,Potential Loyalists,General Customers
13527.0,32,7,2242.36,344,Champions,General Customers
13529.0,77,2,307.76,222,Lost Customers,General Customers
13531.0,204,2,483.8,122,At Risk,General Customers
13532.0,32,1,210.31,311,Lost Customers,General Customers
13533.0,181,3,269.09,131,At Risk,General Customers
13534.0,1,25,5870.08,444,Champions,Champions
13536.0,0,7,3444.39,444,Champions,General Customers
13538.0,42,7,1280.85,343,Champions,General Customers
13539.0,84,3,631.34,232,Lost Customers,General Customers
13544.0,38,2,276.06,321,Potential Loyalists,General Customers
13546.0,11,3,621.09,432,Potential Loyalists,General Customers
13548.0,95,2,678.16,223,Lost Customers,General Customers
13549.0,24,7,918.2,343,Champions,General Customers
13551.0,318,1,91.80000000000001,111,Lost Customers,General Customers
13552.0,65,12,3740.07,244,Loyal Customers,General Customers
13555.0,72,4,4098.88,234,Loyal Customers,General Customers
13557.0,27,2,584.06,322,Potential Loyalists,General Customers
13558.0,4,4,594.52,432,Potential Loyalists,General Customers
13560.0,6,1,171.42000000000002,411,Lost Customers,General Customers
13561.0,214,1,141.85999999999999,111,Lost Customers,General Customers
13562.0,80,3,1799.33,234,Loyal Customers,General Customers
13563.0,83,2,777.53,223,Lost Customers,General Customers
13564.0,143,3,1724.67,134,At Risk,General Customers
13565.0,18,2,240.22,321,Potential Loyalists,General Customers
13566.0,39,2,856.84,323,Potential Loyalists,General Customers
13568.0,172,1,187.05,111,Lost Customers,General Customers
13569.0,16,2,338.62,422,Potential Loyalists,General Customers
13570.0,242,1,239.49,111,Lost Customers,General Customers
13571.0,11,12,2088.94,444,Champions,General Customers
13572.0,204,1,1384.25,113,Lost Customers,General Customers
13573.0,49,2,290.25,321,Potential Loyalists,General Customers
13575.0,22,5,732.0699999999999,343,Champions,General Customers
13576.0,9,18,6717.34,444,Champions,Champions
13577.0,24,4,1687.6000000000001,334,Champions,General Customers
13579.0,13,2,467.04,422,Potential Loyalists,General Customers
13581.0,308,1,118.0,111,Lost Customers,General Customers
13583.0,154,1,781.03,113,Lost Customers,General Customers
13584.0,305,1,142.4,111,Lost Customers,General Customers
13587.0,62,1,712.4,213,Lost Customers,General Customers
13588.0,14,9,2478.95,444,Champions,General Customers
13589.0,13,2,379.65,422,Potential Loyalists,General Customers
13590.0,10,6,1981.92,444,Champions,General Customers
13591.0,63,3,1117.13,233,Loyal Customers,General Customers
13592.0,34,4,247.95999999999998,331,Potential Loyalists,General Customers
13593.0,107,5,2011.88,244,Loyal Customers,General Customers
13594.0,51,1,396.97,212,Lost Customers,General Customers
13596.0,4,2,664.11,422,Potential Loyalists,General Customers
13598.0,46,1,160.04,311,Lost Customers,General Customers
13599.0,0,21,5149.92,444,Champions,Champions
13600.0,311,1,219.52,111,Lost Customers,General Customers
13601.0,44,2,693.32,323,Potential Loyalists,General Customers
13602.0,63,1,428.89,212,Lost Customers,General Customers
13603.0,25,1,164.34,311,Lost Customers,General Customers
13606.0,28,3,276.75,331,Potential Loyalists,General Customers
13607.0,39,1,675.51,313,Lost Customers,General Customers
13610.0,11,7,1082.33,443,Champions,General Customers
13611.0,88,3,1154.4,233,Loyal Customers,General Customers
13614.0,23,4,1585.46,333,Champions,General Customers
13615.0,317,1,417.69,112,Lost Customers,General Customers
13617.0,39,3,544.18,332,Potential Loyalists,General Customers
13618.0,172,1,177.34,111,Lost Customers,General Customers
13621.0,115,1,213.85,211,Lost Customers,General Customers
13623.0,29,5,727.74,343,Champions,General Customers
13626.0,251,1,257.23,111,Lost Customers,General Customers
13627.0,58,5,1638.47,243,Loyal Customers,General Customers
13629.0,22,11,7792.36,344,Champions,Champions
13630.0,4,7,2031.78,444,Champions,General Customers
13631.0,98,11,3070.42,244,Loyal Customers,General Customers
13632.0,23,5,2118.93,344,Champions,General Customers
13634.0,32,5,1547.3600000000001,343,Champions,General Customers
13635.0,66,1,1071.03,213,Lost Customers,General Customers
13636.0,35,5,949.12,343,Champions,General Customers
13637.0,51,3,804.3,233,Loyal Customers,General Customers
13638.0,14,1,122.64,411,Lost Customers,General Customers
13639.0,73,1,1033.34,213,Lost Customers,General Customers
13642.0,214,1,312.28,112,Lost Customers,General Customers
13643.0,30,3,519.44,332,Potential Loyalists,General Customers
13644.0,15,4,2624.26,434,Champions,General Customers
13645.0,119,1,252.1,211,Lost Customers,General Customers
13647.0,8,4,1648.1200000000001,433,Champions,General Customers
13649.0,255,2,346.6,122,At Risk,General Customers
13650.0,15,6,1836.34,444,Champions,General Customers
13651.0,34,2,94.2,321,Potential Loyalists,General Customers
13652.0,44,3,1095.08,333,Champions,General Customers
13654.0,42,6,2707.33,344,Champions,General Customers
13655.0,113,2,932.97,223,Lost Customers,General Customers
13656.0,163,2,379.65,122,At Risk,General Customers
13657.0,9,2,382.14,422,Potential Loyalists,General Customers
13658.0,8,5,2639.17,444,Champions,General Customers
13659.0,204,2,1563.0,123,At Risk,General Customers
13662.0,84,3,881.26,233,Loyal Customers,General Customers
13663.0,178,1,189.47,111,Lost Customers,General Customers
13666.0,59,3,84.65,231,Lost Customers,General Customers
13667.0,148,1,299.05,111,Lost Customers,General Customers
13668.0,1,21,6309.83,444,Champions,Champions
13669.0,49,2,218.55,321,Potential Loyalists,General Customers
13670.0,74,1,349.7,212,Lost Customers,General Customers
13672.0,300,2,186.39000000000001,121,At Risk,General Customers
13673.0,17,2,387.44,322,Potential Loyalists,General Customers
13675.0,150,2,486.82000000000005,122,At Risk,General Customers
13678.0,150,1,232.6,111,Lost Customers,General Customers
13680.0,0,4,3719.12,434,Champions,General Customers
13681.0,16,4,827.83,433,Champions,General Customers
13682.0,186,1,59.5,111,Lost Customers,General Customers
13684.0,284,1,65.13,111,Lost Customers,General Customers
13685.0,1,7,3119.44,444,Champions,General Customers
13686.0,181,1,72.0,111,Lost Customers,General Customers
13689.0,62,1,910.0,213,Lost Customers,General Customers
13690.0,58,1,172.25,211,Lost Customers,General Customers
13692.0,23,3,1488.32,333,Champions,General Customers
13694.0,2,50,65039.62,444,Champions,Champions
13695.0,30,15,2504.13,344,Champions,Champions
13697.0,37,1,151.29999999999998,311,Lost Customers,General Customers
13699.0,154,1,308.58000000000004,112,Lost Customers,General Customers
13700.0,25,10,2248.63,344,Champions,General Customers
13703.0,317,1,99.5,111,Lost Customers,General Customers
13704.0,4,9,2308.06,444,Champions,General Customers
13705.0,6,3,711.86,433,Champions,General Customers
13706.0,301,1,330.79,112,Lost Customers,General Customers
13707.0,266,2,806.41,123,At Risk,General Customers
13708.0,270,1,285.33,111,Lost Customers,General Customers
13709.0,2,13,6307.650000000001,444,Champions,Champions
13710.0,30,1,180.48,311,Lost Customers,General Customers
13711.0,217,2,252.06,121,At Risk,General Customers
13712.0,245,1,228.84,111,Lost Customers,General Customers
13715.0,280,5,1077.39,143,At Risk,General Customers
13716.0,268,1,138.28,111,Lost Customers,General Customers
13717.0,31,6,1445.01,343,Champions,General Customers
13718.0,245,2,306.55,122,At Risk,General Customers
13719.0,14,5,1041.68,443,Champions,General Customers
13720.0,115,4,799.9,233,Loyal Customers,General Customers
13721.0,35,1,524.14,312,Lost Customers,General Customers
13722.0,130,3,2375.41,234,Loyal Customers,General Customers
13723.0,216,1,199.85000000000002,111,Lost Customers,General Customers
13725.0,48,8,1980.56,344,Champions,General Customers
13726.0,37,2,1079.6599999999999,323,Potential Loyalists,General Customers
13727.0,27,2,333.48,322,Potential Loyalists,General Customers
13728.0,35,6,1016.14,343,Champions,General Customers
13730.0,134,2,752.6,223,Lost Customers,General Customers
13731.0,218,2,610.59,122,At Risk,General Customers
13732.0,27,1,491.86,312,Lost Customers,General Customers
13735.0,23,4,2883.54,334,Champions,General Customers
13736.0,4,2,729.8,423,Potential Loyalists,General Customers
13737.0,199,1,339.59999999999997,112,Lost Customers,General Customers
13739.0,17,1,216.9,311,Lost Customers,General Customers
13740.0,239,1,350.75,112,Lost Customers,General Customers
13741.0,70,3,668.4300000000001,232,Lost Customers,General Customers
13742.0,15,12,3107.87,444,Champions,General Customers
13743.0,1,7,1341.6,443,Champions,General Customers
13744.0,94,2,1080.52,223,Lost Customers,General Customers
13745.0,161,1,300.04,111,Lost Customers,General Customers
13747.0,372,1,79.6,111,Lost Customers,General Customers
13748.0,94,5,948.25,243,Loyal Customers,General Customers
13750.0,52,5,1647.26,243,Loyal Customers,General Customers
13751.0,287,1,296.25,111,Lost Customers,General Customers
13752.0,123,6,1175.38,243,Loyal Customers,General Customers
13753.0,286,1,741.26,113,Lost Customers,General Customers
13754.0,150,2,282.59999999999997,121,At Risk,General Customers
13755.0,2,9,2108.06,444,Champions,General Customers
13756.0,1,14,5189.52,444,Champions,Champions
13758.0,10,7,3190.55,444,Champions,General Customers
13759.0,32,2,659.4100000000001,322,Potential Loyalists,General Customers
13760.0,53,2,286.79,221,Lost Customers,General Customers
13761.0,49,2,1070.65,323,Potential Loyalists,General Customers
13762.0,217,1,306.72,112,Lost Customers,General Customers
13763.0,62,1,1714.96,214,Lost Customers,General Customers
13764.0,69,3,1519.42,233,Loyal Customers,General Customers
13767.0,1,37,17220.36,444,Champions,Champions
13769.0,1,10,2796.51,444,Champions,General Customers
13771.0,63,4,2634.45,234,Loyal Customers,General Customers
13772.0,32,3,1122.63,333,Champions,General Customers
13774.0,80,1,345.0,212,Lost Customers,General Customers
13777.0,-1,33,25977.16,444,Champions,Champions
13778.0,102,1,178.7,211,Lost Customers,General Customers
13780.0,6,2,360.01,422,Potential Loyalists,General Customers
13781.0,249,1,127.84,111,Lost Customers,General Customers
13782.0,11,6,908.86,443,Champions,General Customers
13784.0,8,11,2462.79,444,Champions,General Customers
13786.0,366,1,230.39999999999998,111,Lost Customers,General Customers
13787.0,74,2,309.04,222,Lost Customers,General Customers
13790.0,3,1,348.8,412,Lost Customers,General Customers
13791.0,126,2,1516.0,223,Lost Customers,General Customers
13792.0,65,2,195.55,221,Lost Customers,General Customers
13798.0,0,57,37153.85,444,Champions,Champions
13799.0,115,2,688.86,223,Lost Customers,General Customers
13800.0,308,1,558.32,112,Lost Customers,General Customers
13801.0,65,1,324.8,212,Lost Customers,General Customers
13802.0,137,3,4599.42,234,Loyal Customers,General Customers
13803.0,254,1,277.07,111,Lost Customers,General Customers
13804.0,29,7,2588.39,344,Champions,General Customers
13805.0,51,2,924.6,223,Lost Customers,General Customers
13806.0,62,1,256.38,211,Lost Customers,General Customers
13807.0,366,1,112.6,111,Lost Customers,General Customers
13808.0,4,5,1747.66,444,Champions,General Customers
13809.0,304,1,155.05,111,Lost Customers,General Customers
13810.0,27,3,1499.01,333,Champions,General Customers
13811.0,182,3,814.5,133,At Risk,General Customers
13812.0,41,3,539.0,332,Potential Loyalists,General Customers
13813.0,38,4,1366.8600000000001,333,Champions,General Customers
13814.0,91,2,1579.12,223,Lost Customers,General Customers
13815.0,21,4,4027.36,334,Champions,General Customers
13816.0,22,2,571.6700000000001,322,Potential Loyalists,General Customers
13817.0,28,2,382.98,322,Potential Loyalists,General Customers
13819.0,300,3,1140.35,133,At Risk,General Customers
13821.0,143,2,385.64,122,At Risk,General Customers
13822.0,4,2,632.0,422,Potential Loyalists,General Customers
13823.0,17,2,957.66,323,Potential Loyalists,General Customers
13824.0,31,5,1698.94,344,Champions,General Customers
13826.0,175,1,189.5,111,Lost Customers,General Customers
13827.0,56,3,409.8,232,Lost Customers,General Customers
13828.0,21,1,209.49,311,Lost Customers,General Customers
13831.0,15,6,2198.45,444,Champions,General Customers
13832.0,18,1,52.199999999999996,311,Lost Customers,General Customers
13833.0,158,1,383.85,112,Lost Customers,General Customers
13835.0,24,4,834.57,333,Champions,General Customers
13837.0,210,2,266.59000000000003,121,At Risk,General Customers
13838.0,4,4,674.82,433,Champions,General Customers
13841.0,251,1,85.0,111,Lost Customers,General Customers
13842.0,57,9,3385.62,244,Loyal Customers,General Customers
13844.0,10,1,361.62,412,Lost Customers,General Customers
13845.0,63,1,312.98,212,Lost Customers,General Customers
13846.0,23,3,865.0600000000001,333,Champions,General Customers
13848.0,91,3,1255.0,233,Loyal Customers,General Customers
13849.0,50,2,1537.95,223,Lost Customers,General Customers
13850.0,128,1,1595.48,213,Lost Customers,General Customers
13851.0,94,3,2651.46,234,Loyal Customers,General Customers
13853.0,56,1,1090.14,213,Lost Customers,General Customers
13854.0,7,25,8109.5199999999995,444,Champions,Champions
13856.0,167,3,388.5,132,At Risk,General Customers
13858.0,56,1,216.17,211,Lost Customers,General Customers
13859.0,325,1,201.16,111,Lost Customers,General Customers
13860.0,0,5,1245.9,443,Champions,General Customers
13862.0,17,8,2209.36,344,Champions,General Customers
13863.0,246,1,305.78,111,Lost Customers,General Customers
13865.0,57,4,501.56,232,Lost Customers,General Customers
13866.0,73,1,145.67000000000002,211,Lost Customers,General Customers
13867.0,30,3,1005.09,333,Champions,General Customers
13868.0,6,2,3192.54,424,Potential Loyalists,General Customers
13869.0,122,4,3083.65,234,Loyal Customers,General Customers
13870.0,1,8,2770.94,444,Champions,General Customers
13871.0,21,13,6403.25,344,Champions,Champions
13873.0,118,3,389.6,232,Lost Customers,General Customers
13874.0,357,1,540.45,112,Lost Customers,General Customers
13875.0,52,5,1786.79,244,Loyal Customers,General Customers
13876.0,62,1,122.7,211,Lost Customers,General Customers
13877.0,85,1,117.24,211,Lost Customers,General Customers
13878.0,53,1,1271.57,213,Lost Customers,General Customers
13880.0,20,13,3219.77,344,Champions,General Customers
13881.0,2,20,17159.52,444,Champions,Champions
13882.0,1,5,1191.13,443,Champions,General Customers
13883.0,9,5,2674.48,444,Champions,General Customers
13884.0,6,5,787.6,443,Champions,General Customers
13885.0,188,2,506.8,122,At Risk,General Customers
13886.0,70,1,243.56,211,Lost Customers,General Customers
13887.0,203,1,349.55,112,Lost Customers,General Customers
13888.0,118,2,595.67,222,Lost Customers,General Customers
13889.0,91,1,416.90000000000003,212,Lost Customers,General Customers
13890.0,0,10,1883.8100000000002,444,Champions,General Customers
13892.0,25,4,632.97,332,Potential Loyalists,General Customers
13893.0,296,1,821.1,113,Lost Customers,General Customers
13894.0,22,3,564.62,332,Potential Loyalists,General Customers
13895.0,27,4,2593.07,334,Champions,General Customers
13897.0,49,1,311.16,312,Lost Customers,General Customers
13898.0,324,1,155.93,111,Lost Customers,General Customers
13899.0,15,2,388.52,422,Potential Loyalists,General Customers
13900.0,182,3,740.95,133,At Risk,General Customers
13901.0,71,5,2867.2,244,Loyal Customers,General Customers
13904.0,36,2,332.64,322,Potential Loyalists,General Customers
13908.0,78,4,2369.55,234,Loyal Customers,General Customers
13911.0,56,9,2580.91,244,Loyal Customers,General Customers
13914.0,10,2,626.45,422,Potential Loyalists,General Customers
13917.0,48,2,272.04,321,Potential Loyalists,General Customers
13918.0,48,2,1212.8400000000001,323,Potential Loyalists,General Customers
13919.0,58,2,384.81,222,Lost Customers,General Customers
13922.0,350,1,172.25,111,Lost Customers,General Customers
13923.0,52,1,351.13,212,Lost Customers,General Customers
13924.0,0,6,1838.8500000000001,444,Champions,General Customers
13925.0,91,4,678.25,233,Loyal Customers,General Customers
13926.0,22,1,223.85000000000002,311,Lost Customers,General Customers
13927.0,73,1,348.99,212,Lost Customers,General Customers
13928.0,9,4,464.57,432,Potential Loyalists,General Customers
13929.0,168,2,842.65,123,At Risk,General Customers
13930.0,56,2,337.34,222,Lost Customers,General Customers
13931.0,94,2,1237.53,223,Lost Customers,General Customers
13932.0,293,1,307.4,112,Lost Customers,General Customers
13933.0,108,2,608.7900000000001,222,Lost Customers,General Customers
13934.0,262,1,922.1,113,Lost Customers,General Customers
13936.0,178,1,376.58,112,Lost Customers,General Customers
13937.0,168,1,158.85,111,Lost Customers,General Customers
13938.0,34,1,71.66,311,Lost Customers,General Customers
13939.0,22,3,568.55,332,Potential Loyalists,General Customers
13940.0,16,4,839.14,433,Champions,General Customers
13941.0,20,5,5112.96,344,Champions,General Customers
13946.0,78,3,561.5699999999999,232,Lost Customers,General Customers
13947.0,64,1,90.6,211,Lost Customers,General Customers
13948.0,359,1,102.0,111,Lost Customers,General Customers
13949.0,1,6,2427.32,444,Champions,General Customers
13950.0,10,4,745.06,433,Champions,General Customers
13951.0,175,3,674.45,133,At Risk,General Customers
13952.0,216,2,3251.071,124,At Risk,General Customers
13953.0,6,7,3515.68,444,Champions,General Customers
13954.0,0,2,439.92,422,Potential Loyalists,General Customers
13955.0,153,2,322.96,122,At Risk,General Customers
13956.0,4,5,1019.27,443,Champions,General Customers
13959.0,78,3,594.04,232,Lost Customers,General Customers
13960.0,20,2,230.22,321,Potential Loyalists,General Customers
13962.0,20,2,169.55,321,Potential Loyalists,General Customers
13963.0,307,4,664.54,132,At Risk,General Customers
13967.0,144,1,80.7,111,Lost Customers,General Customers
13969.0,6,18,9024.17,444,Champions,Champions
13971.0,17,8,2758.26,344,Champions,General Customers
13972.0,69,2,190.25,221,Lost Customers,General Customers
13973.0,286,1,264.7,111,Lost Customers,General Customers
13974.0,48,1,413.59000000000003,312,Lost Customers,General Customers
13975.0,30,6,2461.2400000000002,344,Champions,General Customers
13976.0,205,1,357.98,112,Lost Customers,General Customers
13978.0,13,2,196.79000000000002,421,Potential Loyalists,General Customers
13979.0,72,1,869.87,213,Lost Customers,General Customers
13980.0,59,1,200.14,211,Lost Customers,General Customers
13982.0,38,4,1871.81,334,Champions,General Customers
13983.0,28,12,2603.43,344,Champions,General Customers
13984.0,25,5,920.51,343,Champions,General Customers
13985.0,3,15,7060.13,444,Champions,Champions
13986.0,16,1,320.46,412,Lost Customers,General Customers
13988.0,18,6,4147.96,344,Champions,General Customers
13989.0,64,2,1266.08,223,Lost Customers,General Customers
13990.0,212,1,311.3,112,Lost Customers,General Customers
13991.0,11,6,852.88,443,Champions,General Customers
13992.0,29,1,76.8,311,Lost Customers,General Customers
13993.0,41,9,3466.36,344,Champions,General Customers
13994.0,2,6,2274.14,444,Champions,General Customers
13995.0,14,5,1393.69,443,Champions,General Customers
13999.0,9,12,3901.81,444,Champions,Champions
14000.0,210,1,635.66,112,Lost Customers,General Customers
14001.0,44,3,2043.0800000000002,334,Champions,General Customers
14002.0,133,2,529.73,222,Lost Customers,General Customers
14004.0,42,7,4582.64,344,Champions,General Customers
14005.0,8,5,2874.72,444,Champions,General Customers
14006.0,114,3,962.19,233,Loyal Customers,General Customers
14009.0,197,2,695.61,123,At Risk,General Customers
14012.0,276,1,328.8,112,Lost Customers,General Customers
14013.0,109,3,473.02,232,Lost Customers,General Customers
14014.0,76,1,505.18,212,Lost Customers,General Customers
14015.0,51,1,917.34,213,Lost Customers,General Customers
14016.0,160,4,4341.21,134,At Risk,General Customers
14019.0,45,3,1421.61,333,Champions,General Customers
14020.0,15,2,642.8,422,Potential Loyalists,General Customers
14021.0,154,3,631.9,132,At Risk,General Customers
14022.0,224,1,440.0,112,Lost Customers,General Customers
14023.0,6,2,584.07,422,Potential Loyalists,General Customers
14024.0,120,2,327.7,222,Lost Customers,General Customers
14027.0,59,1,104.82,211,Lost Customers,General Customers
14029.0,62,2,467.66,222,Lost Customers,General Customers
14030.0,17,8,2358.84,344,Champions,General Customers
14031.0,6,19,17286.86,444,Champions,Champions
14032.0,1,11,2975.59,444,Champions,General Customers
14034.0,21,3,648.89,332,Potential Loyalists,General Customers
14035.0,27,5,1428.02,343,Champions,General Customers
14036.0,283,1,626.65,112,Lost Customers,General Customers
14037.0,175,2,147.20000000000002,121,At Risk,General Customers
14038.0,77,3,1560.38,233,Loyal Customers,General Customers
14039.0,32,1,152.2,311,Lost Customers,General Customers
14040.0,39,12,3560.32,344,Champions,General Customers
14041.0,265,1,141.41,111,Lost Customers,General Customers
14044.0,25,4,646.42,332,Potential Loyalists,General Customers
14045.0,108,4,1659.75,233,Loyal Customers,General Customers
14046.0,283,1,154.99,111,Lost Customers,General Customers
14047.0,7,5,1308.6100000000001,443,Champions,General Customers
14048.0,304,1,409.93,112,Lost Customers,General Customers
14049.0,15,4,5578.72,434,Champions,General Customers
14050.0,30,2,746.36,323,Potential Loyalists,General Customers
14051.0,-1,23,15610.390000000001,444,Champions,Champions
14052.0,18,1,225.36,311,Lost Customers,General Customers
14053.0,123,2,260.25,221,Lost Customers,General Customers
14054.0,64,1,92.46,211,Lost Customers,General Customers
14055.0,105,1,725.6400000000001,213,Lost Customers,General Customers
14056.0,0,23,8152.71,444,Champions,Champions
14057.0,22,17,6211.66,344,Champions,Champions
14059.0,265,1,183.6,111,Lost Customers,General Customers
14060.0,3,19,6140.42,444,Champions,Champions
14062.0,8,12,10464.85,444,Champions,Champions
14064.0,28,5,1334.34,343,Champions,General Customers
14066.0,265,1,152.55,111,Lost Customers,General Customers
14067.0,62,2,374.7,222,Lost Customers,General Customers
14068.0,319,1,265.85,111,Lost Customers,General Customers
14071.0,2,8,1437.57,443,Champions,General Customers
14073.0,31,1,151.04,311,Lost Customers,General Customers
14075.0,3,3,942.26,433,Champions,General Customers
14076.0,128,1,118.67,211,Lost Customers,General Customers
14077.0,39,5,499.41999999999996,342,Potential Loyalists,General Customers
14078.0,100,6,1049.37,243,Loyal Customers,General Customers
14079.0,123,1,375.1,212,Lost Customers,General Customers
14080.0,31,1,45.599999999999994,311,Lost Customers,General Customers
14081.0,301,2,921.62,123,At Risk,General Customers
14082.0,363,1,182.25,111,Lost Customers,General Customers
14083.0,3,9,1002.9,443,Champions,General Customers
14085.0,1,18,4421.29,444,Champions,Champions
14087.0,1,1,191.47,411,Lost Customers,General Customers
14088.0,9,13,50491.81,444,Champions,Champions
14089.0,55,1,158.75,211,Lost Customers,General Customers
14090.0,323,1,76.32000000000001,111,Lost Customers,General Customers
14092.0,6,14,4076.91,444,Champions,Champions
14093.0,11,1,433.86,412,Lost Customers,General Customers
14096.0,3,17,65164.79,444,Champions,Champions
14098.0,35,1,147.35,311,Lost Customers,General Customers
14099.0,15,11,3104.17,444,Champions,General Customers
14100.0,136,1,191.95000000000002,211,Lost Customers,General Customers
14101.0,72,6,5976.79,244,Loyal Customers,General Customers
14102.0,4,5,1105.8799999999999,443,Champions,General Customers
14104.0,153,2,216.20999999999998,121,At Risk,General Customers
14105.0,238,1,1266.23,113,Lost Customers,General Customers
14107.0,50,7,2703.23,244,Loyal Customers,General Customers
14108.0,29,2,597.91,322,Potential Loyalists,General Customers
14109.0,71,1,144.2,211,Lost Customers,General Customers
14110.0,2,12,5683.15,444,Champions,Champions
14111.0,13,4,692.85,433,Champions,General Customers
14112.0,21,7,2915.15,344,Champions,General Customers
14113.0,2,4,1840.42,434,Champions,General Customers
14114.0,272,2,386.53,122,At Risk,General Customers
14116.0,18,5,1382.74,343,Champions,General Customers
14117.0,142,1,90.0,111,Lost Customers,General Customers
14121.0,2,4,2780.15,434,Champions,General Customers
14124.0,83,1,419.58000000000004,212,Lost Customers,General Customers
14125.0,9,3,2720.63,434,Champions,General Customers
14126.0,6,3,706.1300000000001,433,Champions,General Customers
14127.0,121,3,709.71,233,Loyal Customers,General Customers
14128.0,59,2,637.5,222,Lost Customers,General Customers
14129.0,0,5,1123.8600000000001,443,Champions,General Customers
14130.0,318,1,480.91,112,Lost Customers,General Customers
14132.0,1,11,3586.0299999999997,444,Champions,General Customers
14133.0,128,3,605.64,232,Lost Customers,General Customers
14135.0,0,15,4690.31,444,Champions,Champions
14138.0,0,2,965.8800000000001,423,Potential Loyalists,General Customers
14139.0,45,1,415.82,312,Lost Customers,General Customers
14140.0,2,2,935.05,423,Potential Loyalists,General Customers
14141.0,1,4,915.13,433,Champions,General Customers
14142.0,372,1,311.81,112,Lost Customers,General Customers
14143.0,132,1,115.8,211,Lost Customers,General Customers
14145.0,45,4,3742.2,334,Champions,General Customers
14146.0,7,5,4191.0,444,Champions,General Customers
14147.0,77,2,483.4,222,Lost Customers,General Customers
14148.0,232,1,157.2,111,Lost Customers,General Customers
14149.0,219,1,446.62,112,Lost Customers,General Customers
14150.0,34,2,658.64,322,Potential Loyalists,General Customers
14152.0,74,2,621.29,222,Lost Customers,General Customers
14154.0,238,2,1345.62,123,At Risk,General Customers
14155.0,265,1,118.75,111,Lost Customers,General Customers
14156.0,8,55,117210.08,444,Champions,Champions
14157.0,18,2,424.89000000000004,322,Potential Loyalists,General Customers
14158.0,39,1,507.66,312,Lost Customers,General Customers
14159.0,18,11,4630.35,344,Champions,Champions
14161.0,214,3,1097.6200000000001,133,At Risk,General Customers
14162.0,172,2,289.36,121,At Risk,General Customers
14163.0,86,4,2445.91,234,Loyal Customers,General Customers
14164.0,69,2,1631.77,223,Lost Customers,General Customers
14165.0,274,1,120.44,111,Lost Customers,General Customers
14167.0,38,4,562.59,332,Potential Loyalists,General Customers
14171.0,97,1,363.79,212,Lost Customers,General Customers
14173.0,9,4,450.84,432,Potential Loyalists,General Customers
14174.0,32,1,134.46,311,Lost Customers,General Customers
14175.0,58,3,3222.3,234,Loyal Customers,General Customers
14176.0,296,4,576.9000000000001,132,At Risk,General Customers
14177.0,85,4,549.46,232,Lost Customers,General Customers
14178.0,7,7,1600.26,443,Champions,General Customers
14179.0,39,2,701.57,323,Potential Loyalists,General Customers
14180.0,9,25,4748.52,444,Champions,Champions
14184.0,65,1,452.89,212,Lost Customers,General Customers
14185.0,330,1,197.65,111,Lost Customers,General Customers
14188.0,29,6,2054.36,344,Champions,General Customers
14189.0,1,15,4654.08,444,Champions,Champions
14191.0,0,13,4684.76,444,Champions,Champions
14193.0,66,2,853.39,223,Lost Customers,General Customers
14194.0,3,21,11349.52,444,Champions,Champions
14195.0,200,2,1012.0,123,At Risk,General Customers
14196.0,105,1,335.52,212,Lost Customers,General Customers
14198.0,17,4,701.4,333,Champions,General Customers
14199.0,217,1,185.39999999999998,111,Lost Customers,General Customers
14201.0,59,7,747.44,243,Loyal Customers,General Customers
14204.0,1,1,150.61,411,Lost Customers,General Customers
14205.0,15,2,466.7,422,Potential Loyalists,General Customers
14206.0,238,1,328.15999999999997,112,Lost Customers,General Customers
14208.0,93,1,151.74,211,Lost Customers,General Customers
14209.0,9,6,2073.43,444,Champions,General Customers
14210.0,104,6,1905.8400000000001,244,Loyal Customers,General Customers
14211.0,52,9,2241.1,244,Loyal Customers,General Customers
14212.0,88,1,1070.48,213,Lost Customers,General Customers
14214.0,29,5,1004.38,343,Champions,General Customers
14215.0,10,6,1789.72,444,Champions,General Customers
14216.0,2,4,1839.3,434,Champions,General Customers
14217.0,0,17,2004.98,444,Champions,Champions
14218.0,41,1,169.48000000000002,311,Lost Customers,General Customers
14219.0,3,1,89.94,411,Lost Customers,General Customers
14220.0,246,2,632.4,122,At Risk,General Customers
14221.0,41,9,3432.8,344,Champions,General Customers
14222.0,176,1,683.17,113,Lost Customers,General Customers
14223.0,91,3,991.13,233,Loyal Customers,General Customers
14224.0,109,4,1009.73,233,Loyal Customers,General Customers
14226.0,27,5,2214.79,344,Champions,General Customers
14227.0,25,10,3350.96,344,Champions,General Customers
14229.0,50,3,1547.2,233,Loyal Customers,General Customers
14231.0,182,3,925.71,133,At Risk,General Customers
14232.0,41,5,2048.07,344,Champions,General Customers
14233.0,48,4,1462.72,333,Champions,General Customers
14234.0,21,4,754.12,333,Champions,General Customers
14235.0,74,5,3144.86,244,Loyal Customers,General Customers
14236.0,79,2,490.86,222,Lost Customers,General Customers
14237.0,372,1,161.0,111,Lost Customers,General Customers
14238.0,325,1,146.85,111,Lost Customers,General Customers
14239.0,42,11,2380.85,344,Champions,General Customers
14240.0,29,2,890.34,323,Potential Loyalists,General Customers
14241.0,182,1,213.70000000000002,111,Lost Customers,General Customers
14242.0,233,2,280.55,121,At Risk,General Customers
14243.0,7,10,2588.77,444,Champions,General Customers
14245.0,218,2,1693.45,124,At Risk,General Customers
14246.0,109,3,1474.06,233,Loyal Customers,General Customers
14247.0,277,1,136.76999999999998,111,Lost Customers,General Customers
14248.0,317,1,302.58,111,Lost Customers,General Customers
14250.0,6,3,1904.05,434,Champions,General Customers
14251.0,0,5,2879.7000000000003,444,Champions,General Customers
14256.0,259,2,969.0600000000001,123,At Risk,General Customers
14257.0,63,5,3099.7200000000003,244,Loyal Customers,General Customers
14258.0,8,9,12669.98,444,Champions,Champions
14259.0,140,1,120.0,211,Lost Customers,General Customers
14261.0,49,2,1163.45,323,Potential Loyalists,General Customers
14262.0,7,8,2618.23,444,Champions,General Customers
14264.0,153,2,333.97,122,At Risk,General Customers
14265.0,108,2,530.18,222,Lost Customers,General Customers
14267.0,161,3,1516.24,133,At Risk,General Customers
14270.0,330,1,492.65000000000003,112,Lost Customers,General Customers
14271.0,224,1,112.32,111,Lost Customers,General Customers
14272.0,72,2,437.96,222,Lost Customers,General Customers
14273.0,50,4,559.97,232,Lost Customers,General Customers
14276.0,97,3,1119.74,233,Loyal Customers,General Customers
14277.0,14,3,4188.0,434,Champions,General Customers
14280.0,195,1,134.04,111,Lost Customers,General Customers
14282.0,2,15,3701.44,444,Champions,Champions
14284.0,29,2,595.25,322,Potential Loyalists,General Customers
14285.0,20,4,1910.01,334,Champions,General Customers
14286.0,22,3,4628.75,334,Champions,General Customers
14287.0,7,3,176.63,431,Potential Loyalists,General Customers
14288.0,212,1,426.6,112,Lost Customers,General Customers
14289.0,7,6,911.26,443,Champions,General Customers
14290.0,10,5,2314.65,444,Champions,General Customers
14291.0,0,11,3883.25,444,Champions,General Customers
14292.0,6,9,4871.93,444,Champions,General Customers
14293.0,2,4,1046.56,433,Champions,General Customers
14295.0,39,1,166.20000000000002,311,Lost Customers,General Customers
14297.0,16,4,1305.33,433,Champions,General Customers
14298.0,7,44,51527.3,444,Champions,Champions
14299.0,7,9,3965.62,444,Champions,General Customers
14300.0,17,1,43.2,311,Lost Customers,General Customers
14301.0,116,1,640.14,212,Lost Customers,General Customers
14304.0,221,1,383.45,112,Lost Customers,General Customers
14305.0,70,3,1858.96,234,Loyal Customers,General Customers
14306.0,50,2,2093.32,224,Lost Customers,General Customers
14307.0,87,6,2995.72,244,Loyal Customers,General Customers
14309.0,7,9,2352.53,444,Champions,General Customers
14311.0,241,1,310.26,112,Lost Customers,General Customers
14312.0,45,6,1611.59,343,Champions,General Customers
14314.0,105,1,120.0,211,Lost Customers,General Customers
14315.0,43,6,2481.13,344,Champions,General Customers
14317.0,63,1,508.58000000000004,212,Lost Customers,General Customers
14320.0,205,2,477.79,122,At Risk,General Customers
14321.0,9,5,1530.75,443,Champions,General Customers
14323.0,113,2,605.0600000000001,222,Lost Customers,General Customers
14326.0,241,1,183.85,111,Lost Customers,General Customers
14327.0,162,1,311.65,112,Lost Customers,General Customers
14329.0,16,7,4975.24,444,Champions,General Customers
14331.0,123,2,462.65999999999997,222,Lost Customers,General Customers
14332.0,21,3,840.21,333,Champions,General Customers
14333.0,66,1,415.2,212,Lost Customers,General Customers
14334.0,15,8,2552.21,444,Champions,General Customers
14335.0,15,2,454.86,422,Potential Loyalists,General Customers
14336.0,15,4,1614.91,433,Champions,General Customers
14338.0,160,2,588.22,122,At Risk,General Customers
14339.0,241,1,309.52,112,Lost Customers,General Customers
14340.0,217,1,134.7,111,Lost Customers,General Customers
14341.0,44,8,2166.98,344,Champions,General Customers
14342.0,20,4,668.5600000000001,332,Potential Loyalists,General Customers
14344.0,126,8,889.9300000000001,243,Loyal Customers,General Customers
14345.0,37,1,108.97999999999999,311,Lost Customers,General Customers
14346.0,119,2,1021.58,223,Lost Customers,General Customers
14348.0,259,1,409.57,112,Lost Customers,General Customers
14349.0,9,1,133.5,411,Lost Customers,General Customers
14350.0,273,1,282.93,111,Lost Customers,General Customers
14351.0,163,1,51.0,111,Lost Customers,General Customers
14352.0,156,4,1078.96,133,At Risk,General Customers
14353.0,214,1,90.6,111,Lost Customers,General Customers
14354.0,4,2,163.62,421,Potential Loyalists,General Customers
14355.0,364,1,174.4,111,Lost Customers,General Customers
14356.0,78,2,701.23,223,Lost Customers,General Customers
14357.0,42,1,225.12,311,Lost Customers,General Customers
14359.0,18,3,912.18,333,Champions,General Customers
14360.0,30,4,2118.03,334,Champions,General Customers
14362.0,21,1,151.5,311,Lost Customers,General Customers
14364.0,107,8,3717.35,244,Loyal Customers,General Customers
14367.0,7,16,9227.82,444,Champions,Champions
14368.0,318,1,155.0,111,Lost Customers,General Customers
14371.0,294,1,100.5,111,Lost Customers,General Customers
14373.0,357,1,76.55,111,Lost Customers,General Customers
14375.0,184,1,235.56,111,Lost Customers,General Customers
14377.0,190,2,617.05,122,At Risk,General Customers
14379.0,43,2,348.1,322,Potential Loyalists,General Customers
14381.0,51,1,202.68,211,Lost Customers,General Customers
14382.0,25,1,615.49,312,Lost Customers,General Customers
14383.0,37,3,1247.69,333,Champions,General Customers
14385.0,8,3,202.11,431,Potential Loyalists,General Customers
14386.0,295,1,142.4,111,Lost Customers,General Customers
14387.0,31,3,1727.6,334,Champions,General Customers
14388.0,9,8,3212.84,444,Champions,General Customers
14389.0,64,2,1043.46,223,Lost Customers,General Customers
14390.0,9,9,4642.57,444,Champions,General Customers
14393.0,217,1,67.95,111,Lost Customers,General Customers
14395.0,1,9,3479.91,444,Champions,General Customers
14396.0,64,2,487.99,222,Lost Customers,General Customers
14397.0,1,19,2612.96,444,Champions,Champions
14400.0,148,1,574.7,112,Lost Customers,General Customers
14401.0,3,13,4051.48,444,Champions,Champions
14403.0,129,4,1475.81,233,Loyal Customers,General Customers
14404.0,32,6,1449.32,343,Champions,General Customers
14406.0,118,1,156.75,211,Lost Customers,General Customers
14407.0,106,6,2157.73,244,Loyal Customers,General Customers
14408.0,9,7,2599.03,444,Champions,General Customers
14409.0,70,6,2059.4500000000003,244,Loyal Customers,General Customers
14410.0,91,9,1100.27,243,Loyal Customers,General Customers
14411.0,309,1,1063.0,113,Lost Customers,General Customers
14412.0,41,2,770.03,323,Potential Loyalists,General Customers
14413.0,361,1,121.05,111,Lost Customers,General Customers
14414.0,90,7,1496.98,243,Loyal Customers,General Customers
14415.0,0,13,5855.57,444,Champions,Champions
14416.0,21,2,490.22,322,Potential Loyalists,General Customers
14418.0,2,3,1937.25,434,Champions,General Customers
14419.0,9,6,1051.79,443,Champions,General Customers
14420.0,98,1,387.52,212,Lost Customers,General Customers
14421.0,56,2,813.11,223,Lost Customers,General Customers
14422.0,-1,6,4263.64,444,Champions,General Customers
14423.0,217,1,265.2,111,Lost Customers,General Customers
14424.0,16,1,322.08,412,Lost Customers,General Customers
14426.0,22,10,4481.67,344,Champions,General Customers
14427.0,49,2,363.34000000000003,322,Potential Loyalists,General Customers
14428.0,6,5,1224.06,443,Champions,General Customers
14431.0,301,1,470.36,112,Lost Customers,General Customers
14432.0,8,6,2248.5,444,Champions,General Customers
14434.0,20,6,1372.8,343,Champions,General Customers
14436.0,97,1,89.06,211,Lost Customers,General Customers
14437.0,364,1,63.0,111,Lost Customers,General Customers
14438.0,305,1,131.9,111,Lost Customers,General Customers
14439.0,318,1,2661.24,114,Lost Customers,General Customers
14440.0,7,5,2357.6800000000003,444,Champions,General Customers
14441.0,-1,4,1712.89,434,Champions,General Customers
14442.0,203,2,1589.82,123,At Risk,General Customers
14443.0,52,4,1420.2,233,Loyal Customers,General Customers
14446.0,-1,4,1010.35,433,Champions,General Customers
14447.0,17,5,1163.23,343,Champions,General Customers
14448.0,8,2,375.35,422,Potential Loyalists,General Customers
14449.0,17,4,885.8,333,Champions,General Customers
14450.0,179,3,483.25,132,At Risk,General Customers
14451.0,59,2,643.9,222,Lost Customers,General Customers
14452.0,9,2,259.05,421,Potential Loyalists,General Customers
14453.0,189,1,119.93,111,Lost Customers,General Customers
14456.0,4,9,3017.28,444,Champions,General Customers
14457.0,309,1,113.64,111,Lost Customers,General Customers
14459.0,154,1,1837.92,114,Lost Customers,General Customers
14460.0,109,3,434.34,232,Lost Customers,General Customers
14461.0,147,3,2103.06,134,At Risk,General Customers
14462.0,65,11,1980.57,244,Loyal Customers,General Customers
14463.0,97,3,529.62,232,Lost Customers,General Customers
14465.0,245,3,1038.44,133,At Risk,General Customers
14466.0,28,7,2272.4,344,Champions,General Customers
14467.0,16,4,596.26,432,Potential Loyalists,General Customers
14470.0,10,2,461.19,422,Potential Loyalists,General Customers
14472.0,102,8,1852.67,244,Loyal Customers,General Customers
14473.0,73,2,234.34000000000003,221,Lost Customers,General Customers
14474.0,45,1,547.66,312,Lost Customers,General Customers
14475.0,70,3,925.85,233,Loyal Customers,General Customers
14476.0,256,1,193.0,111,Lost Customers,General Customers
14477.0,18,4,1309.6,333,Champions,General Customers
14479.0,252,2,316.25,122,At Risk,General Customers
14480.0,10,1,279.05,411,Lost Customers,General Customers
14481.0,163,2,636.51,122,At Risk,General Customers
14482.0,17,6,2022.81,344,Champions,General Customers
14483.0,280,1,137.1,111,Lost Customers,General Customers
14484.0,49,1,321.92,312,Lost Customers,General Customers
14485.0,37,1,162.8,311,Lost Customers,General Customers
14487.0,25,6,1165.48,343,Champions,General Customers
14488.0,66,1,1064.28,213,Lost Customers,General Customers
14489.0,206,1,463.38,112,Lost Customers,General Customers
14491.0,174,2,340.93,122,At Risk,General Customers
14493.0,6,5,2383.2400000000002,444,Champions,General Customers
14494.0,24,1,139.56,311,Lost Customers,General Customers
14495.0,49,2,123.8,321,Potential Loyalists,General Customers
14496.0,310,2,538.8100000000001,122,At Risk,General Customers
14497.0,308,1,475.37,112,Lost Customers,General Customers
14498.0,41,5,1957.32,344,Champions,General Customers
14499.0,25,3,808.44,333,Champions,General Customers
14500.0,87,3,356.85,232,Lost Customers,General Customers
14501.0,182,2,251.21,121,At Risk,General Customers
14502.0,18,11,2429.83,344,Champions,General Customers
14503.0,2,6,3543.26,444,Champions,General Customers
14504.0,46,4,673.26,333,Champions,General Customers
14505.0,16,8,5859.43,444,Champions,General Customers
14506.0,16,5,1960.65,444,Champions,General Customers
14507.0,22,6,1367.88,343,Champions,General Customers
14508.0,21,2,268.05,321,Potential Loyalists,General Customers
14511.0,10,5,1314.81,443,Champions,General Customers
14512.0,186,2,275.28,121,At Risk,General Customers
14513.0,99,3,455.59000000000003,232,Lost Customers,General Customers
14514.0,60,3,990.2,233,Loyal Customers,General Customers
14515.0,16,6,2076.89,444,Champions,General Customers
14517.0,32,2,330.45,322,Potential Loyalists,General Customers
14518.0,63,1,174.37,211,Lost Customers,General Customers
14520.0,0,2,270.6,421,Potential Loyalists,General Customers
14522.0,23,4,974.54,333,Champions,General Customers
14523.0,107,1,241.09,211,Lost Customers,General Customers
14524.0,30,9,1843.83,344,Champions,General Customers
14525.0,18,9,4215.9,344,Champions,General Customers
14527.0,1,55,8507.13,444,Champions,Champions
14528.0,36,1,364.21999999999997,312,Lost Customers,General Customers
14529.0,59,3,578.61,232,Lost Customers,General Customers
14530.0,24,6,2862.11,344,Champions,General Customers
14532.0,235,4,932.85,133,At Risk,General Customers
14533.0,23,7,1949.72,344,Champions,General Customers
14534.0,1,18,4397.3,444,Champions,Champions
14535.0,59,3,2854.84,234,Loyal Customers,General Customers
14536.0,258,1,170.95,111,Lost Customers,General Customers
14537.0,56,1,355.56,212,Lost Customers,General Customers
14538.0,63,2,388.25,222,Lost Customers,General Customers
14539.0,14,2,537.48,422,Potential Loyalists,General Customers
14540.0,8,3,952.66,433,Champions,General Customers
14541.0,57,8,1453.35,243,Loyal Customers,General Customers
14542.0,184,1,103.25,111,Lost Customers,General Customers
14543.0,27,16,3599.73,344,Champions,Champions
14544.0,23,2,2004.3,324,Potential Loyalists,General Customers
14546.0,4,5,2573.93,444,Champions,General Customers
14547.0,2,8,3974.75,444,Champions,General Customers
14548.0,149,2,652.8,122,At Risk,General Customers
14549.0,310,1,289.24,111,Lost Customers,General Customers
14550.0,9,2,757.37,423,Potential Loyalists,General Customers
14551.0,17,2,186.23,321,Potential Loyalists,General Customers
14552.0,150,1,164.22,111,Lost Customers,General Customers
14553.0,18,5,859.27,343,Champions,General Customers
14554.0,9,4,2279.4900000000002,434,Champions,General Customers
14555.0,56,2,312.54,222,Lost Customers,General Customers
14557.0,84,1,788.38,213,Lost Customers,General Customers
14560.0,6,22,2237.77,444,Champions,Champions
14561.0,74,3,1080.76,233,Loyal Customers,General Customers
14562.0,2,18,5006.77,444,Champions,Champions
14565.0,94,4,3099.12,234,Loyal Customers,General Customers
14566.0,109,1,1432.0,213,Lost Customers,General Customers
14567.0,55,2,1530.3600000000001,223,Lost Customers,General Customers
14569.0,0,1,227.39,411,Lost Customers,General Customers
14570.0,279,2,218.06,121,At Risk,General Customers
14572.0,2,7,2804.54,444,Champions,General Customers
14573.0,178,9,1639.82,143,At Risk,General Customers
14576.0,371,1,35.400000000000006,111,Lost Customers,General Customers
14577.0,11,4,859.71,433,Champions,General Customers
14578.0,2,1,168.63,411,Lost Customers,General Customers
14581.0,15,1,138.6,411,Lost Customers,General Customers
14582.0,39,1,114.11,311,Lost Customers,General Customers
14583.0,4,5,986.96,443,Champions,General Customers
14584.0,168,4,1033.06,133,At Risk,General Customers
14585.0,49,1,157.05,311,Lost Customers,General Customers
14586.0,275,1,237.36,111,Lost Customers,General Customers
14587.0,17,9,1580.29,343,Champions,General Customers
14589.0,370,1,39.75,111,Lost Customers,General Customers
14591.0,14,4,1320.21,433,Champions,General Customers
14592.0,34,3,557.94,332,Potential Loyalists,General Customers
14593.0,20,3,617.15,332,Potential Loyalists,General Customers
14594.0,6,2,363.33,422,Potential Loyalists,General Customers
14595.0,18,6,1740.6,344,Champions,General Customers
14597.0,10,2,866.24,423,Potential Loyalists,General Customers
14598.0,43,1,221.97,311,Lost Customers,General Customers
14600.0,304,1,393.33000000000004,112,Lost Customers,General Customers
14601.0,9,1,213.96,411,Lost Customers,General Customers
14603.0,273,1,660.0,112,Lost Customers,General Customers
14606.0,0,93,12076.15,444,Champions,Champions
14607.0,14,14,16209.5,444,Champions,Champions
14608.0,3,4,1785.15,434,Champions,General Customers
14609.0,71,4,601.56,232,Lost Customers,General Customers
14616.0,241,3,406.08000000000004,132,At Risk,General Customers
14618.0,8,3,553.44,432,Potential Loyalists,General Customers
14619.0,244,1,394.44,112,Lost Customers,General Customers
14620.0,204,2,412.78000000000003,122,At Risk,General Customers
14621.0,0,5,1788.3600000000001,444,Champions,General Customers
14622.0,183,1,320.58000000000004,112,Lost Customers,General Customers
14623.0,31,5,886.7,343,Champions,General Customers
14624.0,56,2,225.85,221,Lost Customers,General Customers
14625.0,195,2,899.63,123,At Risk,General Customers
14626.0,22,4,2791.27,334,Champions,General Customers
14628.0,90,2,671.96,223,Lost Customers,General Customers
14629.0,3,2,955.26,423,Potential Loyalists,General Customers
14631.0,49,3,1006.98,333,Champions,General Customers
14632.0,261,1,114.56,111,Lost Customers,General Customers
14633.0,265,1,344.90000000000003,112,Lost Customers,General Customers
14636.0,35,2,609.85,322,Potential Loyalists,General Customers
14638.0,49,1,443.6,312,Lost Customers,General Customers
14639.0,51,6,2984.49,244,Loyal Customers,General Customers
14640.0,23,6,2107.38,344,Champions,General Customers
14641.0,20,1,110.46,311,Lost Customers,General Customers
14642.0,57,1,96.12,211,Lost Customers,General Customers
14643.0,169,2,693.8100000000001,123,At Risk,General Customers
14644.0,66,2,830.76,223,Lost Customers,General Customers
14645.0,155,2,597.09,122,At Risk,General Customers
14646.0,0,73,280206.02,444,Champions,Champions
14647.0,200,1,236.04000000000002,111,Lost Customers,General Customers
14649.0,3,4,1402.59,433,Champions,General Customers
14651.0,66,2,653.75,222,Lost Customers,General Customers
14652.0,76,1,114.18,211,Lost Customers,General Customers
14653.0,0,7,1926.65,444,Champions,General Customers
14655.0,7,4,1932.23,434,Champions,General Customers
14656.0,168,2,291.05,121,At Risk,General Customers
14657.0,16,4,848.22,433,Champions,General Customers
14658.0,4,2,247.15,421,Potential Loyalists,General Customers
14659.0,7,9,2529.93,444,Champions,General Customers
14660.0,85,2,285.74,221,Lost Customers,General Customers
14661.0,25,1,107.95,311,Lost Customers,General Customers
14662.0,27,4,741.37,333,Champions,General Customers
14664.0,18,2,636.24,322,Potential Loyalists,General Customers
14665.0,59,5,1835.7,244,Loyal Customers,General Customers
14666.0,23,1,195.25,311,Lost Customers,General Customers
14667.0,9,25,9175.04,444,Champions,Champions
14669.0,240,3,1259.24,133,At Risk,General Customers
14670.0,279,2,392.86,122,At Risk,General Customers
14672.0,233,2,765.55,123,At Risk,General Customers
14673.0,2,5,1736.4,444,Champions,General Customers
14675.0,15,1,596.36,412,Lost Customers,General Customers
14676.0,30,6,2548.2400000000002,344,Champions,General Customers
14680.0,24,16,28754.11,344,Champions,Champions
14681.0,70,3,498.95,232,Lost Customers,General Customers
14682.0,186,2,52.0,121,At Risk,General Customers
14684.0,24,5,1201.51,343,Champions,General Customers
14687.0,105,1,628.38,212,Lost Customers,General Customers
14688.0,6,21,5579.1,444,Champions,Champions
14689.0,207,1,112.8,111,Lost Customers,General Customers
14690.0,43,2,355.05,322,Potential Loyalists,General Customers
14691.0,29,5,2114.33,344,Champions,General Customers
14692.0,136,4,591.55,232,Lost Customers,General Customers
14693.0,263,1,172.9,111,Lost Customers,General Customers
14696.0,3,7,2078.95,444,Champions,General Customers
14697.0,217,2,188.60999999999999,121,At Risk,General Customers
14698.0,0,5,1217.27,443,Champions,General Customers
14699.0,213,1,109.13000000000001,111,Lost Customers,General Customers
14700.0,31,3,2195.1,334,Champions,General Customers
14701.0,9,9,2526.09,444,Champions,General Customers
14702.0,0,17,3251.79,444,Champions,Champions
14703.0,13,1,318.17,412,Lost Customers,General Customers
14704.0,10,9,1493.96,443,Champions,General Customers
14705.0,197,1,179.0,111,Lost Customers,General Customers
14708.0,1,3,1126.37,433,Champions,General Customers
14709.0,14,13,4921.04,444,Champions,Champions
14710.0,13,4,599.48,432,Potential Loyalists,General Customers
14711.0,9,11,2839.62,444,Champions,General Customers
14712.0,28,3,917.07,333,Champions,General Customers
14713.0,8,11,2662.2,444,Champions,General Customers
14714.0,23,1,160.19,311,Lost Customers,General Customers
14715.0,23,4,867.38,333,Champions,General Customers
14716.0,42,2,307.51,322,Potential Loyalists,General Customers
14719.0,0,5,1581.84,443,Champions,General Customers
14720.0,4,3,663.81,432,Potential Loyalists,General Customers
14722.0,146,1,180.42000000000002,111,Lost Customers,General Customers
14723.0,9,6,1122.3600000000001,443,Champions,General Customers
14725.0,23,1,655.58,312,Lost Customers,General Customers
14727.0,273,1,268.58,111,Lost Customers,General Customers
14729.0,372,1,313.49,112,Lost Customers,General Customers
14730.0,0,8,1897.57,444,Champions,General Customers
14731.0,46,3,380.02,332,Potential Loyalists,General Customers
14732.0,7,8,2702.4900000000002,444,Champions,General Customers
14733.0,15,12,9585.91,444,Champions,Champions
14735.0,2,32,6065.69,444,Champions,Champions
14737.0,2,3,1164.55,433,Champions,General Customers
14738.0,41,7,1314.45,343,Champions,General Customers
14739.0,3,7,3902.28,444,Champions,General Customers
14740.0,196,3,1448.21,133,At Risk,General Customers
14741.0,10,6,1400.34,443,Champions,General Customers
14744.0,15,7,1099.98,443,Champions,General Customers
14745.0,111,5,1220.26,243,Loyal Customers,General Customers
14747.0,248,1,328.2,112,Lost Customers,General Customers
14748.0,28,5,1415.75,343,Champions,General Customers
14752.0,42,1,389.64,312,Lost Customers,General Customers
14753.0,86,1,563.15,212,Lost Customers,General Customers
14754.0,43,2,638.05,322,Potential Loyalists,General Customers
14755.0,8,11,5010.28,444,Champions,Champions
14756.0,14,1,738.96,413,Lost Customers,General Customers
14757.0,74,1,420.5,212,Lost Customers,General Customers
14758.0,143,4,1484.06,133,At Risk,General Customers
14759.0,3,3,1625.97,433,Champions,General Customers
14760.0,296,1,89.2,111,Lost Customers,General Customers
14761.0,57,2,255.9,221,Lost Customers,General Customers
14762.0,262,1,300.52,111,Lost Customers,General Customers
14764.0,45,1,278.3,311,Lost Customers,General Customers
14765.0,28,3,254.11,331,Potential Loyalists,General Customers
14766.0,7,6,2473.37,444,Champions,General Customers
14768.0,16,2,192.60000000000002,421,Potential Loyalists,General Customers
14769.0,1,8,10416.98,444,Champions,Champions
14770.0,231,2,876.42,123,At Risk,General Customers
14772.0,111,1,139.26,211,Lost Customers,General Customers
14775.0,57,3,1011.9,233,Loyal Customers,General Customers
14776.0,50,11,2538.3,244,Loyal Customers,General Customers
14778.0,126,2,730.86,223,Lost Customers,General Customers
14779.0,279,3,386.15,132,At Risk,General Customers
14780.0,53,2,447.68,222,Lost Customers,General Customers
14782.0,318,1,200.10000000000002,111,Lost Customers,General Customers
14784.0,25,2,289.99,321,Potential Loyalists,General Customers
14785.0,9,2,77.4,421,Potential Loyalists,General Customers
14788.0,6,2,679.4399999999999,423,Potential Loyalists,General Customers
14789.0,27,1,197.64,311,Lost Customers,General Customers
14790.0,15,4,745.06,433,Champions,General Customers
14792.0,62,1,6.2,211,Lost Customers,General Customers
14793.0,20,1,228.99,311,Lost Customers,General Customers
14794.0,1,7,1319.91,443,Champions,General Customers
14795.0,165,1,131.45000000000002,111,Lost Customers,General Customers
14796.0,0,17,7975.49,444,Champions,Champions
14798.0,51,3,173.74,231,Lost Customers,General Customers
14799.0,50,1,157.7,211,Lost Customers,General Customers
14800.0,46,12,4331.79,344,Champions,Champions
14801.0,60,1,189.34,211,Lost Customers,General Customers
14803.0,161,3,845.55,133,At Risk,General Customers
14804.0,7,1,353.27,412,Lost Customers,General Customers
14805.0,14,4,546.4,432,Potential Loyalists,General Customers
14806.0,74,1,193.39000000000001,211,Lost Customers,General Customers
14808.0,38,8,2718.6,344,Champions,General Customers
14810.0,39,11,2085.33,344,Champions,General Customers
14813.0,368,2,152.88,121,At Risk,General Customers
14815.0,35,2,778.5,323,Potential Loyalists,General Customers
14816.0,196,1,271.85,111,Lost Customers,General Customers
14817.0,199,2,1110.34,123,At Risk,General Customers
14818.0,72,3,657.8,232,Lost Customers,General Customers
14819.0,63,2,272.07,221,Lost Customers,General Customers
14820.0,20,4,507.29,332,Potential Loyalists,General Customers
14821.0,365,1,48.800000000000004,111,Lost Customers,General Customers
14823.0,179,3,321.43,132,At Risk,General Customers
14824.0,9,4,1127.71,433,Champions,General Customers
14825.0,2,12,2221.01,444,Champions,General Customers
14828.0,195,3,2139.76,134,At Risk,General Customers
14829.0,28,4,697.55,333,Champions,General Customers
14830.0,52,1,188.88,211,Lost Customers,General Customers
14834.0,16,6,1720.3,444,Champions,General Customers
14836.0,9,3,102.44999999999999,431,Potential Loyalists,General Customers
14837.0,88,4,1649.5,233,Loyal Customers,General Customers
14840.0,266,1,62.85,111,Lost Customers,General Customers
14841.0,52,6,3295.76,244,Loyal Customers,General Customers
14842.0,42,4,2824.69,334,Champions,General Customers
14844.0,62,4,3189.81,234,Loyal Customers,General Customers
14847.0,147,1,309.4,112,Lost Customers,General Customers
14849.0,20,25,7930.54,344,Champions,Champions
14850.0,310,1,325.75,112,Lost Customers,General Customers
14851.0,22,2,511.35,322,Potential Loyalists,General Customers
14852.0,57,6,2836.69,244,Loyal Customers,General Customers
14853.0,23,2,475.8,322,Potential Loyalists,General Customers
14854.0,77,7,2740.03,244,Loyal Customers,General Customers
14855.0,118,2,645.65,222,Lost Customers,General Customers
14856.0,35,3,1290.53,333,Champions,General Customers
14857.0,58,2,1173.12,223,Lost Customers,General Customers
14859.0,11,4,1353.74,433,Champions,General Customers
14860.0,18,1,170.32,311,Lost Customers,General Customers
14861.0,51,1,125.79,211,Lost Customers,General Customers
14862.0,24,2,841.1999999999999,323,Potential Loyalists,General Customers
14863.0,28,1,266.76,311,Lost Customers,General Customers
14865.0,6,2,52.2,421,Potential Loyalists,General Customers
14866.0,9,12,14389.9,444,Champions,Champions
14867.0,184,3,710.28,133,At Risk,General Customers
14868.0,2,8,2953.59,444,Champions,General Customers
14869.0,7,2,721.45,423,Potential Loyalists,General Customers
14870.0,260,1,327.25,112,Lost Customers,General Customers
14871.0,2,4,501.28000000000003,432,Potential Loyalists,General Customers
14873.0,209,1,519.68,112,Lost Customers,General Customers
14875.0,106,2,1465.3200000000002,223,Lost Customers,General Customers
14878.0,11,9,1476.09,443,Champions,General Customers
14880.0,76,3,690.59,233,Loyal Customers,General Customers
14881.0,18,1,255.4,311,Lost Customers,General Customers
14882.0,25,2,589.7,322,Potential Loyalists,General Customers
14883.0,17,6,761.59,343,Champions,General Customers
14885.0,130,1,765.3199999999999,213,Lost Customers,General Customers
14886.0,251,1,364.8,112,Lost Customers,General Customers
14887.0,78,1,1862.0,214,Lost Customers,General Customers
14888.0,206,1,369.2,112,Lost Customers,General Customers
14889.0,335,1,135.9,111,Lost Customers,General Customers
14890.0,252,1,125.65,111,Lost Customers,General Customers
14891.0,147,2,554.38,122,At Risk,General Customers
14893.0,8,2,1237.8500000000001,423,Potential Loyalists,General Customers
14894.0,84,1,655.75,212,Lost Customers,General Customers
14895.0,6,20,11138.710000000001,444,Champions,Champions
14896.0,203,2,468.77000000000004,122,At Risk,General Customers
14897.0,6,4,1366.38,433,Champions,General Customers
14898.0,22,6,1269.31,343,Champions,General Customers
14901.0,10,9,1421.29,443,Champions,General Customers
14902.0,24,1,332.66,312,Lost Customers,General Customers
14903.0,20,5,2795.33,344,Champions,General Customers
14904.0,1,2,1025.44,423,Potential Loyalists,General Customers
14905.0,156,2,616.15,122,At Risk,General Customers
14907.0,2,7,3501.1,444,Champions,General Customers
14908.0,73,1,277.8,211,Lost Customers,General Customers
14910.0,1,4,434.35,432,Potential Loyalists,General Customers
14911.0,0,201,143711.17,444,Champions,Champions
14912.0,15,2,867.85,423,Potential Loyalists,General Customers
14913.0,34,4,1227.43,333,Champions,General Customers
14915.0,90,2,307.48,222,Lost Customers,General Customers
14916.0,69,4,1268.98,233,Loyal Customers,General Customers
14918.0,114,2,1610.15,223,Lost Customers,General Customers
14920.0,211,2,977.77,123,At Risk,General Customers
14921.0,29,2,1316.07,323,Potential Loyalists,General Customers
14923.0,49,1,749.1,313,Lost Customers,General Customers
14924.0,244,1,310.05,112,Lost Customers,General Customers
14929.0,31,1,223.88,311,Lost Customers,General Customers
14930.0,107,3,2362.96,234,Loyal Customers,General Customers
14931.0,3,5,1257.68,443,Champions,General Customers
14932.0,364,1,363.53,112,Lost Customers,General Customers
14934.0,80,2,1890.94,224,Lost Customers,General Customers
14935.0,296,1,1784.71,114,Lost Customers,General Customers
14936.0,32,8,8137.02,344,Champions,Champions
14937.0,55,3,1621.88,233,Loyal Customers,General Customers
14944.0,28,12,5900.25,344,Champions,Champions
14946.0,13,1,100.9,411,Lost Customers,General Customers
14947.0,71,2,290.82,221,Lost Customers,General Customers
14948.0,22,6,1101.97,343,Champions,General Customers
14950.0,18,1,371.2,312,Lost Customers,General Customers
14951.0,78,1,311.69,212,Lost Customers,General Customers
14952.0,58,11,8099.49,244,Loyal Customers,Champions
14953.0,24,1,285.67,311,Lost Customers,General Customers
14954.0,11,1,294.85,411,Lost Customers,General Customers
14957.0,252,1,58.49,111,Lost Customers,General Customers
14958.0,146,3,483.72999999999996,132,At Risk,General Customers
14959.0,63,4,695.42,233,Loyal Customers,General Customers
14960.0,7,2,221.27,421,Potential Loyalists,General Customers
14961.0,9,9,7044.68,444,Champions,Champions
14962.0,269,1,126.7,111,Lost Customers,General Customers
14963.0,8,5,1472.34,443,Champions,General Customers
14964.0,246,1,206.21,111,Lost Customers,General Customers
14965.0,95,2,596.09,222,Lost Customers,General Customers
14966.0,13,1,183.02,411,Lost Customers,General Customers
14967.0,48,1,463.8,312,Lost Customers,General Customers
14968.0,29,1,147.59,311,Lost Customers,General Customers
14970.0,67,4,1592.06,233,Loyal Customers,General Customers
14971.0,34,3,1097.98,333,Champions,General Customers
14972.0,127,1,114.77,211,Lost Customers,General Customers
14973.0,106,3,1314.45,233,Loyal Customers,General Customers
14974.0,36,1,89.94,311,Lost Customers,General Customers
14975.0,56,1,279.94,211,Lost Customers,General Customers
14976.0,56,7,790.86,243,Loyal Customers,General Customers
14978.0,71,5,1921.3700000000001,244,Loyal Customers,General Customers
14981.0,245,1,102.12,111,Lost Customers,General Customers
14984.0,18,2,202.37,321,Potential Loyalists,General Customers
14985.0,197,2,292.01,121,At Risk,General Customers
14987.0,14,2,326.4,422,Potential Loyalists,General Customers
14988.0,210,1,334.54,112,Lost Customers,General Customers
14995.0,37,2,231.98000000000002,321,Potential Loyalists,General Customers
14997.0,45,3,546.1999999999999,332,Potential Loyalists,General Customers
14998.0,169,2,414.87,122,At Risk,General Customers
15000.0,46,1,490.52,312,Lost Customers,General Customers
15002.0,114,4,1641.76,233,Loyal Customers,General Customers
15004.0,146,1,1220.77,113,Lost Customers,General Customers
15005.0,14,28,6295.37,444,Champions,Champions
15006.0,50,1,480.38,212,Lost Customers,General Customers
15007.0,158,1,156.91,111,Lost Customers,General Customers
15009.0,11,3,1259.43,433,Champions,General Customers
15010.0,34,1,308.94,312,Lost Customers,General Customers
15012.0,52,2,405.04,222,Lost Customers,General Customers
15014.0,42,2,257.67,321,Potential Loyalists,General Customers
15016.0,171,1,170.04,111,Lost Customers,General Customers
15017.0,32,1,125.58,311,Lost Customers,General Customers
15018.0,37,3,496.21000000000004,332,Potential Loyalists,General Customers
15019.0,265,1,252.81,111,Lost Customers,General Customers
15021.0,7,9,1871.77,444,Champions,General Customers
15022.0,10,4,852.39,433,Champions,General Customers
15023.0,2,11,6720.41,444,Champions,Champions
15024.0,8,10,1636.43,443,Champions,General Customers
15025.0,32,1,361.96,312,Lost Customers,General Customers
15026.0,79,3,469.0,232,Lost Customers,General Customers
15027.0,29,4,1066.1499999999999,333,Champions,General Customers
15028.0,7,4,627.13,432,Potential Loyalists,General Customers
15030.0,70,2,518.28,222,Lost Customers,General Customers
15031.0,3,4,653.19,432,Potential Loyalists,General Customers
15032.0,255,3,4959.1,134,At Risk,General Customers
15033.0,3,10,2557.18,444,Champions,General Customers
15034.0,14,8,4274.16,444,Champions,General Customers
15035.0,88,1,252.73000000000002,211,Lost Customers,General Customers
15036.0,71,3,429.56,232,Lost Customers,General Customers
15038.0,57,6,685.74,243,Loyal Customers,General Customers
15039.0,8,47,19766.59,444,Champions,Champions
15041.0,169,1,179.93,111,Lost Customers,General Customers
15042.0,198,1,135.93,111,Lost Customers,General Customers
15043.0,30,1,537.0,312,Lost Customers,General Customers
15044.0,18,17,7634.7300000000005,344,Champions,Champions
15045.0,150,2,735.66,123,At Risk,General Customers
15046.0,8,15,5090.42,444,Champions,Champions
15047.0,268,1,343.62,112,Lost Customers,General Customers
15048.0,64,4,381.0,232,Lost Customers,General Customers
15049.0,272,1,121.17000000000002,111,Lost Customers,General Customers
15050.0,24,3,1737.69,334,Champions,General Customers
15051.0,22,3,1383.3600000000001,333,Champions,General Customers
15052.0,318,1,207.73000000000002,111,Lost Customers,General Customers
15053.0,3,3,693.95,433,Champions,General Customers
15054.0,11,2,302.1,421,Potential Loyalists,General Customers
15057.0,274,2,1489.5,123,At Risk,General Customers
15058.0,24,11,2102.54,344,Champions,General Customers
15059.0,39,9,1337.72,343,Champions,General Customers
15060.0,7,4,294.25,431,Potential Loyalists,General Customers
15061.0,2,48,54534.14,444,Champions,Champions
15062.0,70,4,987.86,233,Loyal Customers,General Customers
15063.0,212,1,370.79999999999995,112,Lost Customers,General Customers
15065.0,36,4,3158.13,334,Champions,General Customers
15066.0,52,1,893.59,213,Lost Customers,General Customers
15067.0,77,3,1744.76,234,Loyal Customers,General Customers
15068.0,45,2,553.36,322,Potential Loyalists,General Customers
15069.0,178,1,1109.53,113,Lost Customers,General Customers
15070.0,371,1,106.2,111,Lost Customers,General Customers
15071.0,92,2,982.07,223,Lost Customers,General Customers
15073.0,8,3,1043.41,433,Champions,General Customers
15074.0,104,1,735.67,213,Lost Customers,General Customers
15075.0,76,1,773.03,213,Lost Customers,General Customers
15076.0,171,1,880.85,113,Lost Customers,General Customers
15078.0,6,32,9743.11,444,Champions,Champions
15079.0,211,4,895.61,133,At Risk,General Customers
15081.0,21,5,504.8,342,Potential Loyalists,General Customers
15083.0,255,1,88.2,111,Lost Customers,General Customers
15087.0,280,1,306.94,112,Lost Customers,General Customers
15088.0,20,2,1160.07,323,Potential Loyalists,General Customers
15089.0,9,6,2420.84,444,Champions,General Customers
15090.0,307,1,381.32,112,Lost Customers,General Customers
15091.0,66,1,480.71,212,Lost Customers,General Customers
15092.0,214,2,457.81,122,At Risk,General Customers
15093.0,17,6,4597.02,344,Champions,General Customers
15095.0,102,4,1370.6,233,Loyal Customers,General Customers
15096.0,41,1,219.39000000000001,311,Lost Customers,General Customers
15097.0,3,1,248.08,411,Lost Customers,General Customers
15098.0,181,3,39916.5,134,At Risk,Champions
15099.0,83,1,410.48,212,Lost Customers,General Customers
15100.0,332,3,876.0,133,At Risk,General Customers
15101.0,7,2,317.53,422,Potential Loyalists,General Customers
15103.0,30,2,703.36,323,Potential Loyalists,General Customers
15104.0,195,2,993.54,123,At Risk,General Customers
15105.0,17,7,2298.93,344,Champions,General Customers
15106.0,16,5,1422.52,443,Champions,General Customers
15107.0,310,6,319.5,142,At Risk,General Customers
15108.0,140,4,1300.25,233,Loyal Customers,General Customers
15109.0,244,1,484.95,112,Lost Customers,General Customers
15110.0,22,4,996.1,333,Champions,General Customers
15111.0,28,3,1567.48,333,Champions,General Customers
15113.0,8,3,3509.43,434,Champions,General Customers
15114.0,29,10,2760.56,344,Champions,General Customers
15115.0,17,1,340.11,312,Lost Customers,General Customers
15116.0,16,4,1352.75,433,Champions,General Customers
15117.0,13,5,1551.78,443,Champions,General Customers
15118.0,133,1,244.8,211,Lost Customers,General Customers
15119.0,244,1,266.4,111,Lost Customers,General Customers
15120.0,132,1,358.82,212,Lost Customers,General Customers
15121.0,49,2,457.72,322,Potential Loyalists,General Customers
15122.0,113,3,1633.78,233,Loyal Customers,General Customers
15123.0,6,2,2199.31,424,Potential Loyalists,General Customers
15124.0,21,2,184.19,321,Potential Loyalists,General Customers
15125.0,24,15,11528.48,344,Champions,Champions
15127.0,64,1,406.53,212,Lost Customers,General Customers
15128.0,59,4,1471.0,233,Loyal Customers,General Customers
15129.0,49,11,3447.4,344,Champions,General Customers
15130.0,168,1,330.11,112,Lost Customers,General Customers
15132.0,17,5,977.9300000000001,343,Champions,General Customers
15133.0,126,3,982.42,233,Loyal Customers,General Customers
15134.0,13,8,1387.99,443,Champions,General Customers
15135.0,238,1,139.05,111,Lost Customers,General Customers
15136.0,1,4,1286.7,433,Champions,General Customers
15139.0,238,2,178.96,121,At Risk,General Customers
15140.0,51,7,2354.25,244,Loyal Customers,General Customers
15142.0,45,1,498.74,312,Lost Customers,General Customers
15143.0,224,1,259.45,111,Lost Customers,General Customers
15144.0,7,17,6580.44,444,Champions,Champions
15145.0,3,4,1194.73,433,Champions,General Customers
15146.0,163,2,1327.16,123,At Risk,General Customers
15147.0,239,1,623.5,112,Lost Customers,General Customers
15148.0,9,1,301.29,411,Lost Customers,General Customers
15149.0,132,1,520.8000000000001,212,Lost Customers,General Customers
15150.0,16,10,5291.33,444,Champions,Champions
15152.0,8,13,4745.69,444,Champions,Champions
15153.0,30,1,329.25,312,Lost Customers,General Customers
15154.0,74,1,254.28,211,Lost Customers,General Customers
15156.0,0,3,961.49,433,Champions,General Customers
15157.0,2,3,1936.07,434,Champions,General Customers
15158.0,44,1,401.40000000000003,312,Lost Customers,General Customers
15159.0,0,30,18641.010000000002,444,Champions,Champions
15160.0,356,1,158.16,111,Lost Customers,General Customers
15163.0,17,2,304.47,321,Potential Loyalists,General Customers
15164.0,67,3,824.58,233,Loyal Customers,General Customers
15165.0,372,1,487.75,112,Lost Customers,General Customers
15167.0,319,1,158.8,111,Lost Customers,General Customers
15168.0,24,1,106.56,311,Lost Customers,General Customers
15171.0,330,1,1289.5,113,Lost Customers,General Customers
15172.0,7,5,1624.05,443,Champions,General Customers
15174.0,321,1,135.75,111,Lost Customers,General Customers
15175.0,70,1,224.14,211,Lost Customers,General Customers
15178.0,259,1,40.5,111,Lost Customers,General Customers
15179.0,17,5,2206.95,344,Champions,General Customers
15180.0,366,1,87.5,111,Lost Customers,General Customers
15181.0,65,3,689.4799999999999,233,Loyal Customers,General Customers
15182.0,153,2,622.85,122,At Risk,General Customers
15184.0,28,2,402.2,322,Potential Loyalists,General Customers
15185.0,69,1,310.62,212,Lost Customers,General Customers
15186.0,13,2,411.41,422,Potential Loyalists,General Customers
15187.0,0,16,4777.18,444,Champions,Champions
15189.0,0,41,16225.39,444,Champions,Champions
15192.0,118,3,1044.32,233,Loyal Customers,General Customers
15193.0,59,1,499.32,212,Lost Customers,General Customers
15194.0,2,15,7616.53,444,Champions,Champions
15195.0,1,1,3861.0,414,Lost Customers,General Customers
15197.0,9,3,1079.6100000000001,433,Champions,General Customers
15198.0,91,2,193.64,221,Lost Customers,General Customers
15199.0,58,4,1268.7,233,Loyal Customers,General Customers
15201.0,86,5,1236.54,243,Loyal Customers,General Customers
15203.0,24,6,1827.8,344,Champions,General Customers
15204.0,356,1,316.58,112,Lost Customers,General Customers
15205.0,84,2,653.24,222,Lost Customers,General Customers
15206.0,9,4,420.29999999999995,432,Potential Loyalists,General Customers
15208.0,0,5,870.12,443,Champions,General Customers
15210.0,224,1,331.18,112,Lost Customers,General Customers
15211.0,59,2,894.4100000000001,223,Lost Customers,General Customers
15212.0,240,1,101.8,111,Lost Customers,General Customers
15213.0,317,2,328.35,122,At Risk,General Customers
15214.0,0,8,1661.44,444,Champions,General Customers
15215.0,45,3,734.94,333,Champions,General Customers
15216.0,86,1,96.6,211,Lost Customers,General Customers
15218.0,9,11,5756.89,444,Champions,Champions
15219.0,175,1,305.75,111,Lost Customers,General Customers
15220.0,50,6,1778.96,244,Loyal Customers,General Customers
15221.0,365,1,403.25,112,Lost Customers,General Customers
15222.0,317,1,585.0,112,Lost Customers,General Customers
15223.0,224,2,755.75,123,At Risk,General Customers
15224.0,357,2,322.08,122,At Risk,General Customers
15225.0,233,1,409.40000000000003,112,Lost Customers,General Customers
15226.0,309,1,154.41,111,Lost Customers,General Customers
15227.0,35,5,1219.4,343,Champions,General Customers
15228.0,65,4,3386.71,234,Loyal Customers,General Customers
15230.0,238,2,429.6,122,At Risk,General Customers
15232.0,112,2,612.06,222,Lost Customers,General Customers
15234.0,275,1,197.0,111,Lost Customers,General Customers
15235.0,216,12,2247.51,144,At Risk,General Customers
15236.0,297,1,321.05,112,Lost Customers,General Customers
15237.0,0,4,1412.32,433,Champions,General Customers
15238.0,28,3,1071.99,333,Champions,General Customers
15239.0,9,2,780.59,423,Potential Loyalists,General Customers
15240.0,43,5,1706.57,344,Champions,General Customers
15241.0,65,8,1756.44,244,Loyal Customers,General Customers
15243.0,73,1,316.68,212,Lost Customers,General Customers
15244.0,64,2,631.57,222,Lost Customers,General Customers
15245.0,133,3,2515.84,234,Loyal Customers,General Customers
15246.0,237,2,514.15,122,At Risk,General Customers
15247.0,121,1,356.0,212,Lost Customers,General Customers
15249.0,30,13,6688.46,344,Champions,Champions
15251.0,8,11,10484.99,444,Champions,Champions
15252.0,35,2,740.78,323,Potential Loyalists,General Customers
15253.0,15,5,918.1999999999999,443,Champions,General Customers
15254.0,126,1,300.36,211,Lost Customers,General Customers
15255.0,65,1,890.85,213,Lost Customers,General Customers
15256.0,147,1,98.45,111,Lost Customers,General Customers
15257.0,282,1,317.15,112,Lost Customers,General Customers
15258.0,167,2,623.16,122,At Risk,General Customers
15260.0,99,7,1810.77,244,Loyal Customers,General Customers
15261.0,134,1,254.82,211,Lost Customers,General Customers
15262.0,322,1,178.95000000000002,111,Lost Customers,General Customers
15263.0,105,1,156.51,211,Lost Customers,General Customers
15264.0,63,1,393.74,212,Lost Customers,General Customers
15265.0,150,2,1506.1200000000001,123,At Risk,General Customers
15266.0,337,1,119.3,111,Lost Customers,General Customers
15267.0,21,5,1717.36,344,Champions,General Customers
15269.0,22,1,408.8,312,Lost Customers,General Customers
15270.0,14,7,2379.49,444,Champions,General Customers
15271.0,6,15,2493.34,444,Champions,Champions
15272.0,56,2,721.94,223,Lost Customers,General Customers
15274.0,3,2,716.57,423,Potential Loyalists,General Customers
15275.0,36,1,615.14,312,Lost Customers,General Customers
15276.0,65,1,128.63,211,Lost Customers,General Customers
15277.0,45,1,255.89999999999998,311,Lost Customers,General Customers
15279.0,353,1,290.51,111,Lost Customers,General Customers
15280.0,171,1,113.12,111,Lost Customers,General Customers
15281.0,57,9,2332.15,244,Loyal Customers,General Customers
15286.0,48,1,240.55,311,Lost Customers,General Customers
15287.0,21,2,486.69,322,Potential Loyalists,General Customers
15288.0,42,5,2306.52,344,Champions,General Customers
15289.0,28,3,939.78,333,Champions,General Customers
15290.0,3,18,7943.22,444,Champions,Champions
15291.0,24,15,4668.3,344,Champions,Champions
15292.0,200,1,178.39,111,Lost Customers,General Customers
15296.0,49,6,3672.86,344,Champions,General Customers
15297.0,9,3,641.94,432,Potential Loyalists,General Customers
15298.0,1,12,4799.9,444,Champions,Champions
15299.0,66,7,4507.01,244,Loyal Customers,General Customers
15300.0,63,1,496.44,212,Lost Customers,General Customers
15301.0,49,12,5049.95,344,Champions,Champions
15303.0,289,1,574.02,112,Lost Customers,General Customers
15304.0,59,8,694.4000000000001,243,Loyal Customers,General Customers
15306.0,63,3,1174.35,233,Loyal Customers,General Customers
15307.0,94,1,205.3,211,Lost Customers,General Customers
15308.0,273,1,310.47,112,Lost Customers,General Customers
15311.0,-1,91,60632.75,444,Champions,Champions
15312.0,74,4,924.85,233,Loyal Customers,General Customers
15313.0,109,1,52.0,211,Lost Customers,General Customers
15314.0,198,1,327.97,112,Lost Customers,General Customers
15315.0,63,2,570.5,222,Lost Customers,General Customers
15316.0,325,1,165.0,111,Lost Customers,General Customers
15318.0,2,1,312.62,412,Lost Customers,General Customers
15319.0,282,1,204.5,111,Lost Customers,General Customers
15320.0,43,1,267.13,311,Lost Customers,General Customers
15321.0,69,3,2748.31,234,Loyal Customers,General Customers
15322.0,84,1,679.68,213,Lost Customers,General Customers
15325.0,102,1,161.74,211,Lost Customers,General Customers
15326.0,332,1,311.71,112,Lost Customers,General Customers
15327.0,51,1,208.75,211,Lost Customers,General Customers
15329.0,38,3,1049.7,333,Champions,General Customers
15330.0,31,2,714.96,323,Potential Loyalists,General Customers
15332.0,365,4,1661.06,134,At Risk,General Customers
15333.0,207,1,1028.56,113,Lost Customers,General Customers
15334.0,155,3,350.82,132,At Risk,General Customers
15335.0,52,1,170.22,211,Lost Customers,General Customers
15339.0,65,2,574.07,222,Lost Customers,General Customers
15341.0,79,1,2020.52,214,Lost Customers,General Customers
15342.0,128,1,406.09,212,Lost Customers,General Customers
15343.0,86,1,364.5,212,Lost Customers,General Customers
15344.0,-1,3,563.94,432,Potential Loyalists,General Customers
15345.0,44,1,393.54,312,Lost Customers,General Customers
15346.0,331,1,252.42000000000002,111,Lost Customers,General Customers
15347.0,365,1,201.60000000000002,111,Lost Customers,General Customers
15348.0,71,1,158.04,211,Lost Customers,General Customers
15349.0,157,2,463.90999999999997,122,At Risk,General Customers
15350.0,372,1,115.65,111,Lost Customers,General Customers
15351.0,11,7,1934.66,444,Champions,General Customers
15353.0,253,2,770.12,123,At Risk,General Customers
15355.0,28,2,277.05,321,Potential Loyalists,General Customers
15356.0,30,10,2718.03,344,Champions,General Customers
15358.0,3,22,8347.2,444,Champions,Champions
15360.0,38,1,427.93,312,Lost Customers,General Customers
15361.0,360,1,418.92,112,Lost Customers,General Customers
15363.0,371,1,326.0,112,Lost Customers,General Customers
15364.0,94,2,913.19,223,Lost Customers,General Customers
15365.0,24,7,2314.32,344,Champions,General Customers
15366.0,74,2,602.51,222,Lost Customers,General Customers
15367.0,56,4,1877.59,234,Loyal Customers,General Customers
15368.0,20,1,446.94000000000005,312,Lost Customers,General Customers
15370.0,39,7,2386.05,344,Champions,General Customers
15372.0,136,1,2007.3999999999999,214,Lost Customers,General Customers
15373.0,7,12,2415.91,444,Champions,General Customers
15374.0,127,1,168.0,211,Lost Customers,General Customers
15376.0,39,3,1221.56,333,Champions,General Customers
15379.0,168,7,3703.29,144,At Risk,General Customers
15380.0,7,5,1690.2600000000002,444,Champions,General Customers
15381.0,212,2,596.85,122,At Risk,General Customers
15382.0,13,6,5955.71,444,Champions,General Customers
15384.0,168,2,642.41,122,At Risk,General Customers
15385.0,39,1,316.88,312,Lost Customers,General Customers
15386.0,185,1,394.14,112,Lost Customers,General Customers
15388.0,269,1,140.54,111,Lost Customers,General Customers
15389.0,171,1,500.0,112,Lost Customers,General Customers
15392.0,3,4,1535.53,433,Champions,General Customers
15393.0,15,2,231.86,421,Potential Loyalists,General Customers
15394.0,8,4,2183.54,434,Champions,General Customers
15395.0,324,1,107.45,111,Lost Customers,General Customers
15396.0,111,1,288.18,211,Lost Customers,General Customers
15397.0,288,1,94.0,111,Lost Customers,General Customers
15398.0,15,2,1345.53,423,Potential Loyalists,General Customers
15399.0,0,3,815.77,433,Champions,General Customers
15400.0,91,5,716.2,243,Loyal Customers,General Customers
15402.0,147,2,626.77,122,At Risk,General Customers
15405.0,188,1,349.1,112,Lost Customers,General Customers
15406.0,30,2,510.71000000000004,322,Potential Loyalists,General Customers
15407.0,32,4,1046.74,333,Champions,General Customers
15408.0,263,1,267.18,111,Lost Customers,General Customers
15410.0,83,8,3450.84,244,Loyal Customers,General Customers
15411.0,25,4,1348.93,333,Champions,General Customers
15412.0,170,1,190.53,111,Lost Customers,General Customers
15414.0,8,3,774.9000000000001,433,Champions,General Customers
15415.0,312,1,559.61,112,Lost Customers,General Customers
15416.0,63,4,3984.32,234,Loyal Customers,General Customers
15417.0,84,1,508.8,212,Lost Customers,General Customers
15419.0,23,1,135.86,311,Lost Customers,General Customers
15421.0,57,4,950.36,233,Loyal Customers,General Customers
15422.0,322,2,97.7,121,At Risk,General Customers
15423.0,37,1,43.5,311,Lost Customers,General Customers
15424.0,253,2,383.34,122,At Risk,General Customers
15426.0,18,5,1404.07,343,Champions,General Customers
15427.0,32,3,1430.54,333,Champions,General Customers
15428.0,14,1,93.78,411,Lost Customers,General Customers
15429.0,25,2,397.35,322,Potential Loyalists,General Customers
15432.0,22,1,171.19,311,Lost Customers,General Customers
15433.0,212,2,533.3,122,At Risk,General Customers
15434.0,7,5,1041.48,443,Champions,General Customers
15435.0,21,1,149.29,311,Lost Customers,General Customers
15436.0,11,3,1067.75,433,Champions,General Customers
15437.0,261,1,200.16,111,Lost Customers,General Customers
15438.0,130,1,156.57999999999998,211,Lost Customers,General Customers
15440.0,53,3,383.68,232,Lost Customers,General Customers
15442.0,247,1,594.0,112,Lost Customers,General Customers
15443.0,0,7,3213.59,444,Champions,General Customers
15444.0,8,2,1411.21,423,Potential Loyalists,General Customers
15445.0,263,1,113.5,111,Lost Customers,General Customers
15447.0,329,1,155.17,111,Lost Customers,General Customers
15448.0,311,1,494.64,112,Lost Customers,General Customers
15449.0,25,3,974.52,333,Champions,General Customers
15450.0,29,1,429.84,312,Lost Customers,General Customers
15452.0,28,3,528.48,332,Potential Loyalists,General Customers
15453.0,0,7,1371.77,443,Champions,General Customers
15454.0,361,1,179.1,111,Lost Customers,General Customers
15456.0,282,3,434.59000000000003,132,At Risk,General Customers
15457.0,261,1,237.07,111,Lost Customers,General Customers
15458.0,24,1,161.64,311,Lost Customers,General Customers
15460.0,353,1,214.26,111,Lost Customers,General Customers
15462.0,93,3,234.6,231,Lost Customers,General Customers
15463.0,28,1,126.14,311,Lost Customers,General Customers
15464.0,337,1,1044.65,113,Lost Customers,General Customers
15465.0,18,18,7354.62,344,Champions,Champions
15466.0,84,1,334.53,212,Lost Customers,General Customers
15467.0,8,3,524.88,432,Potential Loyalists,General Customers
15468.0,50,2,467.51,222,Lost Customers,General Customers
15469.0,49,2,538.55,322,Potential Loyalists,General Customers
15471.0,1,1,454.48,412,Lost Customers,General Customers
15472.0,112,1,371.56,212,Lost Customers,General Customers
15473.0,13,7,1771.2,444,Champions,General Customers
15475.0,76,1,454.10999999999996,212,Lost Customers,General Customers
15478.0,39,2,1399.92,323,Potential Loyalists,General Customers
15480.0,115,1,905.5,213,Lost Customers,General Customers
15482.0,14,12,10879.76,444,Champions,Champions
15483.0,160,4,225.26,131,At Risk,General Customers
15484.0,0,4,3590.41,434,Champions,General Customers
15485.0,29,3,2564.5,334,Champions,General Customers
15488.0,91,1,91.32000000000001,211,Lost Customers,General Customers
15489.0,21,3,1134.28,333,Champions,General Customers
15491.0,94,6,3100.09,244,Loyal Customers,General Customers
15492.0,27,2,659.4599999999999,322,Potential Loyalists,General Customers
15493.0,31,5,1953.41,344,Champions,General Customers
15494.0,20,2,1280.58,323,Potential Loyalists,General Customers
15497.0,16,2,1262.2,423,Potential Loyalists,General Customers
15498.0,1,27,13316.4,444,Champions,Champions
15500.0,7,4,1131.56,433,Champions,General Customers
15502.0,14,12,10384.93,444,Champions,Champions
15503.0,361,1,141.04,111,Lost Customers,General Customers
15504.0,80,1,52.83,211,Lost Customers,General Customers
15505.0,51,5,3610.96,244,Loyal Customers,General Customers
15506.0,21,3,972.08,333,Champions,General Customers
15507.0,170,1,475.86,112,Lost Customers,General Customers
15508.0,188,6,1000.27,143,At Risk,General Customers
15510.0,329,1,250.0,111,Lost Customers,General Customers
15511.0,10,5,900.53,443,Champions,General Customers
15512.0,154,2,121.0,121,At Risk,General Customers
15513.0,32,19,14758.220000000001,344,Champions,Champions
15514.0,11,11,4023.7200000000003,444,Champions,General Customers
15516.0,43,3,62.43,331,Potential Loyalists,General Customers
15517.0,232,1,267.03,111,Lost Customers,General Customers
15518.0,63,8,1921.55,244,Loyal Customers,General Customers
15520.0,0,1,343.5,412,Lost Customers,General Customers
15521.0,39,8,3000.2,344,Champions,General Customers
15522.0,31,2,397.99,322,Potential Loyalists,General Customers
15523.0,83,1,412.01000000000005,212,Lost Customers,General Customers
15524.0,23,1,440.0,312,Lost Customers,General Customers
15525.0,1,3,734.37,433,Champions,General Customers
15526.0,32,2,148.44,321,Potential Loyalists,General Customers
15527.0,17,8,2428.53,344,Champions,General Customers
15528.0,253,1,229.33,111,Lost Customers,General Customers
15529.0,21,11,3962.6,344,Champions,General Customers
15530.0,20,4,1497.31,333,Champions,General Customers
15531.0,7,2,1972.39,424,Potential Loyalists,General Customers
15532.0,24,4,1564.73,333,Champions,General Customers
15533.0,18,3,807.57,333,Champions,General Customers
15535.0,172,4,502.9,132,At Risk,General Customers
15537.0,162,1,110.92,111,Lost Customers,General Customers
15539.0,6,1,538.46,412,Lost Customers,General Customers
15540.0,10,1,213.3,411,Lost Customers,General Customers
15541.0,113,1,85.13000000000001,211,Lost Customers,General Customers
15543.0,287,1,127.86,111,Lost Customers,General Customers
15544.0,8,9,3546.71,444,Champions,General Customers
15545.0,53,2,288.96999999999997,221,Lost Customers,General Customers
15547.0,6,14,4910.6,444,Champions,Champions
15549.0,76,3,1681.46,234,Loyal Customers,General Customers
15550.0,3,4,575.63,432,Potential Loyalists,General Customers
15551.0,35,1,436.06,312,Lost Customers,General Customers
15552.0,216,1,90.12,111,Lost Customers,General Customers
15553.0,59,1,428.93,212,Lost Customers,General Customers
15554.0,276,1,217.2,111,Lost Customers,General Customers
15555.0,11,16,4794.86,444,Champions,Champions
15556.0,23,1,279.77,311,Lost Customers,General Customers
15557.0,27,1,468.91,312,Lost Customers,General Customers
15561.0,10,4,800.59,433,Champions,General Customers
15562.0,350,1,134.55,111,Lost Customers,General Customers
15563.0,21,4,1400.44,333,Champions,General Customers
15565.0,49,2,173.16,321,Potential Loyalists,General Customers
15567.0,17,1,186.01,311,Lost Customers,General Customers
15568.0,1,3,758.29,433,Champions,General Customers
15569.0,102,5,1375.71,243,Loyal Customers,General Customers
15570.0,6,12,4148.82,444,Champions,Champions
15571.0,10,4,650.4300000000001,432,Potential Loyalists,General Customers
15572.0,3,7,2533.42,444,Champions,General Customers
15573.0,30,2,591.1899999999999,322,Potential Loyalists,General Customers
15574.0,176,4,675.64,133,At Risk,General Customers
15576.0,36,1,921.37,313,Lost Customers,General Customers
15577.0,150,3,258.88,131,At Risk,General Customers
15578.0,161,1,127.1,111,Lost Customers,General Customers
15579.0,67,2,327.6,222,Lost Customers,General Customers
15581.0,119,13,3675.77,244,Loyal Customers,General Customers
15582.0,23,3,682.9100000000001,333,Champions,General Customers
15584.0,22,4,720.86,333,Champions,General Customers
15585.0,175,1,455.3,112,Lost Customers,General Customers
15587.0,49,4,913.6800000000001,333,Champions,General Customers
15589.0,254,3,478.53000000000003,132,At Risk,General Customers
15592.0,45,1,388.58,312,Lost Customers,General Customers
15593.0,69,1,199.8,211,Lost Customers,General Customers
15594.0,14,5,1771.78,444,Champions,General Customers
15596.0,99,5,1406.59,243,Loyal Customers,General Customers
15597.0,34,1,324.57,312,Lost Customers,General Customers
15598.0,52,1,240.68,211,Lost Customers,General Customers
15599.0,25,2,761.74,323,Potential Loyalists,General Customers
15601.0,10,14,6776.56,444,Champions,Champions
15602.0,7,9,1297.8700000000001,443,Champions,General Customers
15603.0,77,1,48.480000000000004,211,Lost Customers,General Customers
15604.0,51,1,216.39,211,Lost Customers,General Customers
15605.0,35,5,1198.23,343,Champions,General Customers
15606.0,60,9,2920.16,244,Loyal Customers,General Customers
15607.0,335,1,104.76,111,Lost Customers,General Customers
15608.0,27,4,1093.68,333,Champions,General Customers
15609.0,183,1,298.48,111,Lost Customers,General Customers
15610.0,50,1,112.46000000000001,211,Lost Customers,General Customers
15611.0,8,13,1591.45,443,Champions,General Customers
15612.0,35,2,195.15,321,Potential Loyalists,General Customers
15615.0,9,23,10399.74,444,Champions,Champions
15618.0,31,4,776.851,333,Champions,General Customers
15619.0,9,1,336.40000000000003,412,Lost Customers,General Customers
15620.0,55,3,1553.18,233,Loyal Customers,General Customers
15621.0,3,4,1293.03,433,Champions,General Customers
15622.0,42,9,3709.56,344,Champions,General Customers
15623.0,140,1,301.03,211,Lost Customers,General Customers
15624.0,115,4,588.13,232,Lost Customers,General Customers
15625.0,102,4,1534.26,233,Loyal Customers,General Customers
15626.0,73,2,675.8,223,Lost Customers,General Customers
15628.0,3,9,2870.2400000000002,444,Champions,General Customers
15630.0,44,2,1186.35,323,Potential Loyalists,General Customers
15632.0,14,8,3285.31,444,Champions,General Customers
15634.0,16,1,243.55,411,Lost Customers,General Customers
15636.0,88,2,724.76,223,Lost Customers,General Customers
15637.0,51,1,223.36,211,Lost Customers,General Customers
15639.0,133,1,425.32,212,Lost Customers,General Customers
15640.0,3,15,12416.11,444,Champions,Champions
15641.0,104,4,1887.2,234,Loyal Customers,General Customers
15643.0,190,3,664.0,132,At Risk,General Customers
15644.0,165,4,803.54,133,At Risk,General Customers
15645.0,17,1,612.01,312,Lost Customers,General Customers
15646.0,156,3,447.64000000000004,132,At Risk,General Customers
15648.0,203,2,639.5,122,At Risk,General Customers
15649.0,335,2,816.0,123,At Risk,General Customers
15651.0,35,3,646.3,332,Potential Loyalists,General Customers
15652.0,90,1,337.74,212,Lost Customers,General Customers
15653.0,91,2,877.4399999999999,223,Lost Customers,General Customers
15654.0,8,2,922.53,423,Potential Loyalists,General Customers
15655.0,242,1,560.67,112,Lost Customers,General Customers
15656.0,44,4,748.5,333,Champions,General Customers
15657.0,21,1,30.0,311,Lost Customers,General Customers
15658.0,189,5,1024.1000000000001,143,At Risk,General Customers
15659.0,42,1,306.45,311,Lost Customers,General Customers
15660.0,24,9,1600.86,343,Champions,General Customers
15661.0,316,2,309.8,122,At Risk,General Customers
15663.0,105,1,138.14,211,Lost Customers,General Customers
15664.0,49,1,386.43,312,Lost Customers,General Customers
15665.0,167,2,2222.21,124,At Risk,General Customers
15667.0,38,1,301.32,311,Lost Customers,General Customers
15668.0,216,1,76.32000000000001,111,Lost Customers,General Customers
15669.0,39,4,684.34,333,Champions,General Customers
15670.0,295,1,173.05,111,Lost Customers,General Customers
15671.0,17,7,2657.13,344,Champions,General Customers
15673.0,87,4,2726.23,234,Loyal Customers,General Customers
15674.0,72,5,2446.6,244,Loyal Customers,General Customers
15675.0,80,3,323.69,232,Lost Customers,General Customers
15676.0,17,3,3435.76,334,Champions,General Customers
15677.0,48,1,657.23,312,Lost Customers,General Customers
15678.0,51,1,352.7,212,Lost Customers,General Customers
15679.0,23,4,781.28,333,Champions,General Customers
15680.0,8,3,1333.68,433,Champions,General Customers
15681.0,24,5,1426.16,343,Champions,General Customers
15683.0,116,1,193.75,211,Lost Customers,General Customers
15687.0,7,9,2993.1,444,Champions,General Customers
15689.0,118,2,254.1,221,Lost Customers,General Customers
15690.0,3,2,239.76,421,Potential Loyalists,General Customers
15691.0,251,1,136.8,111,Lost Customers,General Customers
15692.0,27,1,191.04,311,Lost Customers,General Customers
15694.0,-1,14,6479.4,444,Champions,Champions
15695.0,265,2,409.98,122,At Risk,General Customers
15696.0,32,8,2711.11,344,Champions,General Customers
15699.0,16,1,309.65,412,Lost Customers,General Customers
15700.0,171,2,696.68,123,At Risk,General Customers
15701.0,1,4,1529.0,433,Champions,General Customers
15703.0,263,1,211.5,111,Lost Customers,General Customers
15704.0,139,4,2293.62,234,Loyal Customers,General Customers
15705.0,200,1,143.1,111,Lost Customers,General Customers
15706.0,62,4,1060.56,233,Loyal Customers,General Customers
15707.0,34,4,916.98,333,Champions,General Customers
15708.0,39,7,3235.25,344,Champions,General Customers
15709.0,282,1,133.25,111,Lost Customers,General Customers
15712.0,8,5,1072.3600000000001,443,Champions,General Customers
15713.0,142,2,356.7,122,At Risk,General Customers
15714.0,10,2,330.03000000000003,422,Potential Loyalists,General Customers
15716.0,144,4,1101.1100000000001,133,At Risk,General Customers
15717.0,233,1,150.3,111,Lost Customers,General Customers
15719.0,31,13,5030.07,344,Champions,Champions
15720.0,23,1,598.73,312,Lost Customers,General Customers
15721.0,10,1,471.40000000000003,412,Lost Customers,General Customers
15722.0,34,5,2211.21,344,Champions,General Customers
15723.0,363,1,190.7,111,Lost Customers,General Customers
15724.0,200,2,218.25,121,At Risk,General Customers
15725.0,14,1,415.25,412,Lost Customers,General Customers
15727.0,15,7,5159.06,444,Champions,General Customers
15729.0,211,1,85.0,111,Lost Customers,General Customers
15730.0,64,3,1120.88,233,Loyal Customers,General Customers
15732.0,211,2,294.12,121,At Risk,General Customers
15733.0,281,1,162.3,111,Lost Customers,General Customers
15734.0,113,2,1339.45,223,Lost Customers,General Customers
15737.0,13,8,1188.1200000000001,443,Champions,General Customers
15738.0,17,16,4812.42,344,Champions,Champions
15739.0,65,1,449.12,212,Lost Customers,General Customers
15740.0,48,1,154.88,311,Lost Customers,General Customers
15743.0,15,4,775.96,433,Champions,General Customers
15744.0,76,1,34.8,211,Lost Customers,General Customers
15745.0,18,4,1094.59,333,Champions,General Customers
15746.0,133,1,196.88,211,Lost Customers,General Customers
15747.0,11,3,946.64,433,Champions,General Customers
15748.0,39,1,144.36,311,Lost Customers,General Customers
15749.0,234,3,44534.3,134,At Risk,Champions
15750.0,1,8,2463.05,444,Champions,General Customers
15752.0,38,7,2626.6,344,Champions,General Customers
15753.0,303,1,79.2,111,Lost Customers,General Customers
15754.0,50,3,458.57,232,Lost Customers,General Customers
15755.0,9,6,2364.25,444,Champions,General Customers
15756.0,60,4,528.01,232,Lost Customers,General Customers
15757.0,64,2,714.42,223,Lost Customers,General Customers
15758.0,23,1,205.25,311,Lost Customers,General Customers
15759.0,217,3,253.04,131,At Risk,General Customers
15762.0,64,2,583.75,222,Lost Customers,General Customers
15763.0,30,2,1086.92,323,Potential Loyalists,General Customers
15764.0,87,6,3279.97,244,Loyal Customers,General Customers
15766.0,63,1,315.06,212,Lost Customers,General Customers
15768.0,114,3,621.8299999999999,232,Lost Customers,General Customers
15769.0,6,26,56252.72,444,Champions,Champions
15773.0,4,1,635.6800000000001,412,Lost Customers,General Customers
15774.0,67,1,270.8,211,Lost Customers,General Customers
15775.0,244,1,104.9,111,Lost Customers,General Customers
15776.0,132,1,241.62,211,Lost Customers,General Customers
15777.0,240,4,1047.11,133,At Risk,General Customers
15780.0,182,3,475.28000000000003,132,At Risk,General Customers
15781.0,24,3,345.46,332,Potential Loyalists,General Customers
15782.0,8,3,2614.7400000000002,434,Champions,General Customers
15783.0,9,1,246.3,411,Lost Customers,General Customers
15785.0,31,5,2328.9700000000003,344,Champions,General Customers
15786.0,45,3,4919.0,334,Champions,General Customers
15787.0,25,3,933.26,333,Champions,General Customers
15789.0,357,1,351.3,112,Lost Customers,General Customers
15790.0,9,1,218.75,411,Lost Customers,General Customers
15791.0,42,2,1612.69,323,Potential Loyalists,General Customers
15793.0,13,3,965.61,433,Champions,General Customers
15795.0,148,1,610.01,112,Lost Customers,General Customers
15796.0,0,8,2708.61,444,Champions,General Customers
15797.0,112,4,2207.4,234,Loyal Customers,General Customers
15799.0,74,3,884.14,233,Loyal Customers,General Customers
15800.0,106,2,696.89,223,Lost Customers,General Customers
15801.0,45,3,1063.95,333,Champions,General Customers
15802.0,141,1,451.42,112,Lost Customers,General Customers
15803.0,50,1,415.82000000000005,212,Lost Customers,General Customers
15804.0,-1,13,4206.39,444,Champions,Champions
15805.0,22,17,5488.18,344,Champions,Champions
15806.0,45,3,784.58,333,Champions,General Customers
15807.0,49,3,903.9,333,Champions,General Customers
15808.0,305,4,3651.27,134,At Risk,General Customers
15809.0,35,5,515.77,342,Potential Loyalists,General Customers
15810.0,77,4,1391.98,233,Loyal Customers,General Customers
15811.0,21,6,2218.62,344,Champions,General Customers
15812.0,106,5,1801.14,244,Loyal Customers,General Customers
15813.0,206,2,1303.9099999999999,123,At Risk,General Customers
15814.0,15,4,1945.33,434,Champions,General Customers
15815.0,62,5,2100.6,244,Loyal Customers,General Customers
15819.0,48,4,1905.45,334,Champions,General Customers
15820.0,318,1,206.98,111,Lost Customers,General Customers
15821.0,43,2,570.96,322,Potential Loyalists,General Customers
15822.0,2,2,885.47,423,Potential Loyalists,General Customers
15823.0,371,1,15.0,111,Lost Customers,General Customers
15825.0,171,1,532.94,112,Lost Customers,General Customers
15826.0,55,3,1654.31,233,Loyal Customers,General Customers
15827.0,72,14,1836.0900000000001,244,Loyal Customers,General Customers
15829.0,98,2,636.14,222,Lost Customers,General Customers
15830.0,36,1,576.0,312,Lost Customers,General Customers
15831.0,57,3,794.64,233,Loyal Customers,General Customers
15832.0,253,1,836.79,113,Lost Customers,General Customers
15834.0,69,4,2225.15,234,Loyal Customers,General Customers
15835.0,43,4,954.09,333,Champions,General Customers
15836.0,49,1,137.37,311,Lost Customers,General Customers
15837.0,63,1,391.98,212,Lost Customers,General Customers
15838.0,10,19,33643.08,444,Champions,Champions
15839.0,32,3,1048.49,333,Champions,General Customers
15840.0,57,2,355.56,222,Lost Customers,General Customers
15841.0,71,4,1224.06,233,Loyal Customers,General Customers
15843.0,302,1,118.95000000000002,111,Lost Customers,General Customers
15844.0,45,1,130.73999999999998,311,Lost Customers,General Customers
15845.0,16,8,3711.77,444,Champions,General Customers
15847.0,37,2,389.27,322,Potential Loyalists,General Customers
15850.0,18,2,234.88,321,Potential Loyalists,General Customers
15852.0,185,2,160.71,121,At Risk,General Customers
15853.0,50,1,110.8,211,Lost Customers,General Customers
15854.0,3,12,2969.12,444,Champions,General Customers
15855.0,135,5,712.24,243,Loyal Customers,General Customers
15856.0,3,27,16143.64,444,Champions,Champions
15857.0,17,1,297.0,311,Lost Customers,General Customers
15858.0,14,5,1427.57,443,Champions,General Customers
15860.0,39,8,965.16,343,Champions,General Customers
15861.0,11,8,3146.92,444,Champions,General Customers
15862.0,7,4,832.88,433,Champions,General Customers
15863.0,24,2,68.84,321,Potential Loyalists,General Customers
15864.0,21,6,1936.3200000000002,344,Champions,General Customers
15865.0,39,3,895.13,333,Champions,General Customers
15866.0,100,1,211.89,211,Lost Customers,General Customers
15867.0,4,15,3810.14,444,Champions,Champions
15869.0,276,2,149.64,121,At Risk,General Customers
15870.0,31,1,351.44,312,Lost Customers,General Customers
15872.0,13,2,316.25,422,Potential Loyalists,General Customers
15874.0,62,7,4405.88,244,Loyal Customers,General Customers
15877.0,0,2,490.33,422,Potential Loyalists,General Customers
15880.0,368,1,329.03000000000003,112,Lost Customers,General Customers
15881.0,311,5,501.39000000000004,142,At Risk,General Customers
15882.0,197,4,516.36,132,At Risk,General Customers
15883.0,1,2,396.48,422,Potential Loyalists,General Customers
15885.0,91,3,379.35,232,Lost Customers,General Customers
15886.0,59,1,181.09,211,Lost Customers,General Customers
15888.0,79,1,168.31,211,Lost Customers,General Customers
15889.0,155,2,420.07,122,At Risk,General Customers
15891.0,225,1,511.68,112,Lost Customers,General Customers
15894.0,252,2,258.25,121,At Risk,General Customers
15895.0,148,1,179.17,111,Lost Customers,General Customers
15897.0,193,2,208.59,121,At Risk,General Customers
15898.0,0,5,1383.83,443,Champions,General Customers
15899.0,367,1,56.25,111,Lost Customers,General Customers
15900.0,22,1,337.28,312,Lost Customers,General Customers
15901.0,15,3,351.73,432,Potential Loyalists,General Customers
15903.0,8,7,5126.76,444,Champions,General Customers
15904.0,7,1,164.68,411,Lost Customers,General Customers
15906.0,18,7,1567.69,343,Champions,General Customers
15907.0,2,3,882.72,433,Champions,General Customers
15909.0,172,1,191.94,111,Lost Customers,General Customers
15910.0,-1,8,1228.88,443,Champions,General Customers
15912.0,177,2,264.62,121,At Risk,General Customers
15916.0,15,8,1502.8600000000001,443,Champions,General Customers
15917.0,246,1,123.1,111,Lost Customers,General Customers
15918.0,189,2,334.23,122,At Risk,General Customers
15919.0,18,2,525.69,322,Potential Loyalists,General Customers
15920.0,153,4,167.5,131,At Risk,General Customers
15921.0,171,1,323.03000000000003,112,Lost Customers,General Customers
15922.0,372,1,369.5,112,Lost Customers,General Customers
15923.0,371,1,127.08,111,Lost Customers,General Customers
15925.0,193,1,207.15,111,Lost Customers,General Customers
15930.0,66,1,426.63,212,Lost Customers,General Customers
15932.0,3,8,2495.87,444,Champions,General Customers
15933.0,20,3,1107.46,333,Champions,General Customers
15935.0,238,2,416.86,122,At Risk,General Customers
15937.0,63,1,145.35,211,Lost Customers,General Customers
15938.0,111,5,404.58,242,Lost Customers,General Customers
15939.0,88,15,6115.01,244,Loyal Customers,Champions
15940.0,310,1,35.8,111,Lost Customers,General Customers
15942.0,132,1,337.44,212,Lost Customers,General Customers
15944.0,275,1,325.1,112,Lost Customers,General Customers
15945.0,364,1,181.0,111,Lost Customers,General Customers
15947.0,81,1,1708.24,214,Lost Customers,General Customers
15948.0,7,2,955.24,423,Potential Loyalists,General Customers
15949.0,15,2,364.72,422,Potential Loyalists,General Customers
15950.0,30,4,1744.71,334,Champions,General Customers
15951.0,7,2,708.22,423,Potential Loyalists,General Customers
15952.0,32,4,781.91,333,Champions,General Customers
15953.0,14,8,1657.28,443,Champions,General Customers
15955.0,23,14,4416.26,344,Champions,Champions
15957.0,30,1,428.89,312,Lost Customers,General Customers
15958.0,73,1,104.35,211,Lost Customers,General Customers
15963.0,18,2,470.76,322,Potential Loyalists,General Customers
15965.0,16,4,808.87,433,Champions,General Customers
15967.0,22,2,397.68,322,Potential Loyalists,General Customers
15969.0,1,3,666.1,432,Potential Loyalists,General Customers
15970.0,302,1,314.1,112,Lost Customers,General Customers
15971.0,16,12,4199.85,444,Champions,Champions
15973.0,365,1,307.82000000000005,112,Lost Customers,General Customers
15974.0,38,7,3442.15,344,Champions,General Customers
15975.0,83,1,371.01,212,Lost Customers,General Customers
15976.0,164,2,427.64,122,At Risk,General Customers
15977.0,16,2,1054.73,423,Potential Loyalists,General Customers
15978.0,76,1,1098.78,213,Lost Customers,General Customers
15980.0,87,3,2398.86,234,Loyal Customers,General Customers
15981.0,23,8,3408.48,344,Champions,General Customers
15983.0,21,4,1465.12,333,Champions,General Customers
15984.0,1,10,2780.63,444,Champions,General Customers
15985.0,122,2,1142.42,223,Lost Customers,General Customers
15986.0,29,1,168.12,311,Lost Customers,General Customers
15987.0,11,7,1432.77,443,Champions,General Customers
15988.0,18,1,156.78,311,Lost Customers,General Customers
15990.0,43,2,792.11,323,Potential Loyalists,General Customers
15992.0,2,1,41.989999999999995,411,Lost Customers,General Customers
15993.0,7,7,2777.67,444,Champions,General Customers
15994.0,53,1,414.27,212,Lost Customers,General Customers
15996.0,87,6,1032.58,243,Loyal Customers,General Customers
15998.0,35,5,3080.22,344,Champions,General Customers
16000.0,1,3,12393.7,434,Champions,Champions
16003.0,28,5,2735.37,344,Champions,General Customers
16005.0,11,4,578.71,432,Potential Loyalists,General Customers
16006.0,210,1,101.4,111,Lost Customers,General Customers
16007.0,46,4,1693.81,334,Champions,General Customers
16008.0,22,3,478.78,332,Potential Loyalists,General Customers
16009.0,21,4,972.11,333,Champions,General Customers
16010.0,244,3,392.4,132,At Risk,General Customers
16011.0,7,16,3352.96,444,Champions,Champions
16012.0,34,3,1415.29,333,Champions,General Customers
16013.0,2,47,37130.6,444,Champions,Champions
16014.0,36,3,646.83,332,Potential Loyalists,General Customers
16015.0,2,3,704.55,433,Champions,General Customers
16016.0,2,8,1465.51,443,Champions,General Customers
16017.0,46,1,211.88,311,Lost Customers,General Customers
16018.0,38,2,408.90000000000003,322,Potential Loyalists,General Customers
16019.0,45,9,3786.2400000000002,344,Champions,General Customers
16020.0,15,3,851.01,433,Champions,General Customers
16022.0,259,1,602.63,112,Lost Customers,General Customers
16023.0,45,3,719.81,333,Champions,General Customers
16024.0,11,1,251.03,411,Lost Customers,General Customers
16025.0,28,1,439.65999999999997,312,Lost Customers,General Customers
16026.0,42,1,236.09,311,Lost Customers,General Customers
16027.0,90,6,934.62,243,Loyal Customers,General Customers
16029.0,37,63,80850.84,344,Champions,Champions
16030.0,308,1,331.24,112,Lost Customers,General Customers
16031.0,91,2,547.9,222,Lost Customers,General Customers
16033.0,4,20,8778.82,444,Champions,Champions
16034.0,195,3,437.7,132,At Risk,General Customers
16036.0,86,2,758.92,223,Lost Customers,General Customers
16037.0,268,3,855.02,133,At Risk,General Customers
16038.0,6,3,471.78000000000003,432,Potential Loyalists,General Customers
16040.0,64,3,1313.55,233,Loyal Customers,General Customers
16041.0,29,3,3166.4,334,Champions,General Customers
16042.0,21,5,1177.47,343,Champions,General Customers
16043.0,36,4,773.99,333,Champions,General Customers
16045.0,118,4,1340.7,233,Loyal Customers,General Customers
16048.0,372,2,256.44,121,At Risk,General Customers
16049.0,39,3,1074.81,333,Champions,General Customers
16050.0,172,1,137.9,111,Lost Customers,General Customers
16052.0,53,1,362.06,212,Lost Customers,General Customers
16053.0,31,2,1511.95,323,Potential Loyalists,General Customers
16054.0,144,1,783.9,113,Lost Customers,General Customers
16055.0,219,1,134.8,111,Lost Customers,General Customers
16056.0,44,1,650.75,312,Lost Customers,General Customers
16057.0,15,7,2263.12,444,Champions,General Customers
16059.0,64,6,1453.16,243,Loyal Customers,General Customers
16062.0,8,4,1153.62,433,Champions,General Customers
16063.0,259,1,335.32,112,Lost Customers,General Customers
16065.0,364,1,367.14,112,Lost Customers,General Customers
16066.0,15,5,1521.04,443,Champions,General Customers
16070.0,21,2,852.15,323,Potential Loyalists,General Customers
16071.0,43,1,326.24,312,Lost Customers,General Customers
16072.0,287,1,584.3199999999999,112,Lost Customers,General Customers
16073.0,296,1,122.39999999999999,111,Lost Customers,General Customers
16076.0,2,10,2234.73,444,Champions,General Customers
16078.0,282,1,79.2,111,Lost Customers,General Customers
16079.0,15,3,1352.0,433,Champions,General Customers
16080.0,80,2,217.16,221,Lost Customers,General Customers
16081.0,55,5,2799.42,244,Loyal Customers,General Customers
16083.0,99,2,1317.62,223,Lost Customers,General Customers
16084.0,298,1,436.18,112,Lost Customers,General Customers
16085.0,22,5,981.51,343,Champions,General Customers
16086.0,58,5,1121.39,243,Loyal Customers,General Customers
16091.0,153,2,315.06,122,At Risk,General Customers
16092.0,113,3,817.86,233,Loyal Customers,General Customers
16093.0,105,1,17.0,211,Lost Customers,General Customers
16094.0,10,4,1078.23,433,Champions,General Customers
16096.0,263,1,320.62,112,Lost Customers,General Customers
16097.0,239,1,185.04999999999998,111,Lost Customers,General Customers
16098.0,86,7,2005.63,244,Loyal Customers,General Customers
16099.0,49,3,731.9,333,Champions,General Customers
16101.0,69,1,1290.7,213,Lost Customers,General Customers
16102.0,41,3,1842.14,334,Champions,General Customers
16103.0,6,6,1429.64,443,Champions,General Customers
16104.0,60,1,298.21,211,Lost Customers,General Customers
16105.0,247,1,336.96,112,Lost Customers,General Customers
16106.0,64,1,108.38,211,Lost Customers,General Customers
16107.0,16,7,3204.1600000000003,444,Champions,General Customers
16108.0,83,1,842.5,213,Lost Customers,General Customers
16109.0,217,2,611.88,122,At Risk,General Customers
16110.0,44,3,1320.95,333,Champions,General Customers
16112.0,142,4,195.73999999999998,131,At Risk,General Customers
16113.0,182,1,161.38,111,Lost Customers,General Customers
16114.0,169,1,135.75000000000003,111,Lost Customers,General Customers
16115.0,8,8,1660.8799999999999,444,Champions,General Customers
16116.0,210,1,612.78,112,Lost Customers,General Customers
16117.0,188,1,232.21,111,Lost Customers,General Customers
16119.0,7,2,423.36,422,Potential Loyalists,General Customers
16120.0,58,4,1309.14,233,Loyal Customers,General Customers
16121.0,56,2,854.66,223,Lost Customers,General Customers
16122.0,72,4,684.4200000000001,233,Loyal Customers,General Customers
16123.0,50,1,307.78,212,Lost Customers,General Customers
16124.0,316,1,249.0,111,Lost Customers,General Customers
16125.0,366,1,289.35,111,Lost Customers,General Customers
16126.0,28,4,6287.77,334,Champions,General Customers
16127.0,38,1,656.25,312,Lost Customers,General Customers
16128.0,16,5,1880.22,444,Champions,General Customers
16131.0,50,6,3506.54,244,Loyal Customers,General Customers
16133.0,2,33,14589.04,444,Champions,Champions
16134.0,20,2,618.09,322,Potential Loyalists,General Customers
16135.0,261,1,517.55,112,Lost Customers,General Customers
16136.0,58,3,709.38,233,Loyal Customers,General Customers
16139.0,17,3,635.41,332,Potential Loyalists,General Customers
16140.0,64,2,725.18,223,Lost Customers,General Customers
16141.0,87,1,620.4,212,Lost Customers,General Customers
16142.0,248,1,535.34,112,Lost Customers,General Customers
16143.0,2,6,2424.94,444,Champions,General Customers
16144.0,245,1,175.2,111,Lost Customers,General Customers
16145.0,7,11,3799.4900000000002,444,Champions,General Customers
16146.0,156,3,734.13,133,At Risk,General Customers
16147.0,132,1,375.0,212,Lost Customers,General Customers
16148.0,295,1,76.32000000000001,111,Lost Customers,General Customers
16149.0,3,2,280.52,421,Potential Loyalists,General Customers
16150.0,41,5,2053.02,344,Champions,General Customers
16152.0,267,1,1829.04,114,Lost Customers,General Customers
16153.0,48,5,1824.23,344,Champions,General Customers
16156.0,7,9,3092.04,444,Champions,General Customers
16157.0,14,3,656.69,432,Potential Loyalists,General Customers
16159.0,280,1,348.2,112,Lost Customers,General Customers
16160.0,64,2,1025.44,223,Lost Customers,General Customers
16161.0,0,19,5533.67,444,Champions,Champions
16162.0,251,1,37.4,111,Lost Customers,General Customers
16163.0,231,2,856.6,123,At Risk,General Customers
16164.0,16,3,822.48,433,Champions,General Customers
16168.0,9,27,3787.6,444,Champions,Champions
16169.0,7,4,1822.97,434,Champions,General Customers
16170.0,49,6,1885.05,344,Champions,General Customers
16171.0,58,1,73.2,211,Lost Customers,General Customers
16172.0,94,5,1140.21,243,Loyal Customers,General Customers
16173.0,14,6,1418.32,443,Champions,General Customers
16174.0,125,3,1009.5500000000001,233,Loyal Customers,General Customers
16175.0,93,4,1037.59,233,Loyal Customers,General Customers
16177.0,49,1,331.95,312,Lost Customers,General Customers
16178.0,137,1,197.9,211,Lost Customers,General Customers
16179.0,59,1,215.83,211,Lost Customers,General Customers
16180.0,99,8,10254.18,244,Loyal Customers,Champions
16181.0,72,1,305.54,211,Lost Customers,General Customers
16182.0,71,4,6617.65,234,Loyal Customers,General Customers
16183.0,66,1,338.71000000000004,212,Lost Customers,General Customers
16184.0,63,6,1158.79,243,Loyal Customers,General Customers
16185.0,15,2,529.41,422,Potential Loyalists,General Customers
16186.0,21,12,4006.94,344,Champions,Champions
16187.0,30,15,6911.4400000000005,344,Champions,Champions
16188.0,43,4,981.86,333,Champions,General Customers
16189.0,14,2,215.48,421,Potential Loyalists,General Customers
16190.0,39,1,215.08,311,Lost Customers,General Customers
16191.0,1,13,5180.52,444,Champions,Champions
16193.0,235,1,314.45,112,Lost Customers,General Customers
16198.0,74,1,400.68100000000004,212,Lost Customers,General Customers
16200.0,3,2,1068.8700000000001,423,Potential Loyalists,General Customers
16201.0,2,4,1863.47,434,Champions,General Customers
16202.0,359,1,365.27,112,Lost Customers,General Customers
16203.0,57,4,592.9,232,Lost Customers,General Customers
16204.0,22,1,384.18,312,Lost Customers,General Customers
16205.0,29,4,757.63,333,Champions,General Customers
16206.0,53,4,537.0600000000001,232,Lost Customers,General Customers
16207.0,24,1,394.38,312,Lost Customers,General Customers
16208.0,43,2,664.26,322,Potential Loyalists,General Customers
16209.0,87,5,2262.62,244,Loyal Customers,General Customers
16210.0,0,18,21086.3,444,Champions,Champions
16211.0,87,1,547.02,212,Lost Customers,General Customers
16212.0,18,2,690.34,323,Potential Loyalists,General Customers
16213.0,77,1,159.0,211,Lost Customers,General Customers
16214.0,169,3,1062.75,133,At Risk,General Customers
16215.0,79,1,242.35,211,Lost Customers,General Customers
16216.0,266,1,914.9300000000001,113,Lost Customers,General Customers
16217.0,234,2,304.25,121,At Risk,General Customers
16218.0,28,7,3084.68,344,Champions,General Customers
16221.0,35,3,860.86,333,Champions,General Customers
16222.0,317,1,773.5500000000001,113,Lost Customers,General Customers
16224.0,56,4,1295.3,233,Loyal Customers,General Customers
16225.0,43,5,1096.32,343,Champions,General Customers
16226.0,202,3,255.12,131,At Risk,General Customers
16227.0,224,1,314.22,112,Lost Customers,General Customers
16229.0,86,2,1010.6,223,Lost Customers,General Customers
16230.0,188,2,542.03,122,At Risk,General Customers
16232.0,42,4,990.88,333,Champions,General Customers
16233.0,70,3,536.6800000000001,232,Lost Customers,General Customers
16235.0,39,5,867.31,343,Champions,General Customers
16236.0,77,1,432.2,212,Lost Customers,General Customers
16239.0,55,2,414.2,222,Lost Customers,General Customers
16240.0,23,2,3718.8,324,Potential Loyalists,General Customers
16241.0,8,13,2590.31,444,Champions,General Customers
16242.0,7,7,3579.86,444,Champions,General Customers
16243.0,32,2,409.1,322,Potential Loyalists,General Customers
16244.0,210,2,1522.75,123,At Risk,General Customers
16245.0,22,3,1413.66,333,Champions,General Customers
16247.0,169,1,114.56,111,Lost Customers,General Customers
16248.0,60,1,152.94,211,Lost Customers,General Customers
16249.0,51,5,1800.07,244,Loyal Customers,General Customers
16250.0,260,2,389.44,122,At Risk,General Customers
16253.0,65,2,3683.86,224,Lost Customers,General Customers
16255.0,15,8,2619.91,444,Champions,General Customers
16256.0,265,1,752.4300000000001,113,Lost Customers,General Customers
16257.0,175,1,46.95,111,Lost Customers,General Customers
16258.0,44,5,5203.51,344,Champions,General Customers
16260.0,49,1,1035.45,313,Lost Customers,General Customers
16261.0,16,4,728.54,433,Champions,General Customers
16265.0,8,9,5447.0,444,Champions,General Customers
16266.0,72,7,861.89,243,Loyal Customers,General Customers
16268.0,70,2,667.65,222,Lost Customers,General Customers
16270.0,352,1,1141.24,113,Lost Customers,General Customers
16271.0,1,5,1404.64,443,Champions,General Customers
16272.0,115,1,411.7,212,Lost Customers,General Customers
16274.0,372,1,351.75,112,Lost Customers,General Customers
16275.0,195,1,559.87,112,Lost Customers,General Customers
16276.0,175,1,810.6000000000001,113,Lost Customers,General Customers
16278.0,99,1,566.38,212,Lost Customers,General Customers
16279.0,20,3,1502.78,333,Champions,General Customers
16281.0,71,1,2062.06,214,Lost Customers,General Customers
16282.0,338,1,168.3,111,Lost Customers,General Customers
16283.0,4,5,1570.81,443,Champions,General Customers
16284.0,30,2,812.68,323,Potential Loyalists,General Customers
16287.0,168,1,142.5,111,Lost Customers,General Customers
16292.0,120,1,302.25,211,Lost Customers,General Customers
16293.0,20,10,2248.9900000000002,344,Champions,General Customers
16295.0,8,4,1328.55,433,Champions,General Customers
16297.0,267,1,301.9,111,Lost Customers,General Customers
16298.0,21,3,598.2,332,Potential Loyalists,General Customers
16302.0,125,1,233.22,211,Lost Customers,General Customers
16303.0,24,3,5360.63,334,Champions,General Customers
16305.0,137,1,361.21999999999997,212,Lost Customers,General Customers
16306.0,212,6,632.27,142,At Risk,General Customers
16308.0,36,4,2560.0,334,Champions,General Customers
16309.0,105,2,706.57,223,Lost Customers,General Customers
16311.0,16,2,616.26,422,Potential Loyalists,General Customers
16313.0,2,2,274.15000000000003,421,Potential Loyalists,General Customers
16315.0,329,1,226.37,111,Lost Customers,General Customers
16316.0,63,8,2938.91,244,Loyal Customers,General Customers
16317.0,118,3,1341.65,233,Loyal Customers,General Customers
16318.0,34,1,328.15,312,Lost Customers,General Customers
16319.0,216,1,404.40000000000003,112,Lost Customers,General Customers
16320.0,171,2,1038.46,123,At Risk,General Customers
16321.0,71,5,373.65000000000003,242,Lost Customers,General Customers
16322.0,0,2,326.75,422,Potential Loyalists,General Customers
16323.0,195,1,207.50000000000003,111,Lost Customers,General Customers
16324.0,127,3,408.59000000000003,232,Lost Customers,General Customers
16325.0,45,3,594.24,332,Potential Loyalists,General Customers
16326.0,4,14,3039.2200000000003,444,Champions,Champions
16327.0,13,6,3820.27,444,Champions,General Customers
16330.0,16,3,251.91,431,Potential Loyalists,General Customers
16332.0,27,7,1582.8,343,Champions,General Customers
16333.0,6,22,26626.8,444,Champions,Champions
16337.0,35,1,151.05,311,Lost Customers,General Customers
16338.0,156,1,214.79999999999998,111,Lost Customers,General Customers
16339.0,283,1,94.05,111,Lost Customers,General Customers
16340.0,106,1,534.31,212,Lost Customers,General Customers
16341.0,23,4,1971.87,334,Champions,General Customers
16342.0,74,4,322.41,232,Lost Customers,General Customers
16343.0,15,2,328.58,422,Potential Loyalists,General Customers
16344.0,157,1,101.10000000000001,111,Lost Customers,General Customers
16345.0,43,1,565.46,312,Lost Customers,General Customers
16347.0,10,2,847.45,423,Potential Loyalists,General Customers
16348.0,31,7,1415.65,343,Champions,General Customers
16349.0,289,1,53.5,111,Lost Customers,General Customers
16350.0,20,4,1116.47,333,Champions,General Customers
16351.0,331,1,153.9,111,Lost Customers,General Customers
16352.0,16,2,494.44,422,Potential Loyalists,General Customers
16353.0,2,23,6675.71,444,Champions,Champions
16354.0,62,2,395.8,222,Lost Customers,General Customers
16356.0,196,3,211.77,131,At Risk,General Customers
16357.0,32,3,658.88,332,Potential Loyalists,General Customers
16358.0,0,4,2027.5,434,Champions,General Customers
16359.0,6,9,1750.92,444,Champions,General Customers
16360.0,3,6,3450.41,444,Champions,General Customers
16361.0,8,4,891.21,433,Champions,General Customers
16362.0,31,5,709.99,343,Champions,General Customers
16363.0,52,1,109.36000000000001,211,Lost Customers,General Customers
16364.0,10,2,705.79,423,Potential Loyalists,General Customers
16365.0,16,9,1540.42,443,Champions,General Customers
16366.0,17,1,327.3,312,Lost Customers,General Customers
16367.0,36,2,800.67,323,Potential Loyalists,General Customers
16368.0,1,2,479.91,422,Potential Loyalists,General Customers
16369.0,17,3,1545.41,333,Champions,General Customers
16370.0,81,4,1301.91,233,Loyal Customers,General Customers
16372.0,32,2,355.73,322,Potential Loyalists,General Customers
16374.0,65,2,466.73,222,Lost Customers,General Customers
16376.0,7,2,974.96,423,Potential Loyalists,General Customers
16377.0,266,1,676.2,113,Lost Customers,General Customers
16378.0,246,3,362.95,132,At Risk,General Customers
16379.0,3,4,2157.4,434,Champions,General Customers
16380.0,60,1,1743.1499999999999,214,Lost Customers,General Customers
16383.0,73,2,643.76,222,Lost Customers,General Customers
16384.0,88,2,584.5,222,Lost Customers,General Customers
16385.0,59,3,554.86,232,Lost Customers,General Customers
16386.0,27,2,302.57,321,Potential Loyalists,General Customers
16387.0,321,1,94.36,111,Lost Customers,General Customers
16389.0,52,4,1382.07,233,Loyal Customers,General Customers
16392.0,268,1,217.89,111,Lost Customers,General Customers
16393.0,1,13,3040.96,444,Champions,General Customers
16394.0,55,5,1555.34,243,Loyal Customers,General Customers
16395.0,59,5,1482.06,243,Loyal Customers,General Customers
16398.0,153,2,1705.8,124,At Risk,General Customers
16399.0,18,2,408.02,322,Potential Loyalists,General Customers
16400.0,93,1,303.93,211,Lost Customers,General Customers
16401.0,0,12,4098.32,444,Champions,Champions
16402.0,263,2,293.45,121,At Risk,General Customers
16403.0,311,1,177.5,111,Lost Customers,General Customers
16404.0,69,1,443.05,212,Lost Customers,General Customers
16405.0,301,2,167.25,121,At Risk,General Customers
16406.0,17,1,154.35,311,Lost Customers,General Customers
16407.0,11,10,2079.68,444,Champions,General Customers
16409.0,35,5,2022.98,344,Champions,General Customers
16411.0,18,2,211.7,321,Potential Loyalists,General Customers
16412.0,52,1,135.99,211,Lost Customers,General Customers
16413.0,55,1,262.2,211,Lost Customers,General Customers
16414.0,20,2,126.25,321,Potential Loyalists,General Customers
16415.0,43,1,200.27,311,Lost Customers,General Customers
16416.0,25,3,1051.4,333,Champions,General Customers
16418.0,43,3,631.12,332,Potential Loyalists,General Customers
16419.0,111,6,958.71,243,Loyal Customers,General Customers
16422.0,16,51,34684.4,444,Champions,Champions
16423.0,23,1,346.12,312,Lost Customers,General Customers
16424.0,190,1,133.56,111,Lost Customers,General Customers
16425.0,301,1,302.7,111,Lost Customers,General Customers
16426.0,1,10,1863.76,444,Champions,General Customers
16427.0,262,2,241.06,121,At Risk,General Customers
16429.0,105,1,284.55,211,Lost Customers,General Customers
16430.0,56,1,300.85,211,Lost Customers,General Customers
16431.0,212,3,623.28,132,At Risk,General Customers
16432.0,63,1,287.4,211,Lost Customers,General Customers
16433.0,27,1,184.26,311,Lost Customers,General Customers
16434.0,28,7,1511.8,343,Champions,General Customers
16438.0,4,5,798.35,443,Champions,General Customers
16440.0,6,5,3640.67,444,Champions,General Customers
16441.0,66,2,381.2,222,Lost Customers,General Customers
16442.0,0,3,609.3,432,Potential Loyalists,General Customers
16444.0,45,4,654.67,332,Potential Loyalists,General Customers
16445.0,32,1,230.51,311,Lost Customers,General Customers
16446.0,-1,2,168472.5,424,Potential Loyalists,Champions
16447.0,134,1,255.91,211,Lost Customers,General Customers
16448.0,197,1,182.99,111,Lost Customers,General Customers
16449.0,196,2,707.69,123,At Risk,General Customers
16450.0,148,1,311.92,112,Lost Customers,General Customers
16451.0,86,1,266.97,211,Lost Customers,General Customers
16454.0,43,2,6.9,321,Potential Loyalists,General Customers
16455.0,62,7,1841.18,244,Loyal Customers,General Customers
16456.0,98,5,2158.18,244,Loyal Customers,General Customers
16457.0,217,1,208.36,111,Lost Customers,General Customers
16458.0,1,18,3482.7400000000002,444,Champions,Champions
16460.0,27,3,811.23,333,Champions,General Customers
16461.0,176,1,142.92,111,Lost Customers,General Customers
16462.0,72,3,136.0,231,Lost Customers,General Customers
16463.0,20,4,1422.4,333,Champions,General Customers
16464.0,18,3,1298.66,333,Champions,General Customers
16466.0,32,7,1595.96,343,Champions,General Customers
16468.0,73,1,74.9,211,Lost Customers,General Customers
16469.0,22,4,625.42,332,Potential Loyalists,General Customers
16470.0,50,4,752.77,233,Loyal Customers,General Customers
16471.0,273,1,223.95000000000002,111,Lost Customers,General Customers
16473.0,163,3,316.11,132,At Risk,General Customers
16474.0,6,7,1810.65,444,Champions,General Customers
16475.0,87,4,544.3,232,Lost Customers,General Customers
16477.0,62,7,2494.46,244,Loyal Customers,General Customers
16478.0,24,3,331.0,332,Potential Loyalists,General Customers
16479.0,9,2,300.83,421,Potential Loyalists,General Customers
16480.0,74,1,769.29,213,Lost Customers,General Customers
16482.0,14,1,220.62,411,Lost Customers,General Customers
16483.0,191,1,139.35,111,Lost Customers,General Customers
16484.0,172,2,404.3,122,At Risk,General Customers
16485.0,76,1,363.65,212,Lost Customers,General Customers
16488.0,32,3,498.8,332,Potential Loyalists,General Customers
16491.0,45,1,731.5,313,Lost Customers,General Customers
16493.0,78,4,1351.63,233,Loyal Customers,General Customers
16494.0,295,1,826.53,113,Lost Customers,General Customers
16495.0,2,3,648.26,432,Potential Loyalists,General Customers
16496.0,7,3,1599.52,433,Champions,General Customers
16497.0,48,6,2965.69,344,Champions,General Customers
16498.0,160,2,100.97,121,At Risk,General Customers
16499.0,359,2,365.45,122,At Risk,General Customers
16500.0,3,6,400.86,442,Potential Loyalists,General Customers
16503.0,105,4,1431.93,233,Loyal Customers,General Customers
16504.0,24,1,465.88,312,Lost Customers,General Customers
16505.0,30,1,777.6,313,Lost Customers,General Customers
16506.0,18,2,90.30000000000001,321,Potential Loyalists,General Customers
16509.0,295,1,363.7,112,Lost Customers,General Customers
16510.0,371,1,248.1,111,Lost Customers,General Customers
16511.0,20,3,918.33,333,Champions,General Customers
16513.0,3,4,874.59,433,Champions,General Customers
16515.0,51,5,1624.14,243,Loyal Customers,General Customers
16516.0,29,1,101.69999999999999,311,Lost Customers,General Customers
16517.0,276,1,162.7,111,Lost Customers,General Customers
16518.0,60,2,484.32,222,Lost Customers,General Customers
16519.0,24,2,215.07999999999998,321,Potential Loyalists,General Customers
16520.0,185,3,1046.57,133,At Risk,General Customers
16523.0,0,21,9418.470000000001,444,Champions,Champions
16525.0,1,26,13027.45,444,Champions,Champions
16526.0,170,1,290.36,111,Lost Customers,General Customers
16527.0,80,1,228.06,211,Lost Customers,General Customers
16528.0,2,1,244.41,411,Lost Customers,General Customers
16529.0,189,1,455.25,112,Lost Customers,General Customers
16531.0,21,7,1244.59,343,Champions,General Customers
16532.0,16,3,6748.8,434,Champions,General Customers
16533.0,18,3,1082.81,333,Champions,General Customers
16535.0,4,1,593.75,412,Lost Customers,General Customers
16536.0,109,1,548.12,212,Lost Customers,General Customers
16539.0,1,4,1388.81,433,Champions,General Customers
16542.0,52,1,119.62,211,Lost Customers,General Customers
16545.0,163,1,339.3,112,Lost Customers,General Customers
16546.0,289,2,787.15,123,At Risk,General Customers
16549.0,9,10,4034.9,444,Champions,General Customers
16550.0,107,5,2298.97,244,Loyal Customers,General Customers
16551.0,94,3,922.12,233,Loyal Customers,General Customers
16552.0,241,2,379.73,122,At Risk,General Customers
16553.0,162,12,5719.82,144,At Risk,Champions
16554.0,41,3,837.1,333,Champions,General Customers
16555.0,34,2,285.89,321,Potential Loyalists,General Customers
16556.0,65,7,3313.79,244,Loyal Customers,General Customers
16557.0,23,2,281.85,321,Potential Loyalists,General Customers
16558.0,-1,20,8338.49,444,Champions,Champions
16560.0,25,2,841.41,323,Potential Loyalists,General Customers
16561.0,4,2,511.12,422,Potential Loyalists,General Customers
16563.0,52,1,1077.74,213,Lost Customers,General Customers
16565.0,363,1,173.7,111,Lost Customers,General Customers
16566.0,14,5,614.66,442,Potential Loyalists,General Customers
16567.0,193,2,865.6,123,At Risk,General Customers
16569.0,2,1,124.2,411,Lost Customers,General Customers
16570.0,14,10,3738.4,444,Champions,General Customers
16571.0,25,3,1421.69,333,Champions,General Customers
16572.0,126,3,1009.6,233,Loyal Customers,General Customers
16573.0,83,2,663.61,222,Lost Customers,General Customers
16574.0,70,1,451.44,212,Lost Customers,General Customers
16581.0,181,1,105.84,111,Lost Customers,General Customers
16582.0,112,1,313.62,212,Lost Customers,General Customers
16583.0,372,1,233.45,111,Lost Customers,General Customers
16584.0,79,2,936.08,223,Lost Customers,General Customers
16586.0,247,1,463.95,112,Lost Customers,General Customers
16587.0,231,1,225.15,111,Lost Customers,General Customers
16589.0,70,3,459.24,232,Lost Customers,General Customers
16591.0,67,1,213.5,211,Lost Customers,General Customers
16592.0,3,16,4113.68,444,Champions,Champions
16593.0,49,3,330.03,332,Potential Loyalists,General Customers
16594.0,74,1,181.09,211,Lost Customers,General Customers
16595.0,60,1,360.16,212,Lost Customers,General Customers
16596.0,14,2,250.15,421,Potential Loyalists,General Customers
16597.0,3,1,90.04,411,Lost Customers,General Customers
16598.0,284,1,145.04999999999998,111,Lost Customers,General Customers
16600.0,3,6,813.52,443,Champions,General Customers
16601.0,39,1,242.7,311,Lost Customers,General Customers
16602.0,35,1,528.08,312,Lost Customers,General Customers
16603.0,73,2,482.47,222,Lost Customers,General Customers
16607.0,16,14,3347.71,444,Champions,Champions
16609.0,14,7,5493.46,444,Champions,General Customers
16610.0,218,1,75.66,111,Lost Customers,General Customers
16611.0,185,1,129.49,111,Lost Customers,General Customers
16612.0,31,4,1187.66,333,Champions,General Customers
16613.0,69,1,618.59,212,Lost Customers,General Customers
16614.0,181,1,506.19,122,At Risk,General Customers
16616.0,14,2,500.42,422,Potential Loyalists,General Customers
16617.0,234,1,151.85,121,At Risk,General Customers
16618.0,30,5,2647.59,344,Champions,General Customers
16619.0,262,1,226.21,121,At Risk,General Customers
16620.0,2,2,178.96,421,Potential Loyalists,General Customers
16621.0,50,4,813.48,233,Loyal Customers,General Customers
16623.0,244,1,129.45,121,At Risk,General Customers
16624.0,79,2,810.5699999999999,223,Lost Customers,General Customers
16625.0,273,1,333.08,122,At Risk,General Customers
16626.0,-1,17,4413.1,444,Champions,Champions
16627.0,78,1,322.8,222,Lost Customers,General Customers
16628.0,28,5,2188.05,344,Champions,General Customers
16629.0,72,2,408.63,222,Lost Customers,General Customers
16633.0,16,6,2883.1,444,Champions,General Customers
16634.0,221,2,217.9,121,At Risk,General Customers
16637.0,31,4,1154.47,333,Champions,General Customers
16638.0,21,10,1680.72,344,Champions,General Customers
16639.0,30,3,1257.51,333,Champions,General Customers
16641.0,104,1,231.10000000000002,221,Lost Customers,General Customers
16642.0,3,2,688.33,423,Potential Loyalists,General Customers
16643.0,244,1,487.51,122,At Risk,General Customers
16644.0,176,2,833.78,123,At Risk,General Customers
16647.0,168,2,214.06,121,At Risk,General Customers
16648.0,41,1,290.65999999999997,321,Potential Loyalists,General Customers
16650.0,70,1,518.42,222,Lost Customers,General Customers
16652.0,57,7,6773.97,244,Loyal Customers,General Customers
16653.0,15,2,1212.66,423,Potential Loyalists,General Customers
16654.0,140,4,601.27,232,Lost Customers,General Customers
16655.0,16,6,3789.52,444,Champions,General Customers
16656.0,21,15,8625.8,344,Champions,Champions
16657.0,8,4,874.43,433,Champions,General Customers
16658.0,367,1,123.24,121,At Risk,General Customers
16659.0,188,1,39.12,121,At Risk,General Customers
16660.0,15,4,1267.6499999999999,433,Champions,General Customers
16665.0,361,1,135.39999999999998,121,At Risk,General Customers
16666.0,18,1,118.98,321,Potential Loyalists,General Customers
16667.0,67,2,567.1800000000001,222,Lost Customers,General Customers
16668.0,14,6,306.71999999999997,442,Potential Loyalists,General Customers
16669.0,22,3,1348.88,333,Champions,General Customers
16670.0,15,11,4095.9,444,Champions,General Customers
16671.0,27,3,1692.27,334,Champions,General Customers
16672.0,1,20,8134.9400000000005,444,Champions,Champions
16674.0,53,2,304.24,221,Lost Customers,General Customers
16676.0,32,4,1592.1200000000001,333,Champions,General Customers
16678.0,1,12,3109.99,444,Champions,General Customers
16679.0,365,1,129.75,121,At Risk,General Customers
16680.0,42,1,183.7,321,Potential Loyalists,General Customers
16681.0,71,6,1770.34,244,Loyal Customers,General Customers
16682.0,3,5,1028.0,443,Champions,General Customers
16684.0,3,28,66653.56,444,Champions,Champions
16685.0,60,2,324.24,222,Lost Customers,General Customers
16686.0,46,7,2959.88,344,Champions,General Customers
16688.0,0,4,1260.86,433,Champions,General Customers
16689.0,74,2,422.59999999999997,222,Lost Customers,General Customers
16690.0,71,2,225.57999999999998,221,Lost Customers,General Customers
16692.0,255,2,1276.0,123,At Risk,General Customers
16693.0,67,2,477.86,222,Lost Customers,General Customers
16696.0,134,4,657.9000000000001,232,Lost Customers,General Customers
16697.0,240,1,112.75,121,At Risk,General Customers
16698.0,225,2,1998.0,124,At Risk,General Customers
16700.0,7,13,5076.55,444,Champions,Champions
16701.0,7,13,5398.3,444,Champions,Champions
16705.0,-1,20,14034.99,444,Champions,Champions
16706.0,36,3,531.35,332,Potential Loyalists,General Customers
16708.0,44,1,656.63,322,Potential Loyalists,General Customers
16709.0,83,5,3029.87,244,Loyal Customers,General Customers
16710.0,18,10,2467.99,344,Champions,General Customers
16711.0,2,5,1651.03,443,Champions,General Customers
16712.0,8,11,3611.31,444,Champions,General Customers
16713.0,17,15,6910.78,344,Champions,Champions
16714.0,217,3,1129.06,133,At Risk,General Customers
16715.0,77,1,301.71999999999997,221,Lost Customers,General Customers
16716.0,265,2,901.2,123,At Risk,General Customers
16717.0,22,6,3843.08,344,Champions,General Customers
16718.0,368,1,606.0500000000001,122,At Risk,General Customers
16719.0,13,7,1770.22,444,Champions,General Customers
16720.0,25,1,152.95,321,Potential Loyalists,General Customers
16721.0,261,1,292.47,121,At Risk,General Customers
16722.0,16,13,4730.81,444,Champions,Champions
16723.0,90,2,576.4,222,Lost Customers,General Customers
16725.0,301,7,758.27,143,At Risk,General Customers
16726.0,25,5,1358.74,343,Champions,General Customers
16727.0,363,1,256.32,121,At Risk,General Customers
16728.0,45,4,1048.28,333,Champions,General Customers
16729.0,37,21,7205.33,344,Champions,Champions
16730.0,51,3,743.11,233,Loyal Customers,General Customers
16732.0,30,1,603.75,322,Potential Loyalists,General Customers
16734.0,51,3,646.76,232,Lost Customers,General Customers
16735.0,77,5,2247.41,244,Loyal Customers,General Customers
16737.0,52,1,417.59999999999997,222,Lost Customers,General Customers
16738.0,296,1,3.75,121,At Risk,General Customers
16739.0,175,1,323.0,122,At Risk,General Customers
16742.0,45,1,464.9,322,Potential Loyalists,General Customers
16743.0,28,7,2213.13,344,Champions,General Customers
16744.0,10,7,1291.91,443,Champions,General Customers
16745.0,85,17,7180.7,244,Loyal Customers,Champions
16746.0,3,18,6680.11,444,Champions,Champions
16747.0,36,2,836.06,323,Potential Loyalists,General Customers
16748.0,16,5,1515.9,443,Champions,General Customers
16750.0,43,5,623.93,342,Potential Loyalists,General Customers
16751.0,29,1,1764.72,324,Potential Loyalists,General Customers
16752.0,371,1,207.5,121,At Risk,General Customers
16753.0,57,1,223.92000000000002,221,Lost Customers,General Customers
16754.0,371,1,2002.4,124,At Risk,General Customers
16755.0,113,3,1475.43,233,Loyal Customers,General Customers
16756.0,213,1,239.4,121,At Risk,General Customers
16757.0,317,1,106.83000000000001,121,At Risk,General Customers
16758.0,64,1,369.34000000000003,222,Lost Customers,General Customers
16759.0,6,3,789.79,433,Champions,General Customers
16761.0,95,1,316.62,222,Lost Customers,General Customers
16762.0,18,3,1207.24,333,Champions,General Customers
16763.0,197,1,611.85,122,At Risk,General Customers
16764.0,2,13,2790.9500000000003,444,Champions,General Customers
16765.0,293,1,34.0,121,At Risk,General Customers
16766.0,272,2,1145.6,123,At Risk,General Customers
16767.0,29,11,5575.56,344,Champions,Champions
16768.0,46,3,478.09000000000003,332,Potential Loyalists,General Customers
16769.0,259,1,361.54,122,At Risk,General Customers
16770.0,56,5,757.1,243,Loyal Customers,General Customers
16771.0,32,5,2242.61,344,Champions,General Customers
16773.0,56,1,171.59,221,Lost Customers,General Customers
16774.0,66,4,661.52,232,Lost Customers,General Customers
16775.0,9,11,1691.51,444,Champions,General Customers
16776.0,59,1,371.54,222,Lost Customers,General Customers
16777.0,79,2,222.62,221,Lost Customers,General Customers
16778.0,73,2,245.94,221,Lost Customers,General Customers
16779.0,1,22,10611.720000000001,444,Champions,Champions
16780.0,99,2,422.24,222,Lost Customers,General Customers
16781.0,371,1,311.25,122,At Risk,General Customers
16782.0,9,13,2267.9500000000003,444,Champions,General Customers
16784.0,18,1,107.6,321,Potential Loyalists,General Customers
16788.0,122,2,594.39,222,Lost Customers,General Customers
16789.0,7,1,80.8,421,Potential Loyalists,General Customers
16790.0,2,6,1545.6200000000001,443,Champions,General Customers
16791.0,28,7,1705.78,344,Champions,General Customers
16792.0,281,2,110.38000000000001,121,At Risk,General Customers
16793.0,56,1,243.84,221,Lost Customers,General Customers
16794.0,0,10,1196.5,443,Champions,General Customers
16795.0,364,1,414.88,122,At Risk,General Customers
16796.0,88,1,305.62,221,Lost Customers,General Customers
16800.0,10,1,1162.65,423,Potential Loyalists,General Customers
16801.0,162,4,1594.23,133,At Risk,General Customers
16803.0,64,1,332.3,222,Lost Customers,General Customers
16804.0,22,3,536.99,332,Potential Loyalists,General Customers
16805.0,172,2,460.59,122,At Risk,General Customers
16806.0,102,4,762.16,233,Loyal Customers,General Customers
16807.0,141,3,1121.59,133,At Risk,General Customers
16808.0,98,2,288.42,221,Lost Customers,General Customers
16809.0,22,5,914.69,343,Champions,General Customers
16810.0,191,1,309.54,122,At Risk,General Customers
16811.0,3,2,547.07,422,Potential Loyalists,General Customers
16812.0,359,1,479.35,122,At Risk,General Customers
16813.0,7,10,1652.18,443,Champions,General Customers
16814.0,13,21,6416.7,444,Champions,Champions
16816.0,102,4,417.06,232,Lost Customers,General Customers
16817.0,1,9,1604.75,443,Champions,General Customers
16818.0,9,11,3349.57,444,Champions,General Customers
16820.0,94,1,497.61,222,Lost Customers,General Customers
16823.0,226,1,358.38,122,At Risk,General Customers
16824.0,14,2,460.64,422,Potential Loyalists,General Customers
16825.0,37,2,775.1800000000001,323,Potential Loyalists,General Customers
16826.0,50,1,341.7,222,Lost Customers,General Customers
16828.0,92,2,128.5,221,Lost Customers,General Customers
16829.0,155,1,197.22,121,At Risk,General Customers
16830.0,37,1,325.91,322,Potential Loyalists,General Customers
16832.0,183,3,199.15,131,At Risk,General Customers
16833.0,0,4,1106.53,433,Champions,General Customers
16834.0,226,1,413.46,122,At Risk,General Customers
16835.0,127,2,180.85,221,Lost Customers,General Customers
16836.0,38,2,251.87,321,Potential Loyalists,General Customers
16837.0,30,11,3170.98,344,Champions,General Customers
16838.0,196,2,588.85,122,At Risk,General Customers
16839.0,7,34,16594.35,444,Champions,Champions
16841.0,35,6,1869.82,344,Champions,General Customers
16842.0,99,3,1264.19,233,Loyal Customers,General Customers
16843.0,41,16,10196.57,344,Champions,Champions
16846.0,49,1,214.32,321,Potential Loyalists,General Customers
16847.0,42,1,193.44,321,Potential Loyalists,General Customers
16848.0,51,1,281.42,221,Lost Customers,General Customers
16849.0,185,1,124.57,121,At Risk,General Customers
16850.0,332,1,332.41,122,At Risk,General Customers
16851.0,3,3,342.45,432,Potential Loyalists,General Customers
16852.0,9,2,144.91000000000003,421,Potential Loyalists,General Customers
16855.0,22,2,328.4,322,Potential Loyalists,General Customers
16856.0,13,1,35.400000000000006,421,Potential Loyalists,General Customers
16858.0,367,1,375.69000000000005,122,At Risk,General Customers
16859.0,143,2,747.81,123,At Risk,General Customers
16861.0,58,2,173.76,221,Lost Customers,General Customers
16863.0,30,2,502.8,322,Potential Loyalists,General Customers
16866.0,139,3,207.73999999999998,231,Lost Customers,General Customers
16869.0,21,4,817.12,333,Champions,General Customers
16871.0,21,6,2812.34,344,Champions,General Customers
16872.0,76,3,680.02,233,Loyal Customers,General Customers
16873.0,3,6,7123.62,444,Champions,General Customers
16875.0,66,5,2095.53,244,Loyal Customers,General Customers
16877.0,11,6,846.62,443,Champions,General Customers
16878.0,83,1,13.3,221,Lost Customers,General Customers
16880.0,29,7,1491.43,343,Champions,General Customers
16881.0,65,1,432.0,222,Lost Customers,General Customers
16882.0,65,3,705.12,233,Loyal Customers,General Customers
16883.0,186,2,272.48,121,At Risk,General Customers
16884.0,36,2,429.84000000000003,322,Potential Loyalists,General Customers
16885.0,14,3,450.41,432,Potential Loyalists,General Customers
16887.0,34,1,192.32999999999998,321,Potential Loyalists,General Customers
16889.0,193,3,1578.67,133,At Risk,General Customers
16891.0,0,5,742.43,443,Champions,General Customers
16892.0,0,5,518.19,442,Potential Loyalists,General Customers
16893.0,365,1,145.93,121,At Risk,General Customers
16895.0,63,1,202.27,221,Lost Customers,General Customers
16897.0,298,2,289.78,121,At Risk,General Customers
16898.0,25,3,501.03,332,Potential Loyalists,General Customers
16899.0,6,6,1271.06,443,Champions,General Customers
16900.0,15,3,887.11,433,Champions,General Customers
16902.0,115,1,1706.88,224,Lost Customers,General Customers
16903.0,28,1,363.2,322,Potential Loyalists,General Customers
16904.0,3,16,3653.75,444,Champions,Champions
16905.0,4,7,3037.6,444,Champions,General Customers
16906.0,80,4,559.59,232,Lost Customers,General Customers
16907.0,28,5,928.76,343,Champions,General Customers
16909.0,71,1,379.14,222,Lost Customers,General Customers
16910.0,3,8,1508.96,443,Champions,General Customers
16912.0,27,11,2555.58,344,Champions,General Customers
16913.0,289,1,113.44,121,At Risk,General Customers
16914.0,35,1,183.76,321,Potential Loyalists,General Customers
16915.0,8,6,621.6800000000001,442,Potential Loyalists,General Customers
16916.0,22,2,562.41,322,Potential Loyalists,General Customers
16917.0,275,1,391.52,122,At Risk,General Customers
16918.0,48,6,1068.82,343,Champions,General Customers
16919.0,155,11,2592.25,144,At Risk,General Customers
16921.0,60,1,154.18,221,Lost Customers,General Customers
16923.0,11,19,7069.08,444,Champions,Champions
16924.0,20,3,829.89,333,Champions,General Customers
16926.0,370,1,230.25,121,At Risk,General Customers
16927.0,114,3,543.05,232,Lost Customers,General Customers
16928.0,79,17,2814.7,244,Loyal Customers,Champions
16929.0,2,7,1295.39,443,Champions,General Customers
16930.0,25,3,378.89,332,Potential Loyalists,General Customers
16931.0,4,21,4554.87,444,Champions,Champions
16932.0,52,1,150.23000000000002,221,Lost Customers,General Customers
16933.0,0,2,563.23,422,Potential Loyalists,General Customers
16934.0,53,2,931.03,223,Lost Customers,General Customers
16936.0,24,1,261.9,321,Potential Loyalists,General Customers
16938.0,7,4,2711.6800000000003,434,Champions,General Customers
16940.0,51,3,3049.88,234,Loyal Customers,General Customers
16942.0,11,9,1904.99,444,Champions,General Customers
16943.0,210,3,816.73,133,At Risk,General Customers
16945.0,20,19,4345.5,344,Champions,Champions
16947.0,234,1,406.48,122,At Risk,General Customers
16948.0,137,3,435.02,232,Lost Customers,General Customers
16949.0,2,6,1286.27,443,Champions,General Customers
16950.0,55,3,1178.56,233,Loyal Customers,General Customers
16951.0,133,3,1277.75,233,Loyal Customers,General Customers
16952.0,108,2,167.61,221,Lost Customers,General Customers
16953.0,29,1,20.8,321,Potential Loyalists,General Customers
16954.0,-1,9,2085.08,444,Champions,General Customers
16955.0,183,4,518.67,132,At Risk,General Customers
16956.0,16,1,308.74,422,Potential Loyalists,General Customers
16957.0,238,2,416.64,122,At Risk,General Customers
16959.0,86,1,117.35000000000001,221,Lost Customers,General Customers
16960.0,37,3,507.05,332,Potential Loyalists,General Customers
16961.0,115,1,234.17,221,Lost Customers,General Customers
16963.0,186,1,110.55000000000001,121,At Risk,General Customers
16965.0,225,1,201.19,121,At Risk,General Customers
16966.0,7,7,2154.97,444,Champions,General Customers
16967.0,188,1,319.02,122,At Risk,General Customers
16968.0,3,2,439.43,422,Potential Loyalists,General Customers
16969.0,38,3,650.41,332,Potential Loyalists,General Customers
16971.0,37,1,357.21,322,Potential Loyalists,General Customers
16976.0,266,1,251.51999999999998,121,At Risk,General Customers
16978.0,76,1,344.33,222,Lost Customers,General Customers
16979.0,2,6,1852.0,444,Champions,General Customers
16980.0,254,2,1028.46,123,At Risk,General Customers
16982.0,59,1,384.06,222,Lost Customers,General Customers
16983.0,11,7,1905.87,444,Champions,General Customers
16984.0,87,2,4459.52,224,Lost Customers,General Customers
16985.0,16,10,5464.12,444,Champions,Champions
16986.0,28,2,1873.2,324,Potential Loyalists,General Customers
16987.0,2,7,1616.8,443,Champions,General Customers
16988.0,4,1,126.12,421,Potential Loyalists,General Customers
16989.0,6,6,1133.25,443,Champions,General Customers
16990.0,217,1,179.0,121,At Risk,General Customers
16992.0,9,5,1614.31,443,Champions,General Customers
16996.0,29,6,1456.96,343,Champions,General Customers
16997.0,287,3,702.0,133,At Risk,General Customers
16998.0,148,4,295.0,131,At Risk,General Customers
16999.0,22,2,484.82,322,Potential Loyalists,General Customers
17001.0,-1,11,3989.57,444,Champions,General Customers
17002.0,84,3,1493.73,233,Loyal Customers,General Customers
17004.0,45,2,1312.1399999999999,323,Potential Loyalists,General Customers
17006.0,3,4,781.78,433,Champions,General Customers
17007.0,49,6,889.9300000000001,343,Champions,General Customers
17010.0,17,1,195.36,321,Potential Loyalists,General Customers
17011.0,29,1,270.9,321,Potential Loyalists,General Customers
17014.0,7,3,583.4300000000001,432,Potential Loyalists,General Customers
17015.0,27,3,1838.6100000000001,334,Champions,General Customers
17017.0,1,20,8694.26,444,Champions,Champions
17018.0,39,2,920.1,323,Potential Loyalists,General Customers
17019.0,10,4,1258.08,433,Champions,General Customers
17022.0,30,1,71.0,321,Potential Loyalists,General Customers
17024.0,44,3,95.85,331,Potential Loyalists,General Customers
17025.0,59,3,357.77,232,Lost Customers,General Customers
17026.0,184,2,154.82999999999998,121,At Risk,General Customers
17027.0,77,6,877.5600000000001,243,Loyal Customers,General Customers
17029.0,109,2,716.0,223,Lost Customers,General Customers
17030.0,62,1,146.87,221,Lost Customers,General Customers
17031.0,10,2,380.35,422,Potential Loyalists,General Customers
17033.0,85,3,1030.14,233,Loyal Customers,General Customers
17034.0,15,3,745.52,433,Champions,General Customers
17035.0,244,2,433.53000000000003,122,At Risk,General Customers
17037.0,86,1,1267.32,223,Lost Customers,General Customers
17038.0,29,1,112.4,321,Potential Loyalists,General Customers
17040.0,136,1,449.73,222,Lost Customers,General Customers
17041.0,25,3,1071.49,333,Champions,General Customers
17042.0,1,5,1036.58,443,Champions,General Customers
17043.0,31,4,1735.18,334,Champions,General Customers
17044.0,24,1,948.48,323,Potential Loyalists,General Customers
17045.0,112,3,339.44,232,Lost Customers,General Customers
17046.0,156,1,642.02,122,At Risk,General Customers
17047.0,84,3,1100.9,233,Loyal Customers,General Customers
17048.0,116,3,925.35,233,Loyal Customers,General Customers
17049.0,1,9,5655.03,444,Champions,Champions
17050.0,95,6,3185.64,244,Loyal Customers,General Customers
17051.0,193,1,240.89000000000001,121,At Risk,General Customers
17052.0,27,1,399.09,322,Potential Loyalists,General Customers
17053.0,129,1,498.48,222,Lost Customers,General Customers
17054.0,27,5,1356.33,343,Champions,General Customers
17058.0,80,3,1179.89,233,Loyal Customers,General Customers
17059.0,28,5,3080.39,344,Champions,General Customers
17060.0,265,1,234.24,121,At Risk,General Customers
17061.0,72,11,5232.2300000000005,244,Loyal Customers,Champions
17062.0,312,4,533.33,132,At Risk,General Customers
17063.0,20,7,1461.14,343,Champions,General Customers
17064.0,57,3,855.45,233,Loyal Customers,General Customers
17068.0,11,21,4552.14,444,Champions,Champions
17069.0,27,9,2709.7000000000003,344,Champions,General Customers
17070.0,113,1,304.24,221,Lost Customers,General Customers
17071.0,27,9,2429.03,344,Champions,General Customers
17073.0,16,4,1446.09,433,Champions,General Customers
17075.0,16,4,834.12,433,Champions,General Customers
17076.0,35,3,841.0799999999999,333,Champions,General Customers
17078.0,35,2,378.2,322,Potential Loyalists,General Customers
17079.0,77,1,118.80000000000001,221,Lost Customers,General Customers
17080.0,21,2,287.62,321,Potential Loyalists,General Customers
17081.0,24,2,288.91,321,Potential Loyalists,General Customers
17082.0,32,2,2003.85,324,Potential Loyalists,General Customers
17083.0,108,3,1405.78,233,Loyal Customers,General Customers
17084.0,34,2,2747.9900000000002,324,Potential Loyalists,General Customers
17085.0,122,5,1562.4,243,Loyal Customers,General Customers
17086.0,6,6,2050.08,444,Champions,General Customers
17088.0,27,4,1991.01,334,Champions,General Customers
17090.0,3,7,1974.65,444,Champions,General Customers
17091.0,1,9,3827.76,444,Champions,General Customers
17092.0,49,4,1774.03,334,Champions,General Customers
17094.0,321,1,302.0,121,At Risk,General Customers
17095.0,21,3,1324.16,333,Champions,General Customers
17096.0,14,4,1022.13,433,Champions,General Customers
17097.0,1,8,954.42,443,Champions,General Customers
17100.0,17,2,971.74,323,Potential Loyalists,General Customers
17101.0,9,4,1621.73,433,Champions,General Customers
17102.0,260,1,25.5,121,At Risk,General Customers
17105.0,158,2,665.78,122,At Risk,General Customers
17107.0,32,6,10797.48,344,Champions,Champions
17109.0,28,6,881.29,343,Champions,General Customers
17110.0,164,1,163.29999999999998,121,At Risk,General Customers
17111.0,46,1,231.61,321,Potential Loyalists,General Customers
17114.0,4,8,801.12,443,Champions,General Customers
17115.0,7,3,837.5,433,Champions,General Customers
17117.0,287,1,116.19999999999999,121,At Risk,General Customers
17118.0,316,1,157.02,121,At Risk,General Customers
17119.0,2,2,606.91,422,Potential Loyalists,General Customers
17120.0,232,1,307.46,122,At Risk,General Customers
17122.0,118,1,138.32,221,Lost Customers,General Customers
17123.0,160,1,345.29999999999995,122,At Risk,General Customers
17124.0,184,1,294.24,121,At Risk,General Customers
17125.0,49,1,230.5,321,Potential Loyalists,General Customers
17126.0,151,5,989.45,143,At Risk,General Customers
17128.0,333,1,157.09,121,At Risk,General Customers
17131.0,4,5,2463.17,444,Champions,General Customers
17133.0,14,7,4892.240000000001,444,Champions,General Customers
17134.0,105,2,413.2,222,Lost Customers,General Customers
17135.0,15,7,1139.73,443,Champions,General Customers
17138.0,274,1,380.5,122,At Risk,General Customers
17139.0,14,12,10650.77,444,Champions,Champions
17140.0,246,1,454.12,122,At Risk,General Customers
17142.0,238,1,579.0,122,At Risk,General Customers
17144.0,0,2,984.57,423,Potential Loyalists,General Customers
17146.0,104,3,749.78,233,Loyal Customers,General Customers
17147.0,21,4,1714.59,334,Champions,General Customers
17148.0,50,1,124.88,221,Lost Customers,General Customers
17152.0,193,3,1689.5,134,At Risk,General Customers
17153.0,23,1,213.78,321,Potential Loyalists,General Customers
17154.0,74,1,329.34,222,Lost Customers,General Customers
17155.0,16,2,251.70000000000002,421,Potential Loyalists,General Customers
17157.0,6,2,319.0,422,Potential Loyalists,General Customers
17158.0,31,3,1266.97,333,Champions,General Customers
17159.0,20,3,1538.88,333,Champions,General Customers
17160.0,30,6,3518.03,344,Champions,General Customers
17162.0,27,10,1715.46,344,Champions,General Customers
17163.0,20,2,293.1,321,Potential Loyalists,General Customers
17164.0,31,7,2467.35,344,Champions,General Customers
17165.0,283,1,158.68,121,At Risk,General Customers
17166.0,37,2,206.34,321,Potential Loyalists,General Customers
17169.0,56,2,835.78,223,Lost Customers,General Customers
17171.0,288,1,224.91,121,At Risk,General Customers
17172.0,77,1,317.76,222,Lost Customers,General Customers
17173.0,4,8,3766.6,444,Champions,General Customers
17174.0,216,1,59.9,121,At Risk,General Customers
17175.0,43,4,1443.69,333,Champions,General Customers
17176.0,200,1,306.13,121,At Risk,General Customers
17179.0,177,3,711.79,133,At Risk,General Customers
17180.0,55,4,783.97,233,Loyal Customers,General Customers
17181.0,56,2,239.92000000000002,221,Lost Customers,General Customers
17183.0,6,6,3347.31,444,Champions,General Customers
17186.0,45,2,144.0,321,Potential Loyalists,General Customers
17187.0,225,1,203.95,121,At Risk,General Customers
17188.0,10,7,2474.23,444,Champions,General Customers
17189.0,105,2,383.75,222,Lost Customers,General Customers
17190.0,57,2,444.74,232,Lost Customers,General Customers
17191.0,27,7,2093.68,344,Champions,General Customers
17193.0,34,7,1699.3000000000002,344,Champions,General Customers
17194.0,272,2,262.62,131,At Risk,General Customers
17197.0,28,1,1013.01,323,Potential Loyalists,General Customers
17198.0,22,3,692.22,333,Champions,General Customers
17201.0,52,1,289.78,221,Lost Customers,General Customers
17203.0,34,6,3560.08,344,Champions,General Customers
17204.0,174,4,1564.56,133,At Risk,General Customers
17205.0,52,1,384.08,222,Lost Customers,General Customers
17206.0,52,1,204.24,221,Lost Customers,General Customers
17211.0,25,8,2317.2200000000003,344,Champions,General Customers
17212.0,252,1,226.85,121,At Risk,General Customers
17213.0,39,7,2781.23,344,Champions,General Customers
17214.0,59,6,1059.1200000000001,243,Loyal Customers,General Customers
17217.0,233,1,113.5,121,At Risk,General Customers
17218.0,3,10,1951.97,444,Champions,General Customers
17219.0,30,1,114.23,321,Potential Loyalists,General Customers
17220.0,23,14,3187.55,344,Champions,Champions
17221.0,6,2,334.48,432,Potential Loyalists,General Customers
17222.0,64,1,328.65,222,Lost Customers,General Customers
17223.0,309,2,416.89,132,At Risk,General Customers
17226.0,307,1,393.49,122,At Risk,General Customers
17227.0,17,6,939.32,343,Champions,General Customers
17228.0,14,8,1906.09,444,Champions,General Customers
17229.0,95,2,318.76,232,Lost Customers,General Customers
17230.0,263,8,3638.41,144,At Risk,General Customers
17231.0,11,10,3124.72,444,Champions,General Customers
17232.0,1,2,417.77,432,Potential Loyalists,General Customers
17233.0,34,1,190.88,321,Potential Loyalists,General Customers
17234.0,181,1,149.89000000000001,121,At Risk,General Customers
17235.0,24,2,550.06,332,Potential Loyalists,General Customers
17236.0,11,6,916.13,443,Champions,General Customers
17237.0,10,2,314.69,432,Potential Loyalists,General Customers
17238.0,1,17,3719.1,444,Champions,Champions
17239.0,311,1,382.5,122,At Risk,General Customers
17242.0,107,2,1135.04,233,Loyal Customers,General Customers
17243.0,0,26,8540.05,444,Champions,Champions
17244.0,52,1,954.9,223,Lost Customers,General Customers
17245.0,203,1,171.45,121,At Risk,General Customers
17247.0,14,1,280.09000000000003,421,Potential Loyalists,General Customers
17248.0,119,1,318.65,222,Lost Customers,General Customers
17250.0,2,2,381.97,432,Potential Loyalists,General Customers
17251.0,361,1,269.83,121,At Risk,General Customers
17252.0,115,2,348.91,232,Lost Customers,General Customers
17253.0,17,1,178.26,321,Potential Loyalists,General Customers
17254.0,3,2,271.19,431,Potential Loyalists,General Customers
17255.0,39,2,291.48,331,Potential Loyalists,General Customers
17256.0,106,2,240.0,231,Lost Customers,General Customers
17259.0,147,2,581.23,132,At Risk,General Customers
17262.0,51,5,1253.3600000000001,243,Loyal Customers,General Customers
17263.0,207,1,63.440000000000005,121,At Risk,General Customers
17265.0,137,2,550.01,232,Lost Customers,General Customers
17266.0,1,3,296.58,431,Potential Loyalists,General Customers
17267.0,126,2,317.2,232,Lost Customers,General Customers
17268.0,106,4,763.64,233,Loyal Customers,General Customers
17272.0,41,4,2148.63,334,Champions,General Customers
17274.0,34,1,107.82,321,Potential Loyalists,General Customers
17277.0,226,2,1065.3500000000001,133,At Risk,General Customers
17278.0,240,1,246.04,121,At Risk,General Customers
17279.0,56,1,187.82999999999998,221,Lost Customers,General Customers
17282.0,129,3,1685.46,234,Loyal Customers,General Customers
17284.0,59,6,1647.48,243,Loyal Customers,General Customers
17286.0,20,1,151.37,321,Potential Loyalists,General Customers
17287.0,25,7,1049.06,343,Champions,General Customers
17288.0,8,7,1417.63,443,Champions,General Customers
17289.0,30,3,931.02,333,Champions,General Customers
17290.0,2,2,513.01,432,Potential Loyalists,General Customers
17291.0,307,1,550.8000000000001,122,At Risk,General Customers
17293.0,7,9,1854.06,444,Champions,General Customers
17295.0,27,3,547.0,332,Potential Loyalists,General Customers
17297.0,16,1,128.18,421,Potential Loyalists,General Customers
17298.0,100,2,498.42,232,Lost Customers,General Customers
17299.0,10,4,656.61,432,Potential Loyalists,General Customers
17301.0,20,1,163.24,321,Potential Loyalists,General Customers
17302.0,13,5,1135.63,443,Champions,General Customers
17303.0,360,1,250.04,121,At Risk,General Customers
17306.0,9,19,8631.31,444,Champions,Champions
17309.0,94,1,82.75,221,Lost Customers,General Customers
17311.0,77,2,1384.85,233,Loyal Customers,General Customers
17312.0,137,3,644.3,232,Lost Customers,General Customers
17313.0,30,1,2328.84,324,Potential Loyalists,General Customers
17314.0,23,8,2527.92,344,Champions,General Customers
17315.0,0,38,6281.23,444,Champions,Champions
17317.0,45,3,2600.34,334,Champions,General Customers
17320.0,99,3,1200.6200000000001,233,Loyal Customers,General Customers
17321.0,7,2,657.16,432,Potential Loyalists,General Customers
17323.0,14,7,906.52,443,Champions,General Customers
17324.0,16,4,986.48,433,Champions,General Customers
17325.0,279,1,96.8,121,At Risk,General Customers
17329.0,13,2,523.11,432,Potential Loyalists,General Customers
17330.0,21,2,363.9,332,Potential Loyalists,General Customers
17331.0,122,1,175.2,221,Lost Customers,General Customers
17333.0,84,1,494.25,222,Lost Customers,General Customers
17334.0,301,2,307.02,132,At Risk,General Customers
17337.0,150,4,1981.06,134,At Risk,General Customers
17338.0,16,8,6493.54,444,Champions,Champions
17339.0,93,2,243.36,231,Lost Customers,General Customers
17340.0,28,11,12353.29,344,Champions,Champions
17341.0,155,3,682.29,133,At Risk,General Customers
17343.0,354,1,193.64,121,At Risk,General Customers
17344.0,45,1,157.62,321,Potential Loyalists,General Customers
17345.0,14,4,519.6899999999999,432,Potential Loyalists,General Customers
17346.0,2,15,2622.88,444,Champions,Champions
17347.0,85,1,228.96,221,Lost Customers,General Customers
17348.0,13,5,1156.6,443,Champions,General Customers
17349.0,178,1,98.25,121,At Risk,General Customers
17350.0,7,4,1281.32,433,Champions,General Customers
17351.0,35,3,587.15,332,Potential Loyalists,General Customers
17353.0,128,2,1740.0,234,Loyal Customers,General Customers
17354.0,49,1,1393.06,323,Potential Loyalists,General Customers
17356.0,310,1,178.22,121,At Risk,General Customers
17357.0,23,2,384.39,332,Potential Loyalists,General Customers
17358.0,302,2,360.81,132,At Risk,General Customers
17359.0,10,1,127.86,421,Potential Loyalists,General Customers
17360.0,16,3,568.24,432,Potential Loyalists,General Customers
17361.0,48,3,488.2,332,Potential Loyalists,General Customers
17362.0,238,2,312.23,132,At Risk,General Customers
17364.0,-1,11,4462.68,444,Champions,Champions
17365.0,11,8,4767.36,444,Champions,General Customers
17367.0,237,1,167.55,121,At Risk,General Customers
17368.0,22,8,1878.87,344,Champions,General Customers
17370.0,71,4,446.18,232,Lost Customers,General Customers
17371.0,16,3,418.4,432,Potential Loyalists,General Customers
17372.0,39,8,1337.18,343,Champions,General Customers
17373.0,39,4,646.92,332,Potential Loyalists,General Customers
17374.0,217,2,495.77,132,At Risk,General Customers
17375.0,198,3,400.1,132,At Risk,General Customers
17376.0,69,2,203.2,231,Lost Customers,General Customers
17377.0,22,20,4058.32,344,Champions,Champions
17379.0,10,1,389.71999999999997,422,Potential Loyalists,General Customers
17381.0,7,29,20275.61,444,Champions,Champions
17382.0,64,1,65.4,221,Lost Customers,General Customers
17383.0,3,1,193.39000000000001,421,Potential Loyalists,General Customers
17384.0,18,2,336.4,332,Potential Loyalists,General Customers
17385.0,13,1,256.11,421,Potential Loyalists,General Customers
17386.0,6,6,2686.42,444,Champions,General Customers
17387.0,18,2,746.81,333,Champions,General Customers
17388.0,76,4,1259.56,233,Loyal Customers,General Customers
17389.0,-1,34,31833.68,444,Champions,Champions
17391.0,162,2,508.8,132,At Risk,General Customers
17392.0,305,2,417.27,132,At Risk,General Customers
17394.0,218,1,203.86999999999998,121,At Risk,General Customers
17396.0,38,8,7330.8,344,Champions,Champions
17397.0,21,2,681.41,333,Champions,General Customers
17398.0,113,3,653.38,232,Lost Customers,General Customers
17400.0,125,5,2097.84,244,Loyal Customers,General Customers
17402.0,3,13,2633.85,444,Champions,General Customers
17403.0,35,1,263.92,321,Potential Loyalists,General Customers
17404.0,3,15,31906.82,444,Champions,Champions
17405.0,0,3,1031.41,433,Champions,General Customers
17406.0,332,3,2184.42,134,At Risk,General Customers
17408.0,162,1,32.65,121,At Risk,General Customers
17409.0,183,2,771.85,133,At Risk,General Customers
17410.0,15,5,1214.72,443,Champions,General Customers
17411.0,11,3,778.94,433,Champions,General Customers
17412.0,1,7,1258.06,443,Champions,General Customers
17414.0,42,2,778.0,333,Champions,General Customers
17415.0,78,1,507.84,222,Lost Customers,General Customers
17416.0,28,7,6893.42,344,Champions,Champions
17418.0,41,2,463.46000000000004,332,Potential Loyalists,General Customers
17419.0,10,12,4226.57,444,Champions,Champions
17420.0,49,3,598.83,332,Potential Loyalists,General Customers
17422.0,15,6,1979.37,444,Champions,General Customers
17423.0,45,2,698.41,333,Champions,General Customers
17425.0,18,2,759.17,333,Champions,General Customers
17426.0,7,6,5037.26,444,Champions,General Customers
17427.0,70,1,100.8,221,Lost Customers,General Customers
17428.0,-1,28,17256.85,444,Champions,Champions
17429.0,127,3,524.9200000000001,232,Lost Customers,General Customers
17430.0,31,2,265.76,331,Potential Loyalists,General Customers
17431.0,312,1,403.3,122,At Risk,General Customers
17432.0,17,2,365.76,332,Potential Loyalists,General Customers
17433.0,87,1,303.15999999999997,221,Lost Customers,General Customers
17434.0,1,7,2373.82,444,Champions,General Customers
17436.0,0,2,216.29999999999998,431,Potential Loyalists,General Customers
17438.0,252,1,388.45000000000005,122,At Risk,General Customers
17440.0,155,3,186.42000000000002,131,At Risk,General Customers
17442.0,35,6,2248.56,344,Champions,General Customers
17443.0,218,1,534.24,122,At Risk,General Customers
17444.0,146,3,2940.04,134,At Risk,General Customers
17446.0,175,2,120.9,131,At Risk,General Customers
17447.0,39,2,541.53,332,Potential Loyalists,General Customers
17449.0,1,7,2519.21,444,Champions,General Customers
17450.0,7,46,194390.79,444,Champions,Champions
17451.0,0,7,1721.4,444,Champions,General Customers
17453.0,16,2,486.71999999999997,432,Potential Loyalists,General Customers
17454.0,191,4,517.53,132,At Risk,General Customers
17455.0,202,1,131.7,121,At Risk,General Customers
17456.0,364,1,249.86,121,At Risk,General Customers
17457.0,125,5,1737.7,244,Loyal Customers,General Customers
17458.0,14,1,316.5,422,Potential Loyalists,General Customers
17459.0,42,2,657.3,332,Potential Loyalists,General Customers
17460.0,93,6,622.4300000000001,242,Lost Customers,General Customers
17461.0,21,3,735.82,333,Champions,General Customers
17462.0,59,2,675.69,233,Loyal Customers,General Customers
17463.0,15,5,1875.86,444,Champions,General Customers
17464.0,157,1,289.96000000000004,121,At Risk,General Customers
17466.0,9,2,763.28,433,Champions,General Customers
17468.0,9,2,137.0,431,Potential Loyalists,General Customers
17469.0,15,5,1870.97,444,Champions,General Customers
17470.0,43,5,1125.07,343,Champions,General Customers
17472.0,190,3,697.54,133,At Risk,General Customers
17475.0,78,1,194.37,221,Lost Customers,General Customers
17480.0,76,1,511.82,222,Lost Customers,General Customers
17481.0,2,4,1255.59,433,Champions,General Customers
17483.0,64,3,414.04,232,Lost Customers,General Customers
17486.0,260,1,396.87,122,At Risk,General Customers
17489.0,57,2,376.64,232,Lost Customers,General Customers
17490.0,-1,7,2092.32,444,Champions,General Customers
17491.0,0,10,3558.87,444,Champions,General Customers
17492.0,247,1,374.57,122,At Risk,General Customers
17495.0,6,2,497.56,432,Potential Loyalists,General Customers
17496.0,357,1,271.05,121,At Risk,General Customers
17498.0,74,1,272.22,221,Lost Customers,General Customers
17499.0,288,1,622.88,122,At Risk,General Customers
17500.0,16,3,1138.0,433,Champions,General Customers
17501.0,219,2,288.6,131,At Risk,General Customers
17502.0,8,4,689.1,433,Champions,General Customers
17503.0,1,2,558.96,432,Potential Loyalists,General Customers
17504.0,205,9,2997.0299999999997,144,At Risk,General Customers
17505.0,160,2,1145.84,133,At Risk,General Customers
17506.0,74,1,302.2,221,Lost Customers,General Customers
17507.0,260,2,605.58,132,At Risk,General Customers
17508.0,279,1,387.31,122,At Risk,General Customers
17509.0,56,8,6083.64,244,Loyal Customers,General Customers
17510.0,23,1,308.48,322,Potential Loyalists,General Customers
17511.0,1,31,91062.38,444,Champions,Champions
17512.0,27,10,2924.9900000000002,344,Champions,General Customers
17513.0,71,1,513.2,222,Lost Customers,General Customers
17514.0,127,1,208.65,221,Lost Customers,General Customers
17515.0,30,4,639.02,332,Potential Loyalists,General Customers
17516.0,14,5,764.88,443,Champions,General Customers
17517.0,307,1,153.94,121,At Risk,General Customers
17519.0,16,6,1844.02,444,Champions,General Customers
17520.0,52,1,546.81,222,Lost Customers,General Customers
17521.0,28,3,723.2099999999999,333,Champions,General Customers
17522.0,0,5,1070.71,443,Champions,General Customers
17523.0,10,4,652.74,432,Potential Loyalists,General Customers
17524.0,360,1,145.0,121,At Risk,General Customers
17525.0,358,1,422.70000000000005,122,At Risk,General Customers
17526.0,3,4,1195.8999999999999,433,Champions,General Customers
17527.0,52,4,939.37,233,Loyal Customers,General Customers
17528.0,0,8,3628.5,444,Champions,General Customers
17530.0,0,10,2367.12,444,Champions,General Customers
17531.0,189,1,296.7,121,At Risk,General Customers
17534.0,52,1,223.36,221,Lost Customers,General Customers
17535.0,279,1,164.4,121,At Risk,General Customers
17536.0,176,1,76.5,121,At Risk,General Customers
17537.0,28,2,887.67,333,Champions,General Customers
17538.0,24,1,98.42,321,Potential Loyalists,General Customers
17540.0,23,2,578.9,332,Potential Loyalists,General Customers
17542.0,268,1,170.75,121,At Risk,General Customers
17545.0,42,3,642.32,332,Potential Loyalists,General Customers
17548.0,232,1,103.3,121,At Risk,General Customers
17549.0,22,2,148.86,331,Potential Loyalists,General Customers
17550.0,196,3,267.16,131,At Risk,General Customers
17551.0,358,1,290.34,121,At Risk,General Customers
17552.0,59,4,930.41,233,Loyal Customers,General Customers
17553.0,128,1,1487.6,223,Lost Customers,General Customers
17554.0,0,5,1952.45,444,Champions,General Customers
17555.0,18,2,480.31,332,Potential Loyalists,General Customers
17556.0,204,1,157.9,121,At Risk,General Customers
17557.0,13,3,541.46,432,Potential Loyalists,General Customers
17560.0,93,4,854.95,233,Loyal Customers,General Customers
17561.0,18,1,165.12,321,Potential Loyalists,General Customers
17562.0,13,7,1122.38,443,Champions,General Customers
17564.0,23,3,454.01,332,Potential Loyalists,General Customers
17566.0,7,2,869.77,433,Champions,General Customers
17567.0,6,8,4331.48,444,Champions,General Customers
17569.0,331,1,344.14,122,At Risk,General Customers
17571.0,49,4,1425.67,333,Champions,General Customers
17572.0,70,4,226.75000000000003,231,Lost Customers,General Customers
17573.0,28,3,380.6,332,Potential Loyalists,General Customers
17574.0,241,1,185.65,121,At Risk,General Customers
17576.0,7,19,3564.83,444,Champions,Champions
17578.0,217,1,143.45999999999998,121,At Risk,General Customers
17579.0,3,3,448.90000000000003,432,Potential Loyalists,General Customers
17580.0,251,3,215.72,131,At Risk,General Customers
17581.0,-1,25,11025.24,444,Champions,Champions
17582.0,235,1,175.27,121,At Risk,General Customers
17584.0,6,2,1242.3,433,Champions,General Customers
17585.0,108,4,1116.68,233,Loyal Customers,General Customers
17588.0,99,3,1240.2,233,Loyal Customers,General Customers
17589.0,59,4,2404.17,234,Loyal Customers,General Customers
17590.0,1,3,1468.02,433,Champions,General Customers
17591.0,72,7,2203.67,244,Loyal Customers,General Customers
17593.0,2,5,3923.86,444,Champions,General Customers
17594.0,84,2,993.18,233,Loyal Customers,General Customers
17595.0,11,2,386.69,432,Potential Loyalists,General Customers
17596.0,22,7,2806.69,344,Champions,General Customers
17597.0,212,1,2044.3700000000001,124,At Risk,General Customers
17600.0,16,1,161.67000000000002,421,Potential Loyalists,General Customers
17601.0,238,1,116.00999999999999,121,At Risk,General Customers
17602.0,1,6,5054.42,444,Champions,General Customers
17603.0,77,1,394.72,222,Lost Customers,General Customers
17604.0,216,2,309.36,132,At Risk,General Customers
17608.0,32,2,191.99,331,Potential Loyalists,General Customers
17609.0,39,5,1105.78,343,Champions,General Customers
17611.0,6,15,3961.12,444,Champions,Champions
17612.0,52,6,2048.45,244,Loyal Customers,General Customers
17613.0,21,14,4544.55,344,Champions,Champions
17614.0,56,1,386.32,222,Lost Customers,General Customers
17615.0,129,3,329.6,232,Lost Customers,General Customers
17616.0,172,3,571.1999999999999,132,At Risk,General Customers
17618.0,4,3,930.28,433,Champions,General Customers
17619.0,311,1,214.37,121,At Risk,General Customers
17620.0,58,1,81.44,221,Lost Customers,General Customers
17621.0,20,3,1379.9,333,Champions,General Customers
17623.0,31,1,527.0500000000001,322,Potential Loyalists,General Customers
17624.0,13,2,843.48,433,Champions,General Customers
17625.0,17,4,2020.4,334,Champions,General Customers
17628.0,80,1,75.75,221,Lost Customers,General Customers
17629.0,4,8,1814.12,444,Champions,General Customers
17630.0,168,2,503.59999999999997,132,At Risk,General Customers
17631.0,0,3,528.33,432,Potential Loyalists,General Customers
17633.0,30,4,1324.84,333,Champions,General Customers
17634.0,35,9,2358.59,344,Champions,General Customers
17636.0,18,1,285.56,321,Potential Loyalists,General Customers
17637.0,30,2,547.0600000000001,332,Potential Loyalists,General Customers
17639.0,275,1,108.5,121,At Risk,General Customers
17640.0,85,1,621.66,222,Lost Customers,General Customers
17642.0,118,2,712.29,233,Loyal Customers,General Customers
17643.0,372,1,101.55,121,At Risk,General Customers
17644.0,0,11,2895.64,444,Champions,General Customers
17646.0,218,3,1008.39,133,At Risk,General Customers
17647.0,64,1,133.06,221,Lost Customers,General Customers
17648.0,59,4,1797.5,234,Loyal Customers,General Customers
17649.0,137,1,868.49,223,Lost Customers,General Customers
17650.0,20,1,166.08,321,Potential Loyalists,General Customers
17651.0,10,10,3945.0,444,Champions,General Customers
17652.0,24,12,4867.72,344,Champions,Champions
17653.0,35,4,1207.56,333,Champions,General Customers
17654.0,276,1,117.55,121,At Risk,General Customers
17655.0,9,7,2638.94,444,Champions,General Customers
17656.0,72,5,1674.69,244,Loyal Customers,General Customers
17658.0,24,2,595.42,332,Potential Loyalists,General Customers
17659.0,16,12,2999.46,444,Champions,General Customers
17660.0,140,1,178.75,221,Lost Customers,General Customers
17663.0,24,7,1802.91,344,Champions,General Customers
17664.0,17,2,604.64,332,Potential Loyalists,General Customers
17666.0,2,2,728.16,433,Champions,General Customers
17667.0,65,5,2055.51,244,Loyal Customers,General Customers
17668.0,0,2,347.75,432,Potential Loyalists,General Customers
17669.0,41,7,3406.7200000000003,344,Champions,General Customers
17670.0,226,1,205.7,121,At Risk,General Customers
17671.0,14,4,1572.71,433,Champions,General Customers
17672.0,49,2,3178.17,334,Champions,General Customers
17673.0,0,6,1594.97,443,Champions,General Customers
17674.0,73,2,551.04,232,Lost Customers,General Customers
17675.0,0,31,20374.28,444,Champions,Champions
17676.0,3,6,1371.18,443,Champions,General Customers
17677.0,0,30,16345.38,444,Champions,Champions
17678.0,262,1,298.11,121,At Risk,General Customers
17679.0,51,2,1992.1100000000001,234,Loyal Customers,General Customers
17680.0,22,1,184.4,321,Potential Loyalists,General Customers
17682.0,9,6,2474.33,444,Champions,General Customers
17684.0,42,1,239.41,321,Potential Loyalists,General Customers
17685.0,15,7,3155.83,444,Champions,General Customers
17686.0,6,7,5739.46,444,Champions,General Customers
17690.0,29,15,4726.8,344,Champions,Champions
17691.0,357,2,290.40000000000003,131,At Risk,General Customers
17692.0,126,4,740.9399999999999,233,Loyal Customers,General Customers
17693.0,136,1,200.47,221,Lost Customers,General Customers
17694.0,140,1,283.12,221,Lost Customers,General Customers
17695.0,130,2,765.34,233,Loyal Customers,General Customers
17696.0,37,8,2285.71,344,Champions,General Customers
17697.0,235,1,338.95,122,At Risk,General Customers
17698.0,259,1,154.95,121,At Risk,General Customers
17700.0,15,4,2534.64,434,Champions,General Customers
17701.0,251,1,417.95,122,At Risk,General Customers
17702.0,29,4,1824.37,334,Champions,General Customers
17703.0,34,3,798.74,333,Champions,General Customers
17704.0,167,2,885.19,133,At Risk,General Customers
17705.0,2,9,1823.52,444,Champions,General Customers
17706.0,3,17,10504.49,444,Champions,Champions
17707.0,184,2,152.4,131,At Risk,General Customers
17708.0,186,2,263.33,131,At Risk,General Customers
17709.0,168,1,137.45,121,At Risk,General Customers
17711.0,9,2,385.1,432,Potential Loyalists,General Customers
17712.0,43,1,522.91,322,Potential Loyalists,General Customers
17714.0,319,1,153.0,121,At Risk,General Customers
17715.0,199,1,326.4,122,At Risk,General Customers
17716.0,21,11,5655.99,344,Champions,Champions
17718.0,231,1,139.35,121,At Risk,General Customers
17719.0,36,15,5396.04,344,Champions,Champions
17720.0,25,4,1195.94,333,Champions,General Customers
17722.0,95,4,2424.04,234,Loyal Customers,General Customers
17723.0,126,6,3276.4000000000005,244,Loyal Customers,General Customers
17724.0,70,3,1033.0,233,Loyal Customers,General Customers
17725.0,15,11,3439.08,444,Champions,General Customers
17727.0,14,1,1060.25,423,Potential Loyalists,General Customers
17728.0,2,3,2876.01,434,Champions,General Customers
17730.0,2,13,5298.4800000000005,444,Champions,Champions
17731.0,78,4,1240.11,233,Loyal Customers,General Customers
17732.0,371,1,303.97,121,At Risk,General Customers
17733.0,37,2,692.19,333,Champions,General Customers
17734.0,52,3,700.63,233,Loyal Customers,General Customers
17735.0,1,19,13110.02,444,Champions,Champions
17736.0,8,3,377.44,432,Potential Loyalists,General Customers
17737.0,8,2,168.24,431,Potential Loyalists,General Customers
17738.0,18,4,1879.05,334,Champions,General Customers
17739.0,10,7,2791.35,444,Champions,General Customers
17742.0,112,2,355.11,232,Lost Customers,General Customers
17744.0,2,6,2322.4,444,Champions,General Customers
17746.0,239,1,110.25,121,At Risk,General Customers
17747.0,111,1,71.4,221,Lost Customers,General Customers
17749.0,177,2,674.52,133,At Risk,General Customers
17750.0,4,9,1710.45,444,Champions,General Customers
17752.0,358,1,80.64,121,At Risk,General Customers
17754.0,-1,5,1664.65,444,Champions,General Customers
17757.0,0,30,5593.39,444,Champions,Champions
17758.0,18,8,3408.2000000000003,344,Champions,General Customers
17759.0,16,3,819.96,433,Champions,General Customers
17760.0,20,2,287.59,331,Potential Loyalists,General Customers
17761.0,31,1,712.78,323,Potential Loyalists,General Customers
17763.0,262,1,15.0,121,At Risk,General Customers
17764.0,49,2,772.55,333,Champions,General Customers
17765.0,157,3,367.63,132,At Risk,General Customers
17767.0,14,1,271.2,421,Potential Loyalists,General Customers
17768.0,7,3,2081.9,434,Champions,General Customers
17769.0,11,10,3957.43,444,Champions,General Customers
17770.0,197,5,1143.27,143,At Risk,General Customers
17771.0,55,2,245.81,231,Lost Customers,General Customers
17772.0,9,2,173.45,431,Potential Loyalists,General Customers
17774.0,95,4,1213.73,233,Loyal Customers,General Customers
17775.0,253,1,56.4,121,At Risk,General Customers
17777.0,23,3,647.56,332,Potential Loyalists,General Customers
17779.0,20,3,650.32,332,Potential Loyalists,General Customers
17781.0,158,2,188.02,131,At Risk,General Customers
17783.0,71,2,283.47,231,Lost Customers,General Customers
17785.0,52,1,131.94,221,Lost Customers,General Customers
17786.0,84,2,266.85,231,Lost Customers,General Customers
17787.0,151,4,1817.54,134,At Risk,General Customers
17788.0,72,2,1117.9,233,Loyal Customers,General Customers
17789.0,280,1,225.9,121,At Risk,General Customers
17790.0,25,14,1964.3,344,Champions,General Customers
17791.0,28,1,106.1,321,Potential Loyalists,General Customers
17793.0,24,1,300.34,321,Potential Loyalists,General Customers
17795.0,178,2,342.83,132,At Risk,General Customers
17796.0,39,4,690.0,333,Champions,General Customers
17797.0,21,3,780.43,333,Champions,General Customers
17799.0,21,10,3039.17,344,Champions,General Customers
17800.0,36,9,1187.21,343,Champions,General Customers
17802.0,81,3,1285.04,233,Loyal Customers,General Customers
17805.0,72,1,512.31,222,Lost Customers,General Customers
17806.0,10,1,546.04,422,Potential Loyalists,General Customers
17809.0,15,12,5411.91,444,Champions,Champions
17811.0,3,39,7761.82,444,Champions,Champions
17812.0,11,4,699.81,433,Champions,General Customers
17813.0,13,5,1698.07,444,Champions,General Customers
17816.0,35,4,36.56,331,Potential Loyalists,General Customers
17817.0,3,3,387.68,432,Potential Loyalists,General Customers
17819.0,70,7,3704.87,244,Loyal Customers,General Customers
17824.0,50,1,298.4,221,Lost Customers,General Customers
17827.0,4,5,1987.33,444,Champions,General Customers
17828.0,21,4,1820.09,334,Champions,General Customers
17829.0,297,1,889.24,123,At Risk,General Customers
17830.0,0,3,398.7,432,Potential Loyalists,General Customers
17831.0,32,1,35.400000000000006,321,Potential Loyalists,General Customers
17832.0,48,1,155.37,321,Potential Loyalists,General Customers
17835.0,1,3,342.24,432,Potential Loyalists,General Customers
17836.0,46,1,110.21000000000001,321,Potential Loyalists,General Customers
17837.0,41,8,1541.23,343,Champions,General Customers
17838.0,25,5,2720.8,344,Champions,General Customers
17839.0,41,1,318.15,322,Potential Loyalists,General Customers
17841.0,0,124,40519.84,444,Champions,Champions
17843.0,302,1,205.48,121,At Risk,General Customers
17844.0,105,1,51.559999999999995,221,Lost Customers,General Customers
17846.0,84,1,2033.1,224,Lost Customers,General Customers
17848.0,80,9,901.1999999999999,243,Loyal Customers,General Customers
17849.0,217,4,605.8000000000001,132,At Risk,General Customers
17850.0,371,34,5391.21,144,At Risk,Champions
17852.0,10,2,114.34,431,Potential Loyalists,General Customers
17854.0,184,2,311.26,132,At Risk,General Customers
17855.0,371,1,208.97,121,At Risk,General Customers
17856.0,0,4,1418.03,433,Champions,General Customers
17857.0,3,23,26879.04,444,Champions,Champions
17858.0,4,12,5140.66,444,Champions,Champions
17859.0,303,1,141.92000000000002,121,At Risk,General Customers
17860.0,367,1,226.45000000000002,121,At Risk,General Customers
17861.0,2,8,2097.88,444,Champions,General Customers
17862.0,322,1,330.9,122,At Risk,General Customers
17863.0,58,6,3160.0,244,Loyal Customers,General Customers
17864.0,11,3,554.85,432,Potential Loyalists,General Customers
17865.0,29,20,10526.32,344,Champions,Champions
17866.0,141,1,329.65,122,At Risk,General Customers
17867.0,29,6,1157.8700000000001,343,Champions,General Customers
17869.0,106,5,428.18,242,Lost Customers,General Customers
17870.0,1,12,1865.89,444,Champions,General Customers
17871.0,203,1,155.9,121,At Risk,General Customers
17873.0,79,5,1848.96,244,Loyal Customers,General Customers
17874.0,184,6,683.46,143,At Risk,General Customers
17877.0,169,1,237.61,121,At Risk,General Customers
17878.0,42,1,379.45,322,Potential Loyalists,General Customers
17879.0,172,1,178.51999999999998,121,At Risk,General Customers
17880.0,363,1,458.92,122,At Risk,General Customers
17881.0,303,1,133.35000000000002,121,At Risk,General Customers
17883.0,2,4,664.34,432,Potential Loyalists,General Customers
17884.0,2,4,695.0699999999999,433,Champions,General Customers
17885.0,11,1,156.34,421,Potential Loyalists,General Customers
17886.0,30,3,869.28,333,Champions,General Customers
17887.0,128,1,111.35,221,Lost Customers,General Customers
17888.0,20,8,716.0,343,Champions,General Customers
17889.0,211,2,201.37,131,At Risk,General Customers
17890.0,321,2,586.89,132,At Risk,General Customers
17891.0,161,1,203.85999999999999,121,At Risk,General Customers
17892.0,55,3,244.1,231,Lost Customers,General Customers
17893.0,224,1,107.21,121,At Risk,General Customers
17894.0,70,8,1118.96,243,Loyal Customers,General Customers
17895.0,43,1,95.45,321,Potential Loyalists,General Customers
17896.0,22,1,256.32,321,Potential Loyalists,General Customers
17897.0,171,3,541.8100000000001,132,At Risk,General Customers
17898.0,84,2,152.06,231,Lost Customers,General Customers
17899.0,158,1,154.55,121,At Risk,General Customers
17900.0,189,2,112.19999999999999,131,At Risk,General Customers
17901.0,28,1,110.38,321,Potential Loyalists,General Customers
17904.0,20,1,181.07,321,Potential Loyalists,General Customers
17905.0,70,4,798.99,233,Loyal Customers,General Customers
17906.0,246,1,72.9,121,At Risk,General Customers
17908.0,372,1,232.03,121,At Risk,General Customers
17911.0,8,1,366.23,422,Potential Loyalists,General Customers
17912.0,309,5,310.06,142,At Risk,General Customers
17913.0,57,2,408.65,232,Lost Customers,General Customers
17914.0,2,1,329.36,422,Potential Loyalists,General Customers
17917.0,44,3,335.03,332,Potential Loyalists,General Customers
17919.0,87,1,1304.04,223,Lost Customers,General Customers
17920.0,3,17,4119.5,444,Champions,Champions
17921.0,63,4,820.23,233,Loyal Customers,General Customers
17923.0,281,1,207.50000000000003,121,At Risk,General Customers
17924.0,10,7,2962.5,444,Champions,General Customers
17925.0,371,1,244.08,121,At Risk,General Customers
17926.0,132,2,397.29,232,Lost Customers,General Customers
17928.0,44,2,212.54,331,Potential Loyalists,General Customers
17929.0,10,4,843.0,433,Champions,General Customers
17930.0,34,5,1740.48,344,Champions,General Customers
17931.0,133,2,408.36,232,Lost Customers,General Customers
17932.0,28,3,1331.57,333,Champions,General Customers
17934.0,50,2,704.25,233,Loyal Customers,General Customers
17935.0,137,2,145.79,231,Lost Customers,General Customers
17936.0,4,1,380.13,422,Potential Loyalists,General Customers
17937.0,7,7,4301.22,444,Champions,General Customers
17939.0,158,1,99.14,121,At Risk,General Customers
17940.0,48,10,4020.04,344,Champions,General Customers
17941.0,129,1,304.56,221,Lost Customers,General Customers
17942.0,6,1,77.50000000000001,421,Potential Loyalists,General Customers
17946.0,232,2,149.57999999999998,131,At Risk,General Customers
17947.0,36,1,176.68,321,Potential Loyalists,General Customers
17948.0,146,1,358.56000000000006,122,At Risk,General Customers
17949.0,0,45,58510.48,444,Champions,Champions
17950.0,71,3,482.2,232,Lost Customers,General Customers
17951.0,38,3,1008.5400000000001,333,Champions,General Customers
17954.0,4,12,2314.13,444,Champions,General Customers
17955.0,197,4,557.3,132,At Risk,General Customers
17956.0,248,1,12.75,121,At Risk,General Customers
17957.0,65,1,111.68,221,Lost Customers,General Customers
17958.0,115,1,508.4599999999999,222,Lost Customers,General Customers
17960.0,170,1,73.78,121,At Risk,General Customers
17961.0,20,39,1296.44,343,Champions,Champions
17962.0,141,1,102.41,121,At Risk,General Customers
17964.0,30,2,463.21,332,Potential Loyalists,General Customers
17965.0,36,14,2599.19,344,Champions,General Customers
17966.0,36,5,1098.43,343,Champions,General Customers
17967.0,370,1,112.27,121,At Risk,General Customers
17968.0,372,1,265.1,121,At Risk,General Customers
17969.0,165,2,228.2,131,At Risk,General Customers
17970.0,210,1,562.79,122,At Risk,General Customers
17972.0,240,1,135.19,121,At Risk,General Customers
17973.0,50,1,337.04,222,Lost Customers,General Customers
17974.0,23,3,703.99,333,Champions,General Customers
17975.0,14,13,4483.26,444,Champions,Champions
17976.0,371,1,321.79,122,At Risk,General Customers
17977.0,28,1,288.14,321,Potential Loyalists,General Customers
17978.0,364,1,300.91999999999996,121,At Risk,General Customers
17979.0,34,4,732.41,333,Champions,General Customers
17980.0,164,3,811.45,133,At Risk,General Customers
17984.0,144,1,152.68,121,At Risk,General Customers
17985.0,21,1,631.35,322,Potential Loyalists,General Customers
17986.0,55,1,20.8,221,Lost Customers,General Customers
17987.0,184,1,198.57,121,At Risk,General Customers
17988.0,10,7,201.12,441,Potential Loyalists,General Customers
17990.0,235,3,630.84,132,At Risk,General Customers
17991.0,224,2,93.35,131,At Risk,General Customers
17994.0,120,4,674.89,233,Loyal Customers,General Customers
17995.0,280,1,76.1,121,At Risk,General Customers
17997.0,73,8,1962.46,244,Loyal Customers,General Customers
17999.0,36,2,380.39,332,Potential Loyalists,General Customers
18001.0,11,2,415.13,432,Potential Loyalists,General Customers
18004.0,361,1,157.92,121,At Risk,General Customers
18005.0,2,2,226.47,431,Potential Loyalists,General Customers
18006.0,22,1,444.68,322,Potential Loyalists,General Customers
18008.0,69,9,2116.19,244,Loyal Customers,General Customers
18009.0,234,1,247.39,121,At Risk,General Customers
18010.0,255,1,174.8,121,At Risk,General Customers
18011.0,372,1,102.78999999999999,121,At Risk,General Customers
18013.0,154,2,187.29,131,At Risk,General Customers
18014.0,27,1,162.22,321,Potential Loyalists,General Customers
18015.0,3,1,120.03,421,Potential Loyalists,General Customers
18016.0,31,5,1477.66,343,Champions,General Customers
18017.0,80,3,523.0,232,Lost Customers,General Customers
18018.0,107,2,122.14,231,Lost Customers,General Customers
18019.0,50,1,38.45,221,Lost Customers,General Customers
18022.0,34,1,612.72,322,Potential Loyalists,General Customers
18024.0,151,2,389.78,132,At Risk,General Customers
18027.0,97,1,115.31,221,Lost Customers,General Customers
18030.0,3,2,230.64999999999998,431,Potential Loyalists,General Customers
18032.0,333,1,73.5,121,At Risk,General Customers
18033.0,64,1,93.82000000000001,221,Lost Customers,General Customers
18034.0,20,2,418.68,332,Potential Loyalists,General Customers
18035.0,34,3,713.89,333,Champions,General Customers
18036.0,31,3,403.12,332,Potential Loyalists,General Customers
18037.0,153,6,70.02,141,At Risk,General Customers
18040.0,18,2,357.20000000000005,332,Potential Loyalists,General Customers
18041.0,10,21,4097.37,444,Champions,Champions
18042.0,52,1,165.04999999999998,221,Lost Customers,General Customers
18043.0,23,3,529.29,332,Potential Loyalists,General Customers
18044.0,3,10,2088.6,444,Champions,General Customers
18045.0,44,1,178.34,321,Potential Loyalists,General Customers
18048.0,202,2,172.29000000000002,131,At Risk,General Customers
18050.0,358,1,74.4,121,At Risk,General Customers
18053.0,69,1,300.02,221,Lost Customers,General Customers
18055.0,6,10,6761.34,444,Champions,Champions
18056.0,287,1,363.65,122,At Risk,General Customers
18058.0,8,1,170.16,421,Potential Loyalists,General Customers
18059.0,22,3,306.46,331,Potential Loyalists,General Customers
18061.0,20,10,2119.41,344,Champions,General Customers
18062.0,172,3,720.52,133,At Risk,General Customers
18064.0,132,2,814.0,233,Loyal Customers,General Customers
18065.0,4,14,2392.83,444,Champions,General Customers
18066.0,74,1,318.0,222,Lost Customers,General Customers
18067.0,39,1,396.33,322,Potential Loyalists,General Customers
18068.0,288,1,101.69999999999999,121,At Risk,General Customers
18069.0,25,5,2009.24,344,Champions,General Customers
18071.0,256,2,453.0,132,At Risk,General Customers
18072.0,184,1,247.44,121,At Risk,General Customers
18073.0,113,12,3859.82,244,Loyal Customers,General Customers
18074.0,372,1,489.6,122,At Risk,General Customers
18075.0,22,10,2611.75,344,Champions,General Customers
18077.0,7,11,2584.41,444,Champions,General Customers
18078.0,216,2,336.13,132,At Risk,General Customers
18079.0,44,4,3613.15,334,Champions,General Customers
18080.0,17,2,1231.5,333,Champions,General Customers
18081.0,35,3,343.45,332,Potential Loyalists,General Customers
18082.0,24,1,680.84,323,Potential Loyalists,General Customers
18084.0,15,1,90.47999999999999,421,Potential Loyalists,General Customers
18085.0,329,2,689.95,133,At Risk,General Customers
18086.0,273,1,101.34,121,At Risk,General Customers
18087.0,97,2,4055.7199999999993,234,Loyal Customers,General Customers
18088.0,60,1,166.03,221,Lost Customers,General Customers
18092.0,1,11,9068.26,444,Champions,Champions
18093.0,92,4,2106.52,234,Loyal Customers,General Customers
18094.0,80,7,3017.3,244,Loyal Customers,General Customers
18095.0,311,2,580.0500000000001,132,At Risk,General Customers
18096.0,10,3,849.06,433,Champions,General Customers
18097.0,6,6,2662.4,444,Champions,General Customers
18099.0,126,1,168.31,221,Lost Customers,General Customers
18101.0,10,2,222.4,431,Potential Loyalists,General Customers
18102.0,-1,60,259657.3,444,Champions,Champions
18104.0,36,1,754.64,323,Potential Loyalists,General Customers
18105.0,36,1,113.48000000000002,321,Potential Loyalists,General Customers
18106.0,328,1,421.9,122,At Risk,General Customers
18108.0,253,1,271.0,121,At Risk,General Customers
18109.0,0,26,8004.92,444,Champions,Champions
18110.0,18,1,198.8,321,Potential Loyalists,General Customers
18112.0,11,2,352.69,432,Potential Loyalists,General Customers
18113.0,367,1,76.32000000000001,121,At Risk,General Customers
18114.0,289,1,220.1,121,At Risk,General Customers
18116.0,66,8,1403.1100000000001,243,Loyal Customers,General Customers
18117.0,24,1,315.65,322,Potential Loyalists,General Customers
18118.0,9,26,5625.08,444,Champions,Champions
18119.0,366,1,180.7,121,At Risk,General Customers
18120.0,213,1,111.15,121,At Risk,General Customers
18121.0,148,2,653.3,132,At Risk,General Customers
18122.0,7,6,1793.06,444,Champions,General Customers
18123.0,23,2,574.4399999999999,332,Potential Loyalists,General Customers
18125.0,28,4,1131.75,333,Champions,General Customers
18126.0,59,1,200.92000000000002,221,Lost Customers,General Customers
18127.0,18,3,347.08,332,Potential Loyalists,General Customers
18129.0,242,1,112.55000000000001,121,At Risk,General Customers
18130.0,14,3,1059.39,433,Champions,General Customers
18133.0,211,1,931.4999999999999,123,At Risk,General Customers
18135.0,28,5,681.9100000000001,343,Champions,General Customers
18136.0,62,3,784.33,233,Loyal Customers,General Customers
18138.0,294,1,152.65,121,At Risk,General Customers
18139.0,16,6,8438.34,444,Champions,Champions
18142.0,156,2,1019.52,133,At Risk,General Customers
18143.0,115,2,1000.16,233,Loyal Customers,General Customers
18144.0,6,12,2888.75,444,Champions,General Customers
18145.0,11,4,2861.55,434,Champions,General Customers
18146.0,139,2,160.35000000000002,231,Lost Customers,General Customers
18147.0,44,2,179.33999999999997,331,Potential Loyalists,General Customers
18149.0,49,3,612.0799999999999,332,Potential Loyalists,General Customers
18150.0,31,3,566.58,332,Potential Loyalists,General Customers
18151.0,133,2,653.35,232,Lost Customers,General Customers
18154.0,2,2,399.19,432,Potential Loyalists,General Customers
18155.0,74,3,371.62,232,Lost Customers,General Customers
18156.0,11,2,675.64,433,Champions,General Customers
18158.0,8,2,453.4,432,Potential Loyalists,General Customers
18159.0,300,1,530.15,122,At Risk,General Customers
18160.0,56,2,638.0600000000001,232,Lost Customers,General Customers
18161.0,14,5,1618.69,443,Champions,General Customers
18164.0,36,1,399.65000000000003,322,Potential Loyalists,General Customers
18165.0,176,1,302.46000000000004,121,At Risk,General Customers
18167.0,22,3,1384.8600000000001,333,Champions,General Customers
18168.0,175,6,1160.04,143,At Risk,General Customers
18169.0,59,1,202.65,221,Lost Customers,General Customers
18170.0,32,3,980.31,333,Champions,General Customers
18171.0,57,5,1231.31,243,Loyal Customers,General Customers
18172.0,13,20,7561.68,444,Champions,Champions
18173.0,85,4,2106.84,234,Loyal Customers,General Customers
18174.0,6,1,104.0,421,Potential Loyalists,General Customers
18176.0,357,1,476.35,122,At Risk,General Customers
18177.0,30,6,1340.8700000000001,343,Champions,General Customers
18178.0,127,4,1590.81,233,Loyal Customers,General Customers
18179.0,8,6,1793.17,444,Champions,General Customers
18180.0,3,6,1843.75,444,Champions,General Customers
18181.0,23,1,366.85,322,Potential Loyalists,General Customers
18183.0,226,2,632.07,132,At Risk,General Customers
18184.0,14,1,49.8,421,Potential Loyalists,General Customers
18185.0,248,1,304.25,121,At Risk,General Customers
18188.0,14,3,2001.04,434,Champions,General Customers
18189.0,76,2,1090.24,233,Loyal Customers,General Customers
18190.0,191,2,284.46000000000004,131,At Risk,General Customers
18191.0,260,1,207.79999999999998,121,At Risk,General Customers
18192.0,70,1,957.97,223,Lost Customers,General Customers
18193.0,164,1,243.76,121,At Risk,General Customers
18194.0,81,1,973.8399999999999,223,Lost Customers,General Customers
18196.0,94,2,686.63,233,Loyal Customers,General Customers
18198.0,3,17,5425.56,444,Champions,Champions
18200.0,105,1,150.35,221,Lost Customers,General Customers
18202.0,198,3,1396.99,133,At Risk,General Customers
18203.0,156,1,160.42000000000002,121,At Risk,General Customers
18204.0,70,3,1975.35,234,Loyal Customers,General Customers
18205.0,35,2,517.36,332,Potential Loyalists,General Customers
18209.0,27,1,139.10000000000002,321,Potential Loyalists,General Customers
18210.0,0,6,2621.38,444,Champions,General Customers
18211.0,24,5,600.07,342,Potential Loyalists,General Customers
18212.0,325,1,216.07,121,At Risk,General Customers
18213.0,235,1,232.48000000000002,121,At Risk,General Customers
18215.0,88,1,299.34000000000003,221,Lost Customers,General Customers
18216.0,30,1,481.75,322,Potential Loyalists,General Customers
18217.0,28,2,621.75,332,Potential Loyalists,General Customers
18218.0,210,2,641.92,132,At Risk,General Customers
18219.0,1,10,2069.77,444,Champions,General Customers
18220.0,225,1,305.28000000000003,121,At Risk,General Customers
18221.0,21,5,1041.61,343,Champions,General Customers
18222.0,91,1,443.0,222,Lost Customers,General Customers
18223.0,3,14,6484.54,444,Champions,Champions
18224.0,262,1,158.95000000000002,121,At Risk,General Customers
18225.0,2,12,5504.96,444,Champions,Champions
18226.0,43,11,5228.05,344,Champions,Champions
18227.0,216,1,93.75,121,At Risk,General Customers
18228.0,55,2,779.9,233,Loyal Customers,General Customers
18229.0,10,20,7276.900000000001,444,Champions,Champions
18230.0,8,7,2810.2000000000003,444,Champions,General Customers
18231.0,191,5,2071.77,144,At Risk,General Customers
18232.0,80,4,592.97,232,Lost Customers,General Customers
18233.0,324,1,440.0,122,At Risk,General Customers
18235.0,70,3,1796.48,234,Loyal Customers,General Customers
18236.0,28,6,882.24,343,Champions,General Customers
18237.0,1,5,987.1,443,Champions,General Customers
18239.0,217,5,1561.6100000000001,143,At Risk,General Customers
18240.0,45,1,422.58,322,Potential Loyalists,General Customers
18241.0,8,17,2073.09,444,Champions,Champions
18242.0,71,4,2232.4900000000002,234,Loyal Customers,General Customers
18245.0,6,7,2567.06,444,Champions,General Customers
18246.0,22,2,596.1,332,Potential Loyalists,General Customers
18248.0,121,2,804.02,233,Loyal Customers,General Customers
18249.0,16,1,95.34,421,Potential Loyalists,General Customers
18250.0,309,1,349.27,122,At Risk,General Customers
18251.0,86,1,4314.72,224,Lost Customers,General Customers
18252.0,49,2,518.27,332,Potential Loyalists,General Customers
18255.0,88,1,103.3,221,Lost Customers,General Customers
18257.0,38,8,2337.63,344,Champions,General Customers
18259.0,23,3,2338.6000000000004,334,Champions,General Customers
18260.0,171,6,2628.35,144,At Risk,General Customers
18261.0,42,2,324.24,332,Potential Loyalists,General Customers
18262.0,139,1,149.48,221,Lost Customers,General Customers
18263.0,24,3,1213.1599999999999,333,Champions,General Customers
18265.0,71,2,801.51,233,Loyal Customers,General Customers
18268.0,133,1,25.5,221,Lost Customers,General Customers
18269.0,365,1,168.6,121,At Risk,General Customers
18270.0,37,2,283.15,331,Potential Loyalists,General Customers
18272.0,1,6,3078.58,444,Champions,General Customers
18273.0,1,3,204.0,431,Potential Loyalists,General Customers
18274.0,29,1,175.92,321,Potential Loyalists,General Customers
18276.0,42,1,335.86,322,Potential Loyalists,General Customers
18277.0,57,1,110.38,221,Lost Customers,General Customers
18278.0,72,1,173.9,221,Lost Customers,General Customers
18280.0,276,1,180.60000000000002,121,At Risk,General Customers
18281.0,179,1,80.82,121,At Risk,General Customers
18282.0,6,2,178.05,431,Potential Loyalists,General Customers
18283.0,2,16,2045.53,444,Champions,Champions
18287.0,41,3,1837.28,334,Champions,General Customers
