CustomerID,Total,Orders,Lifespan,AOV,PurchaseFreq,CLV,Cohort
12346,77183.6,1,1,77183.6,1.0,77183.6,2011-01
12347,4310.0,7,13,615.7142857142857,0.5384615384615384,4309.999999999999,2010-12
12348,1797.24,4,10,449.31,0.4,1797.2400000000002,2010-12
12349,1757.55,1,1,1757.55,1.0,1757.55,2011-11
12350,334.4,1,1,334.4,1.0,334.4,2011-02
12352,2506.04,8,10,313.255,0.8,2506.04,2011-02
12353,89.0,1,1,89.0,1.0,89.0,2011-05
12354,1079.4,1,1,1079.4,1.0,1079.4,2011-04
12355,459.4,1,1,459.4,1.0,459.4,2011-05
12356,2811.43,3,11,937.1433333333333,0.2727272727272727,2811.43,2011-01
12357,6207.67,1,1,6207.67,1.0,6207.67,2011-11
12358,1168.06,2,6,584.03,0.3333333333333333,1168.06,2011-07
12359,6310.03,4,10,1577.5075,0.4,6310.030000000001,2011-01
12360,2662.06,3,6,887.3533333333334,0.5,2662.06,2011-05
12361,189.9,1,1,189.9,1.0,189.9,2011-02
12362,5226.23,10,11,522.6229999999999,0.9090909090909091,5226.229999999999,2011-02
12363,552.0,2,5,276.0,0.4,552.0,2011-04
12364,1313.1,4,5,328.275,0.8,1313.1,2011-08
12365,641.38,2,1,320.69,2.0,641.38,2011-02
12367,168.9,1,1,168.9,1.0,168.9,2011-12
12370,3541.94,4,11,885.485,0.36363636363636365,3541.94,2010-12
12371,1887.96,2,1,943.98,2.0,1887.96,2011-10
12372,1298.04,3,8,432.68,0.375,1298.04,2011-02
12373,364.6,1,1,364.6,1.0,364.6,2011-02
12374,742.9300000000001,1,1,742.9300000000001,1.0,742.9300000000001,2011-11
12375,457.5,2,3,228.75,0.6666666666666666,457.5,2011-09
12377,1628.12,2,2,814.06,1.0,1628.12,2010-12
12378,4008.62,1,1,4008.62,1.0,4008.62,2011-08
12379,852.24,2,4,426.12,0.5,852.24,2011-06
12380,2724.81,4,6,681.2025,0.6666666666666666,2724.81,2011-06
12381,1845.31,5,5,369.062,1.0,1845.31,2011-08
12383,1850.56,5,7,370.11199999999997,0.7142857142857143,1850.56,2010-12
12384,585.27,2,4,292.635,0.5,585.27,2011-08
12386,401.9,2,2,200.95,1.0,401.9,2010-12
12388,2780.66,6,11,463.4433333333333,0.5454545454545454,2780.66,2011-01
12390,549.84,1,1,549.84,1.0,549.84,2011-09
12391,439.66,1,1,439.66,1.0,439.66,2011-11
12393,1582.6000000000001,4,9,395.65000000000003,0.4444444444444444,1582.6000000000001,2011-01
12394,1272.48,2,6,636.24,0.3333333333333333,1272.48,2011-05
12395,3018.63,12,12,251.5525,1.0,3018.63,2010-12
12397,2409.9,2,5,1204.95,0.4,2409.9,2011-07
12398,1635.6599999999999,1,1,1635.6599999999999,1.0,1635.6599999999999,2011-10
12399,1108.65,4,6,277.1625,0.6666666666666666,1108.65,2011-03
12401,84.3,1,1,84.3,1.0,84.3,2011-02
12402,225.6,1,1,225.6,1.0,225.6,2011-01
12403,427.70000000000005,1,1,427.70000000000005,1.0,427.70000000000005,2011-10
12405,1710.39,1,1,1710.39,1.0,1710.39,2011-07
12406,3415.3,2,6,1707.65,0.3333333333333333,3415.3,2011-06
12407,1708.12,5,8,341.62399999999997,0.625,1708.12,2011-03
12408,2888.55,5,9,577.71,0.5555555555555556,2888.55,2011-03
12409,11072.67,3,4,3690.89,0.75,11072.67,2011-06
12410,693.33,2,1,346.665,2.0,693.33,2011-02
12412,1226.88,3,4,408.96000000000004,0.75,1226.88,2011-06
12413,758.1,3,10,252.70000000000002,0.3,758.1,2011-01
12414,562.41,3,4,187.47,0.75,562.41,2011-02
12415,124914.53,21,11,5948.310952380953,1.9090909090909092,124914.53000000001,2011-01
12417,3649.1,9,13,405.4555555555555,0.6923076923076923,3649.1,2010-12
12418,668.58,1,1,668.58,1.0,668.58,2011-08
12420,600.39,1,1,600.39,1.0,600.39,2011-10
12421,807.04,4,11,201.76,0.36363636363636365,807.04,2011-01
12422,803.5600000000001,3,9,267.85333333333335,0.3333333333333333,803.5600000000001,2011-01
12423,1859.31,8,13,232.41375,0.6153846153846154,1859.3100000000002,2010-12
12424,1760.96,2,1,880.48,2.0,1760.96,2011-06
12425,777.2,1,1,777.2,1.0,777.2,2011-09
12426,582.73,1,1,582.73,1.0,582.73,2011-05
12427,825.8,3,12,275.26666666666665,0.25,825.8,2010-12
12428,7956.46,9,9,884.0511111111111,1.0,7956.46,2011-03
12429,3750.4,4,12,937.6,0.3333333333333333,3750.3999999999996,2010-12
12430,256.4,1,1,256.4,1.0,256.4,2011-10
12431,6419.95,15,12,427.99666666666667,1.25,6419.950000000001,2010-12
12432,5059.32,5,5,1011.8639999999999,1.0,5059.32,2011-06
12433,13375.87,7,13,1910.8385714285716,0.5384615384615384,13375.869999999999,2010-12
12434,806.14,2,7,403.07,0.2857142857142857,806.14,2011-03
12435,7829.89,2,7,3914.945,0.2857142857142857,7829.889999999999,2011-03
12436,509.01000000000005,1,1,509.01000000000005,1.0,509.01000000000005,2011-09
12437,4951.41,18,12,275.0783333333333,1.5,4951.41,2011-01
12438,2906.85,2,5,1453.425,0.4,2906.85,2011-07
12441,173.55,1,1,173.55,1.0,173.55,2010-12
12442,172.06,1,1,172.06,1.0,172.06,2011-12
12444,5005.46,5,6,1001.092,0.8333333333333334,5005.46,2011-06
12445,133.4,1,1,133.4,1.0,133.4,2011-11
12446,1002.3100000000001,1,1,1002.3100000000001,1.0,1002.3100000000001,2011-10
12447,476.49,1,1,476.49,1.0,476.49,2011-04
12448,449.45,1,1,449.45,1.0,449.45,2011-10
12449,4067.29,4,6,1016.8225,0.6666666666666666,4067.29,2011-06
12450,197.88,2,2,98.94,1.0,197.88,2011-06
12451,9035.52,5,11,1807.104,0.45454545454545453,9035.52,2011-01
12452,430.57000000000005,2,1,215.28500000000003,2.0,430.57000000000005,2011-11
12453,707.09,1,1,707.09,1.0,707.09,2011-07
12454,3528.34,1,1,3528.34,1.0,3528.34,2011-10
12455,2466.86,6,8,411.1433333333334,0.75,2466.86,2011-02
12456,3181.04,3,8,1060.3466666666666,0.375,3181.04,2011-03
12457,2363.23,7,7,337.6042857142857,1.0,2363.23,2011-04
12458,947.4,2,8,473.7,0.25,947.4,2011-02
12461,826.88,2,3,413.44,0.6666666666666666,826.88,2011-07
12462,1189.59,2,10,594.795,0.2,1189.5900000000001,2011-02
12463,1344.78,4,7,336.195,0.5714285714285714,1344.7799999999997,2011-04
12464,1212.05,8,10,151.50625,0.8,1212.05,2011-02
12465,742.1899999999999,2,6,371.09499999999997,0.3333333333333333,742.1899999999999,2011-06
12468,729.5400000000001,2,6,364.77000000000004,0.3333333333333333,729.54,2011-01
12471,19788.649999999998,30,13,659.6216666666666,2.3076923076923075,19788.649999999994,2010-12
12472,6572.11,7,12,938.8728571428571,0.5833333333333334,6572.110000000001,2010-12
12473,3928.05,5,6,785.61,0.8333333333333334,3928.05,2011-06
12474,7324.09,18,11,406.8938888888889,1.6363636363636365,7324.09,2011-01
12475,723.38,1,1,723.38,1.0,723.38,2011-10
12476,6816.42,11,12,619.6745454545454,0.9166666666666666,6816.42,2010-12
12477,13219.74,6,10,2203.29,0.6,13219.74,2011-02
12478,680.99,1,1,680.99,1.0,680.99,2011-12
12479,527.2,1,1,527.2,1.0,527.2,2011-11
12480,3281.63,4,11,820.4075,0.36363636363636365,3281.6300000000006,2011-01
12481,5579.82,10,12,557.982,0.8333333333333334,5579.82,2010-12
12483,2484.98,8,11,310.6225,0.7272727272727273,2484.98,2011-01
12484,4527.32,6,11,754.5533333333333,0.5454545454545454,4527.32,2011-01
12488,1298.66,3,3,432.8866666666667,1.0,1298.66,2011-09
12489,334.93,1,1,334.93,1.0,334.93,2011-01
12490,5417.93,10,12,541.793,0.8333333333333334,5417.93,2011-01
12491,460.40000000000003,1,1,460.40000000000003,1.0,460.40000000000003,2011-11
12492,263.21000000000004,2,3,131.60500000000002,0.6666666666666666,263.21000000000004,2011-08
12493,433.74,2,2,216.87,1.0,433.74,2011-05
12494,1246.1000000000001,7,12,178.01428571428573,0.5833333333333334,1246.1000000000001,2010-12
12497,1043.1,1,1,1043.1,1.0,1043.1,2011-09
12498,403.70000000000005,3,2,134.5666666666667,1.5,403.70000000000005,2011-10
12500,4257.82,11,11,387.07454545454544,1.0,4257.82,2011-01
12501,2169.39,1,1,2169.39,1.0,2169.39,2011-01
12502,3723.87,5,8,744.774,0.625,3723.87,2011-02
12504,482.04999999999995,2,1,241.02499999999998,2.0,482.04999999999995,2011-11
12506,73.5,1,1,73.5,1.0,73.5,2011-04
12507,1304.81,3,6,434.93666666666667,0.5,1304.81,2011-02
12508,397.88,2,1,198.94,2.0,397.88,2011-11
12509,176.5,1,1,176.5,1.0,176.5,2011-02
12510,982.5699999999999,2,7,491.28499999999997,0.2857142857142857,982.5699999999999,2011-01
12512,132.18,2,1,66.09,2.0,132.18,2011-10
12513,612.29,1,1,612.29,1.0,612.29,2011-08
12514,1017.68,1,1,1017.68,1.0,1017.68,2011-03
12515,383.7,1,1,383.7,1.0,383.7,2010-12
12516,1312.06,2,4,656.03,0.5,1312.06,2011-06
12517,2481.6,5,6,496.32,0.8333333333333334,2481.6000000000004,2011-06
12518,2056.89,5,5,411.378,1.0,2056.89,2011-08
12519,330.84,1,1,330.84,1.0,330.84,2011-10
12520,2634.2599999999998,5,7,526.852,0.7142857142857143,2634.2599999999998,2011-03
12521,599.68,1,1,599.68,1.0,599.68,2011-07
12522,192.72,2,1,96.36,2.0,192.72,2011-10
12523,1789.77,11,11,162.70636363636365,1.0,1789.7700000000002,2011-01
12524,4485.72,8,11,560.715,0.7272727272727273,4485.72,2011-01
12526,1316.66,3,4,438.8866666666667,0.75,1316.66,2011-09
12527,348.71000000000004,3,9,116.23666666666668,0.3333333333333333,348.71,2011-01
12528,1933.48,6,11,322.24666666666667,0.5454545454545454,1933.4799999999998,2011-01
12530,1662.28,4,10,415.57,0.4,1662.2800000000002,2011-01
12531,125.22,1,1,125.22,1.0,125.22,2011-11
12532,349.83000000000004,1,1,349.83000000000004,1.0,349.83000000000004,2011-11
12534,1089.18,1,1,1089.18,1.0,1089.18,2011-08
12535,716.35,2,4,358.175,0.5,716.35,2011-06
12536,12601.830000000002,3,1,4200.610000000001,3.0,12601.830000000002,2011-10
12538,363.95,1,1,363.95,1.0,363.95,2011-11
12539,5568.35,4,11,1392.0875,0.36363636363636365,5568.35,2011-01
12540,13400.24,17,12,788.2494117647059,1.4166666666666667,13400.240000000002,2010-12
12541,981.18,3,9,327.06,0.3333333333333333,981.18,2011-03
12544,372.7,1,1,372.7,1.0,372.7,2011-11
12545,1000.39,2,7,500.195,0.2857142857142857,1000.3899999999999,2011-03
12546,1161.5,2,2,580.75,1.0,1161.5,2011-09
12547,207.79999999999998,2,3,103.89999999999999,0.6666666666666666,207.79999999999995,2011-03
12548,95.19999999999999,1,1,95.19999999999999,1.0,95.19999999999999,2011-06
12550,964.83,1,1,964.83,1.0,964.83,2011-09
12551,168.0,1,1,168.0,1.0,168.0,2010-12
12552,437.82,2,2,218.91,1.0,437.82,2011-10
12553,3692.28,10,12,369.228,0.8333333333333334,3692.2799999999997,2011-01
12556,599.56,2,4,299.78,0.5,599.56,2011-07
12557,11990.960000000001,5,12,2398.192,0.4166666666666667,11990.96,2010-12
12558,269.96,1,1,269.96,1.0,269.96,2011-12
12559,561.71,2,2,280.855,1.0,561.71,2011-01
12560,2134.01,3,6,711.3366666666667,0.5,2134.01,2011-07
12561,238.85,1,1,238.85,1.0,238.85,2011-02
12562,3781.7400000000002,7,8,540.2485714285715,0.875,3781.7400000000007,2011-05
12564,456.90000000000003,1,1,456.90000000000003,1.0,456.90000000000003,2011-03
12565,145.92,1,1,145.92,1.0,145.92,2011-02
12566,351.65,1,1,351.65,1.0,351.65,2011-09
12567,9401.28,10,12,940.128,0.8333333333333334,9401.28,2010-12
12569,4124.69,32,9,128.8965625,3.5555555555555554,4124.69,2011-04
12571,519.61,2,3,259.805,0.6666666666666666,519.6099999999999,2011-08
12572,1020.42,2,3,510.21,0.6666666666666666,1020.42,2011-10
12573,160.54000000000002,1,1,160.54000000000002,1.0,160.54000000000002,2011-04
12574,218.45000000000002,1,1,218.45000000000002,1.0,218.45000000000002,2011-01
12576,1315.83,5,10,263.166,0.5,1315.83,2011-02
12577,626.6,3,12,208.86666666666667,0.25,626.6,2010-12
12578,2794.51,2,11,1397.255,0.18181818181818182,2794.51,2011-01
12579,440.42,1,1,440.42,1.0,440.42,2011-09
12580,415.7,1,1,415.7,1.0,415.7,2011-04
12581,197.71,1,1,197.71,1.0,197.71,2011-10
12582,511.36,2,3,255.68,0.6666666666666666,511.35999999999996,2011-02
12583,7281.38,15,13,485.42533333333336,1.1538461538461537,7281.379999999999,2010-12
12584,2338.15,9,10,259.7944444444445,0.9,2338.15,2011-03
12585,2040.1,2,5,1020.05,0.4,2040.1,2010-12
12586,196.94,1,1,196.94,1.0,196.94,2011-11
12587,144.0,1,1,144.0,1.0,144.0,2011-12
12588,214.89999999999998,1,1,214.89999999999998,1.0,214.89999999999998,2011-10
12589,646.68,2,5,323.34,0.4,646.68,2011-07
12590,9864.26,2,1,4932.13,2.0,9864.26,2011-05
12591,452.85,1,1,452.85,1.0,452.85,2011-01
12592,437.6,2,5,218.8,0.4,437.6,2011-05
12593,418.09999999999997,3,4,139.36666666666665,0.75,418.0999999999999,2011-05
12594,3338.2200000000003,10,11,333.822,0.9090909090909091,3338.22,2011-01
12596,618.27,2,7,309.135,0.2857142857142857,618.27,2011-04
12597,3811.22,4,9,952.805,0.4444444444444444,3811.2199999999993,2011-03
12598,3023.08,8,10,377.885,0.8,3023.08,2011-02
12599,1032.58,7,10,147.51142857142855,0.7,1032.58,2011-02
12600,2599.04,10,12,259.904,0.8333333333333334,2599.04,2010-12
12601,577.0600000000001,5,6,115.412,0.8333333333333334,577.0600000000001,2011-01
12602,153.12,1,1,153.12,1.0,153.12,2011-10
12603,739.1999999999999,1,1,739.1999999999999,1.0,739.1999999999999,2011-11
12604,254.18,2,7,127.09,0.2857142857142857,254.18,2011-03
12607,1579.51,1,1,1579.51,1.0,1579.51,2011-10
12609,1126.85,3,9,375.6166666666666,0.3333333333333333,1126.85,2011-01
12610,2099.54,5,4,419.908,1.25,2099.54,2011-08
12611,1193.32,1,1,1193.32,1.0,1193.32,2011-10
12612,704.0400000000001,1,1,704.0400000000001,1.0,704.0400000000001,2011-09
12613,3344.38,5,8,668.876,0.625,3344.38,2011-03
12614,315.6,1,1,315.6,1.0,315.6,2011-03
12615,2291.19,4,7,572.7975,0.5714285714285714,2291.19,2011-06
12616,713.3,2,8,356.65,0.25,713.3,2011-02
12617,352.98,1,1,352.98,1.0,352.98,2011-11
12618,177.31,1,1,177.31,1.0,177.31,2011-11
12619,3641.24,9,9,404.5822222222222,1.0,3641.24,2011-03
12620,1339.41,3,7,446.47,0.42857142857142855,1339.41,2011-05
12621,13689.67,20,13,684.4835,1.5384615384615385,13689.67,2010-12
12622,180.1,1,1,180.1,1.0,180.1,2011-04
12623,305.1,1,1,305.1,1.0,305.1,2011-03
12624,641.13,2,3,320.565,0.6666666666666666,641.1299999999999,2011-06
12625,2683.82,2,5,1341.91,0.4,2683.82,2011-01
12626,6620.48,9,11,735.6088888888888,0.8181818181818182,6620.4800000000005,2011-01
12627,4478.53,7,5,639.79,1.4,4478.53,2011-07
12628,786.46,3,3,262.15333333333336,1.0,786.46,2011-10
12630,1270.88,2,2,635.44,1.0,1270.88,2011-10
12631,640.5,1,1,640.5,1.0,640.5,2011-10
12633,2163.98,4,9,540.995,0.4444444444444444,2163.9799999999996,2011-02
12635,1689.18,2,3,844.59,0.6666666666666666,1689.1799999999998,2011-07
12637,6002.9,8,10,750.3625,0.8,6002.9,2011-01
12638,671.69,1,1,671.69,1.0,671.69,2011-11
12639,486.1,1,1,486.1,1.0,486.1,2011-04
12640,1174.58,3,3,391.52666666666664,1.0,1174.58,2011-09
12641,185.9,1,1,185.9,1.0,185.9,2011-08
12642,1013.26,3,4,337.75333333333333,0.75,1013.26,2011-08
12643,3344.64,6,8,557.4399999999999,0.75,3344.6399999999994,2011-01
12644,477.91,1,1,477.91,1.0,477.91,2011-08
12645,1775.18,4,11,443.795,0.36363636363636365,1775.1800000000003,2011-01
12646,1346.97,2,3,673.485,0.6666666666666666,1346.97,2011-10
12647,3722.82,12,12,310.235,1.0,3722.82,2010-12
12648,318.05,1,1,318.05,1.0,318.05,2011-07
12649,623.51,3,4,207.83666666666667,0.75,623.51,2011-05
12650,314.44,1,1,314.44,1.0,314.44,2011-12
12651,114.0,1,1,114.0,1.0,114.0,2011-01
12652,919.98,1,1,919.98,1.0,919.98,2011-01
12653,2209.85,2,6,1104.925,0.3333333333333333,2209.8499999999995,2011-02
12654,601.98,5,10,120.396,0.5,601.98,2011-02
12656,4051.17,5,8,810.234,0.625,4051.17,2011-04
12657,1643.18,4,3,410.795,1.3333333333333333,1643.18,2011-09
12658,686.05,1,1,686.05,1.0,686.05,2011-11
12659,91.68,1,1,91.68,1.0,91.68,2011-11
12660,245.1,1,1,245.1,1.0,245.1,2011-11
12662,3849.78,11,13,349.98,0.8461538461538461,3849.78,2010-12
12664,4881.88,9,12,542.4311111111111,0.75,4881.880000000001,2011-01
12665,63.0,1,1,63.0,1.0,63.0,2011-01
12667,620.13,1,1,620.13,1.0,620.13,2011-10
12668,3807.15,4,12,951.7875,0.3333333333333333,3807.1499999999996,2010-12
12669,2744.0299999999997,3,5,914.6766666666666,0.6,2744.0299999999997,2011-03
12670,2996.05,5,8,599.21,0.625,2996.05,2011-04
12672,225.9,1,1,225.9,1.0,225.9,2011-01
12673,610.52,2,12,305.26,0.16666666666666666,610.52,2011-01
12674,1970.6,4,7,492.65,0.5714285714285714,1970.5999999999997,2011-05
12676,1331.39,6,10,221.89833333333334,0.6,1331.39,2011-02
12678,17628.46,12,11,1469.0383333333332,1.0909090909090908,17628.459999999995,2010-12
12679,1113.02,4,8,278.255,0.5,1113.02,2011-03
12680,862.81,4,5,215.7025,0.8,862.8100000000001,2011-08
12681,13787.54,22,12,626.7063636363637,1.8333333333333333,13787.539999999999,2010-12
12682,12279.82,31,13,396.1232258064516,2.3846153846153846,12279.82,2010-12
12683,8476.57,15,13,565.1046666666666,1.1538461538461537,8476.57,2010-12
12684,2283.63,7,8,326.23285714285714,0.875,2283.63,2011-05
12685,2863.08,6,3,477.18,2.0,2863.08,2011-09
12686,89.14,1,1,89.14,1.0,89.14,2010-12
12688,4873.81,1,1,4873.81,1.0,4873.81,2011-08
12689,1247.61,2,4,623.805,0.5,1247.61,2011-08
12690,389.01,1,1,389.01,1.0,389.01,2011-05
12691,1035.8,6,12,172.63333333333333,0.5,1035.8,2010-12
12693,855.91,4,8,213.9775,0.5,855.91,2011-01
12694,869.67,2,4,434.835,0.5,869.67,2011-06
12695,582.1,4,8,145.525,0.5,582.1,2011-05
12697,957.59,3,6,319.19666666666666,0.5,957.5899999999999,2011-06
12700,4939.99,4,8,1234.9975,0.5,4939.99,2011-05
12701,797.71,2,6,398.855,0.3333333333333333,797.7099999999999,2011-04
12702,219.0,1,1,219.0,1.0,219.0,2011-11
12703,283.55,1,1,283.55,1.0,283.55,2011-09
12704,2340.84,8,7,292.605,1.1428571428571428,2340.84,2011-06
12705,6868.29,9,12,763.1433333333333,0.75,6868.289999999999,2010-12
12707,603.42,1,1,603.42,1.0,603.42,2011-02
12708,2712.91,10,12,271.291,0.8333333333333334,2712.9100000000003,2010-12
12709,9706.52,15,12,647.1013333333334,1.25,9706.52,2010-12
12710,1149.02,3,5,383.00666666666666,0.6,1149.02,2011-05
12712,4396.13,13,12,338.1638461538462,1.0833333333333333,4396.13,2010-12
12713,848.55,1,1,848.55,1.0,848.55,2011-12
12714,4708.86,5,10,941.7719999999999,0.5,4708.86,2011-02
12715,343.36,1,1,343.36,1.0,343.36,2011-08
12716,1053.49,2,6,526.745,0.3333333333333333,1053.4899999999998,2011-07
12717,1030.98,2,4,515.49,0.5,1030.98,2011-04
12718,238.25,1,1,238.25,1.0,238.25,2011-09
12719,644.95,2,3,322.475,0.6666666666666666,644.95,2011-10
12720,5781.7300000000005,25,13,231.2692,1.9230769230769231,5781.7300000000005,2010-12
12721,2656.13,6,12,442.68833333333333,0.5,2656.13,2010-12
12722,997.63,4,3,249.4075,1.3333333333333333,997.6299999999999,2011-07
12723,725.0699999999999,5,3,145.01399999999998,1.6666666666666667,725.0699999999999,2011-10
12724,1031.41,4,12,257.8525,0.3333333333333333,1031.41,2011-01
12725,427.8,1,1,427.8,1.0,427.8,2010-12
12726,2609.1,7,12,372.7285714285714,0.5833333333333334,2609.1,2010-12
12727,3980.7,7,11,568.6714285714286,0.6363636363636364,3980.7,2011-01
12728,836.33,4,9,209.0825,0.4444444444444444,836.33,2011-01
12729,453.01,1,1,453.01,1.0,453.01,2011-08
12731,18895.91,12,12,1574.6591666666666,1.0,18895.91,2010-12
12732,236.26000000000002,1,1,236.26000000000002,1.0,236.26000000000002,2011-06
12733,383.95,1,1,383.95,1.0,383.95,2011-04
12734,110.39999999999999,1,1,110.39999999999999,1.0,110.39999999999999,2010-12
12735,779.5699999999999,2,1,389.78499999999997,2.0,779.5699999999999,2011-01
12736,234.0,1,1,234.0,1.0,234.0,2011-01
12738,155.35,1,1,155.35,1.0,155.35,2010-12
12739,1013.04,2,1,506.52,2.0,1013.04,2011-09
12740,427.6,1,1,427.6,1.0,427.6,2011-10
12743,540.13,2,1,270.065,2.0,540.13,2011-07
12744,21279.29,7,10,3039.8985714285714,0.7,21279.289999999997,2011-01
12747,4196.01,11,13,381.4554545454546,0.8461538461538461,4196.01,2010-12
12748,33053.19,209,13,158.14923444976077,16.076923076923077,33053.189999999995,2010-12
12749,4090.88,5,8,818.176,0.625,4090.88,2011-05
12750,275.88,1,1,275.88,1.0,275.88,2011-08
12752,4366.78,1,1,4366.78,1.0,4366.78,2011-09
12753,21429.39,6,12,3571.565,0.5,21429.39,2010-12
12754,3010.74,3,3,1003.5799999999999,1.0,3010.74,2011-02
12755,3811.95,2,4,1905.975,0.5,3811.95,2010-12
12756,112.07999999999998,1,1,112.07999999999998,1.0,112.07999999999998,2011-09
12757,7834.650000000001,13,7,602.6653846153847,1.8571428571428572,7834.6500000000015,2011-05
12758,2791.59,2,6,1395.795,0.3333333333333333,2791.59,2011-03
12759,1531.44,3,8,510.48,0.375,1531.44,2011-03
12762,1898.52,2,2,949.26,1.0,1898.52,2011-11
12763,494.08,2,8,247.04,0.25,494.08,2010-12
12764,1693.88,1,1,1693.88,1.0,1693.88,2011-01
12766,6989.63,7,13,998.5185714285715,0.5384615384615384,6989.63,2010-12
12769,1143.6,1,1,1143.6,1.0,1143.6,2011-04
12770,1351.4499999999998,1,1,1351.4499999999998,1.0,1351.4499999999998,2011-05
12772,892.47,1,1,892.47,1.0,892.47,2011-10
12775,1386.04,5,10,277.20799999999997,0.5,1386.04,2011-02
12778,822.23,6,11,137.03833333333333,0.5454545454545454,822.2299999999999,2011-01
12779,3981.36,8,12,497.67,0.6666666666666666,3981.3599999999997,2010-12
12781,826.74,2,9,413.37,0.2222222222222222,826.74,2011-02
12782,2330.92,5,13,466.184,0.38461538461538464,2330.92,2010-12
12783,2225.91,6,4,370.98499999999996,1.5,2225.91,2011-09
12784,532.82,2,1,266.41,2.0,532.82,2011-11
12785,311.95,1,1,311.95,1.0,311.95,2010-12
12787,463.66,3,7,154.55333333333334,0.42857142857142855,463.65999999999997,2011-05
12789,91.85,1,1,91.85,1.0,91.85,2011-10
12790,324.92,1,1,324.92,1.0,324.92,2011-05
12791,192.60000000000002,1,1,192.60000000000002,1.0,192.60000000000002,2010-12
12792,400.53999999999996,1,1,400.53999999999996,1.0,400.53999999999996,2011-03
12793,545.48,2,2,272.74,1.0,545.48,2010-12
12794,860.41,2,2,430.205,1.0,860.41,2011-09
12795,430.48,1,1,430.48,1.0,430.48,2011-11
12797,254.03,1,1,254.03,1.0,254.03,2010-12
12798,6977.04,3,6,2325.68,0.5,6977.039999999999,2011-06
12802,427.58,1,1,427.58,1.0,427.58,2011-06
12808,483.65,3,12,161.21666666666667,0.25,483.65,2010-12
12809,489.31,1,1,489.31,1.0,489.31,2011-06
12811,514.85,3,2,171.61666666666667,1.5,514.85,2011-02
12812,229.64000000000001,1,1,229.64000000000001,1.0,229.64000000000001,2011-10
12814,125.92,1,1,125.92,1.0,125.92,2011-08
12815,1063.46,2,3,531.73,0.6666666666666666,1063.46,2011-05
12816,572.2,2,4,286.1,0.5,572.2,2011-06
12817,166.04,1,1,166.04,1.0,166.04,2011-03
12818,1542.08,1,1,1542.08,1.0,1542.08,2011-03
12820,942.34,4,12,235.585,0.3333333333333333,942.34,2011-01
12821,92.72,1,1,92.72,1.0,92.72,2011-05
12822,948.88,2,1,474.44,2.0,948.88,2011-09
12823,1759.5,5,8,351.9,0.625,1759.5,2011-02
12824,397.12,1,1,397.12,1.0,397.12,2011-10
12826,1474.72,7,13,210.67428571428573,0.5384615384615384,1474.72,2010-12
12827,430.15000000000003,3,3,143.38333333333335,1.0,430.1500000000001,2011-10
12828,1018.71,6,5,169.785,1.2,1018.7099999999999,2011-08
12829,293.0,2,2,146.5,1.0,293.0,2010-12
12830,6814.64,6,6,1135.7733333333333,1.0,6814.639999999999,2011-06
12831,215.05,1,1,215.05,1.0,215.05,2011-03
12832,383.03,2,3,191.515,0.6666666666666666,383.03,2011-09
12833,417.38,1,1,417.38,1.0,417.38,2011-07
12834,312.38,1,1,312.38,1.0,312.38,2011-03
12836,2610.36,4,9,652.59,0.4444444444444444,2610.36,2011-02
12837,134.1,1,1,134.1,1.0,134.1,2011-06
12838,671.95,2,12,335.975,0.16666666666666666,671.95,2010-12
12839,5591.42,14,13,399.38714285714286,1.0769230769230769,5591.42,2010-12
12840,2726.77,4,4,681.6925,1.0,2726.77,2011-04
12841,3991.58,25,13,159.6632,1.9230769230769231,3991.58,2010-12
12842,1118.99,2,8,559.495,0.25,1118.99,2011-02
12843,1702.26,8,8,212.7825,1.0,1702.26,2011-03
12844,325.96000000000004,2,4,162.98000000000002,0.5,325.96000000000004,2011-08
12845,354.09,4,2,88.5225,2.0,354.09,2011-02
12847,843.64,1,1,843.64,1.0,843.64,2011-11
12849,1010.29,2,9,505.145,0.2222222222222222,1010.2899999999998,2011-03
12851,131.81,1,1,131.81,1.0,131.81,2011-09
12852,311.55,1,1,311.55,1.0,311.55,2011-02
12853,1957.1000000000001,6,7,326.18333333333334,0.8571428571428571,1957.1,2011-01
12854,1316.25,3,9,438.75,0.3333333333333333,1316.25,2011-01
12855,38.1,1,1,38.1,1.0,38.1,2010-12
12856,2170.78,6,3,361.7966666666667,2.0,2170.78,2011-10
12857,1106.4,2,4,553.2,0.5,1106.4,2011-02
12863,521.2,1,1,521.2,1.0,521.2,2011-10
12864,147.12,1,1,147.12,1.0,147.12,2011-07
12865,1568.23,2,4,784.115,0.5,1568.23,2011-08
12866,559.12,1,1,559.12,1.0,559.12,2011-03
12867,4009.34,7,12,572.7628571428571,0.5833333333333334,4009.34,2010-12
12868,1607.0600000000002,6,7,267.84333333333336,0.8571428571428571,1607.0600000000002,2010-12
12871,380.64,2,5,190.32,0.4,380.64,2011-05
12872,599.97,2,2,299.985,1.0,599.97,2010-12
12873,374.0,1,1,374.0,1.0,374.0,2011-03
12875,343.2300000000001,2,8,171.61500000000004,0.25,343.2300000000001,2010-12
12876,2218.02,2,6,1109.01,0.3333333333333333,2218.0199999999995,2011-05
12877,1535.77,12,13,127.98083333333334,0.9230769230769231,1535.7700000000002,2010-12
12878,854.99,2,2,427.495,1.0,854.99,2011-03
12879,573.22,3,2,191.07333333333335,1.5,573.22,2011-09
12881,298.0,1,1,298.0,1.0,298.0,2011-03
12882,1463.04,2,1,731.52,2.0,1463.04,2011-11
12883,703.47,4,3,175.8675,1.3333333333333333,703.47,2011-09
12884,309.05,1,1,309.05,1.0,309.05,2011-09
12885,1175.22,3,3,391.74,1.0,1175.22,2011-08
12886,1378.4,2,6,689.2,0.3333333333333333,1378.4,2011-05
12888,354.12,2,3,177.06,0.6666666666666666,354.12,2011-03
12890,376.72,1,1,376.72,1.0,376.72,2011-11
12891,331.0,3,5,110.33333333333333,0.6,330.99999999999994,2011-02
12893,176.55,1,1,176.55,1.0,176.55,2011-11
12895,372.8,2,2,186.4,1.0,372.8,2011-09
12897,216.5,2,4,108.25,0.5,216.5,2011-02
12901,17654.54,28,10,630.5192857142857,2.8,17654.54,2011-03
12902,138.68,1,1,138.68,1.0,138.68,2011-03
12904,496.06,2,6,248.03,0.3333333333333333,496.05999999999995,2011-06
12906,2919.81,5,3,583.962,1.6666666666666667,2919.81,2011-09
12908,750.0,2,6,375.0,0.3333333333333333,750.0,2011-01
12909,2178.67,5,8,435.73400000000004,0.625,2178.67,2011-03
12910,3075.04,8,8,384.38,1.0,3075.04,2011-04
12912,1662.3,5,3,332.46,1.6666666666666667,1662.3000000000002,2011-10
12913,2483.63,5,13,496.726,0.38461538461538464,2483.63,2010-12
12915,363.65,2,8,181.825,0.25,363.65,2010-12
12916,2944.95,4,7,736.2375,0.5714285714285714,2944.95,2011-01
12917,594.0,1,1,594.0,1.0,594.0,2011-08
12919,1335.19,6,7,222.53166666666667,0.8571428571428571,1335.19,2011-06
12920,162.78,1,1,162.78,1.0,162.78,2011-11
12921,16587.09,37,12,448.29972972972973,3.0833333333333335,16587.090000000004,2010-12
12922,405.38,1,1,405.38,1.0,405.38,2011-07
12923,172.82,1,1,172.82,1.0,172.82,2011-10
12924,933.7,4,9,233.425,0.4444444444444444,933.6999999999999,2011-01
12925,694.05,2,4,347.025,0.5,694.05,2011-09
12928,2062.7000000000003,5,12,412.5400000000001,0.4166666666666667,2062.7000000000007,2010-12
12929,117.85,1,1,117.85,1.0,117.85,2011-02
12930,415.8,2,4,207.9,0.5,415.8,2011-06
12931,42055.96,15,12,2803.730666666667,1.25,42055.96,2010-12
12933,607.53,3,9,202.51,0.3333333333333333,607.53,2011-03
12935,2160.7,7,12,308.6714285714285,0.5833333333333334,2160.7,2011-01
12936,1063.9,4,3,265.975,1.3333333333333333,1063.9,2011-09
12937,1504.27,4,9,376.0675,0.4444444444444444,1504.2699999999998,2011-03
12938,114.14,1,1,114.14,1.0,114.14,2011-11
12939,11581.8,8,10,1447.725,0.8,11581.800000000001,2011-01
12940,899.6899999999999,2,2,449.84499999999997,1.0,899.6899999999999,2011-09
12942,675.6,3,8,225.20000000000002,0.375,675.6,2010-12
12944,604.51,2,12,302.255,0.16666666666666666,604.51,2010-12
12945,462.95,1,1,462.95,1.0,462.95,2011-02
12947,1603.99,6,8,267.33166666666665,0.75,1603.9899999999998,2010-12
12948,2064.95,7,9,294.99285714285713,0.7777777777777778,2064.9500000000003,2011-03
12949,4167.22,8,8,520.9025,1.0,4167.22,2011-04
12950,1843.0,3,2,614.3333333333334,1.5,1843.0,2011-11
12951,1064.07,6,12,177.345,0.5,1064.07,2011-01
12952,1387.79,4,4,346.9475,1.0,1387.79,2011-09
12953,329.85,1,1,329.85,1.0,329.85,2011-11
12955,4757.16,11,10,432.4690909090909,1.1,4757.16,2011-03
12956,108.07,1,1,108.07,1.0,108.07,2011-02
12957,4017.54,8,11,502.1925,0.7272727272727273,4017.54,2011-01
12962,266.39,2,5,133.195,0.4,266.39,2011-08
12963,1856.63,8,13,232.07875,0.6153846153846154,1856.63,2010-12
12965,769.8100000000001,1,1,769.8100000000001,1.0,769.8100000000001,2011-09
12966,160.18,1,1,160.18,1.0,160.18,2011-11
12967,1660.9,2,1,830.45,2.0,1660.9,2010-12
12968,135.95,1,1,135.95,1.0,135.95,2011-08
12970,405.47,4,12,101.3675,0.3333333333333333,405.47,2011-01
12971,11189.91,86,13,130.11523255813952,6.615384615384615,11189.909999999998,2010-12
12974,144.8,1,1,144.8,1.0,144.8,2011-05
12976,738.6,1,1,738.6,1.0,738.6,2011-05
12977,39.24,1,1,39.24,1.0,39.24,2011-07
12980,7374.900000000001,9,8,819.4333333333334,1.125,7374.900000000001,2010-12
12981,372.21999999999997,2,5,186.10999999999999,0.4,372.22,2011-07
12982,390.54,1,1,390.54,1.0,390.54,2011-04
12984,97.5,1,1,97.5,1.0,97.5,2011-11
12985,1239.38,2,2,619.69,1.0,1239.38,2011-11
12987,558.7,2,5,279.35,0.4,558.7,2011-05
12988,505.82,1,1,505.82,1.0,505.82,2011-02
12989,6924.11,15,13,461.6073333333333,1.1538461538461537,6924.11,2010-12
12990,409.5,3,10,136.5,0.3,409.49999999999994,2011-02
12991,503.76,2,4,251.88,0.5,503.76,2011-08
12993,414.76,4,10,103.69,0.4,414.76,2011-02
12994,974.4200000000001,3,10,324.8066666666667,0.3,974.42,2011-03
12995,211.32,1,1,211.32,1.0,211.32,2011-09
12997,1226.89,4,11,306.7225,0.36363636363636365,1226.89,2011-01
12999,455.88,3,2,151.96,1.5,455.88,2011-04
13000,534.85,3,9,178.28333333333333,0.3333333333333333,534.85,2010-12
13001,9785.970000000001,13,12,752.7669230769231,1.0833333333333333,9785.970000000001,2011-01
13002,120.94999999999999,1,1,120.94999999999999,1.0,120.94999999999999,2011-01
13003,149.05,3,4,49.68333333333334,0.75,149.05,2011-05
13004,5655.91,18,12,314.21722222222223,1.5,5655.91,2010-12
13005,513.7,2,3,256.85,0.6666666666666666,513.7,2011-04
13006,81.57,1,1,81.57,1.0,81.57,2011-10
13008,229.46999999999997,1,1,229.46999999999997,1.0,229.46999999999997,2011-01
13011,50.550000000000004,1,1,50.550000000000004,1.0,50.550000000000004,2010-12
13012,1646.8400000000001,8,10,205.85500000000002,0.8,1646.8400000000001,2011-02
13013,4810.9400000000005,13,13,370.07230769230773,1.0,4810.9400000000005,2010-12
13014,3466.28,10,9,346.62800000000004,1.1111111111111112,3466.2800000000007,2011-03
13015,3339.64,5,7,667.928,0.7142857142857143,3339.6400000000003,2011-04
13016,789.89,3,2,263.2966666666667,1.5,789.8900000000001,2011-08
13017,204.0,1,1,204.0,1.0,204.0,2011-12
13018,7277.7,28,10,259.91785714285714,2.8,7277.7,2011-02
13021,2616.38,9,13,290.7088888888889,0.6923076923076923,2616.38,2010-12
13023,689.9,2,3,344.95,0.6666666666666666,689.8999999999999,2011-08
13026,975.36,5,10,195.072,0.5,975.36,2011-03
13027,6912.0,6,9,1152.0,0.6666666666666666,6912.0,2010-12
13028,661.3199999999999,2,2,330.65999999999997,1.0,661.3199999999999,2011-10
13029,1247.5,3,12,415.8333333333333,0.25,1247.5,2010-12
13030,752.4399999999999,2,12,376.21999999999997,0.16666666666666666,752.4399999999999,2010-12
13032,1010.18,2,2,505.09,1.0,1010.18,2011-09
13033,190.55,1,1,190.55,1.0,190.55,2010-12
13034,642.77,2,11,321.385,0.18181818181818182,642.77,2010-12
13035,921.88,2,7,460.94,0.2857142857142857,921.8799999999999,2011-03
13037,881.07,3,5,293.69,0.6,881.0699999999999,2011-03
13038,908.46,3,8,302.82,0.375,908.46,2011-02
13040,676.99,2,2,338.495,1.0,676.99,2011-11
13043,516.42,1,1,516.42,1.0,516.42,2011-03
13044,560.47,1,1,560.47,1.0,560.47,2011-02
13045,305.28,1,1,305.28,1.0,305.28,2011-09
13046,629.3100000000001,2,9,314.65500000000003,0.2222222222222222,629.31,2011-03
13047,3237.54,10,12,323.754,0.8333333333333334,3237.54,2010-12
13048,1819.41,4,11,454.8525,0.36363636363636365,1819.41,2011-01
13049,656.6800000000001,2,10,328.34000000000003,0.2,656.6800000000001,2011-01
13050,5836.86,17,12,343.3447058823529,1.4166666666666667,5836.86,2010-12
13052,348.15000000000003,1,1,348.15000000000003,1.0,348.15000000000003,2011-05
13055,1214.41,3,5,404.80333333333334,0.6,1214.41,2011-05
13058,271.4,3,5,90.46666666666665,0.6,271.4,2011-07
13059,183.4,1,1,183.4,1.0,183.4,2011-04
13060,307.53,1,1,307.53,1.0,307.53,2011-03
13061,248.61,1,1,248.61,1.0,248.61,2011-09
13062,346.98,1,1,346.98,1.0,346.98,2011-06
13064,1105.59,4,11,276.3975,0.36363636363636365,1105.59,2011-01
13065,205.86,1,1,205.86,1.0,205.86,2010-12
13066,470.8,2,1,235.4,2.0,470.8,2011-11
13067,115.46000000000001,1,1,115.46000000000001,1.0,115.46000000000001,2011-09
13068,344.0,2,11,172.0,0.18181818181818182,344.0,2011-01
13069,4431.44,24,13,184.64333333333332,1.8461538461538463,4431.44,2010-12
13070,228.8,1,1,228.8,1.0,228.8,2011-05
13072,177.15,1,1,177.15,1.0,177.15,2011-03
13075,919.61,1,1,919.61,1.0,919.61,2011-08
13077,728.02,4,13,182.005,0.3076923076923077,728.0200000000001,2010-12
13078,12627.94,26,13,485.69,2.0,12627.94,2010-12
13079,220.10000000000002,5,6,44.02,0.8333333333333334,220.10000000000002,2011-07
13080,58.08,1,1,58.08,1.0,58.08,2011-06
13081,28337.38,11,12,2576.1254545454544,0.9166666666666666,28337.379999999997,2010-12
13082,3613.63,9,8,401.51444444444445,1.125,3613.63,2011-01
13083,303.75,2,4,151.875,0.5,303.75,2011-09
13085,416.08000000000004,2,6,208.04000000000002,0.3333333333333333,416.08,2011-02
13089,58762.08,97,13,605.7946391752578,7.461538461538462,58762.08000000001,2010-12
13090,8910.82,14,13,636.4871428571429,1.0769230769230769,8910.82,2010-12
13091,345.82,1,1,345.82,1.0,345.82,2011-11
13092,477.83,5,10,95.566,0.5,477.83000000000004,2010-12
13093,7832.47,8,4,979.05875,2.0,7832.47,2010-12
13094,1927.3200000000002,12,12,160.61,1.0,1927.3200000000002,2010-12
13095,74.39999999999999,1,1,74.39999999999999,1.0,74.39999999999999,2011-09
13097,6003.22,10,12,600.322,0.8333333333333334,6003.22,2010-12
13098,28882.44,28,12,1031.5157142857142,2.3333333333333335,28882.44,2011-01
13099,207.35999999999999,1,1,207.35999999999999,1.0,207.35999999999999,2011-09
13101,101.19,1,1,101.19,1.0,101.19,2011-04
13102,6424.09,24,13,267.67041666666665,1.8461538461538463,6424.09,2010-12
13103,243.94,1,1,243.94,1.0,243.94,2011-10
13104,1098.48,6,13,183.08,0.46153846153846156,1098.4800000000002,2010-12
13106,76.5,1,1,76.5,1.0,76.5,2011-07
13107,1531.62,4,10,382.905,0.4,1531.6200000000001,2011-01
13108,350.06,1,1,350.06,1.0,350.06,2010-12
13109,786.54,2,4,393.27,0.5,786.54,2011-07
13110,1488.67,7,10,212.66714285714286,0.7,1488.6699999999998,2011-02
13113,12245.960000000001,24,13,510.2483333333334,1.8461538461538463,12245.960000000003,2010-12
13115,2294.78,4,6,573.695,0.6666666666666666,2294.78,2011-06
13116,501.14,1,1,501.14,1.0,501.14,2011-07
13117,984.91,8,12,123.11375,0.6666666666666666,984.9099999999999,2010-12
13118,1197.81,5,10,239.56199999999998,0.5,1197.81,2011-02
13120,30.599999999999998,1,1,30.599999999999998,1.0,30.599999999999998,2011-04
13121,283.73,1,1,283.73,1.0,283.73,2011-03
13122,922.39,2,6,461.195,0.3333333333333333,922.3899999999999,2011-04
13124,3756.33,3,10,1252.11,0.3,3756.33,2010-12
13126,2099.64,8,13,262.455,0.6153846153846154,2099.64,2010-12
13127,259.17,1,1,259.17,1.0,259.17,2011-09
13130,64.0,1,1,64.0,1.0,64.0,2011-09
13131,1073.3,3,6,357.76666666666665,0.5,1073.3,2011-06
13132,77.3,1,1,77.3,1.0,77.3,2011-03
13133,109.8,2,2,54.9,1.0,109.8,2011-02
13134,1793.58,4,6,448.395,0.6666666666666666,1793.5799999999997,2011-04
13135,3096.0,1,1,3096.0,1.0,3096.0,2011-05
13136,2607.61,5,6,521.522,0.8333333333333334,2607.6100000000006,2011-05
13137,3603.29,8,10,450.41125,0.8,3603.29,2011-02
13138,962.39,6,12,160.39833333333334,0.5,962.3900000000001,2010-12
13139,5064.94,7,9,723.5628571428571,0.7777777777777778,5064.94,2011-03
13140,422.47,3,9,140.82333333333335,0.3333333333333333,422.47,2010-12
13141,2388.75,5,9,477.75,0.5555555555555556,2388.75,2011-01
13142,307.09,1,1,307.09,1.0,307.09,2011-11
13144,110.95,1,1,110.95,1.0,110.95,2011-01
13145,618.52,4,11,154.63,0.36363636363636365,618.52,2010-12
13146,228.91,1,1,228.91,1.0,228.91,2011-11
13147,712.8000000000001,4,3,178.20000000000002,1.3333333333333333,712.8000000000001,2011-09
13148,3683.26,12,12,306.93833333333333,1.0,3683.26,2010-12
13149,1676.06,4,10,419.015,0.4,1676.06,2011-02
13151,1257.8700000000001,1,1,1257.8700000000001,1.0,1257.8700000000001,2011-02
13153,486.22,1,1,486.22,1.0,486.22,2011-12
13155,971.76,4,12,242.94,0.3333333333333333,971.7599999999999,2010-12
13157,1741.22,4,9,435.305,0.4444444444444444,1741.2199999999998,2011-02
13158,1201.06,4,9,300.265,0.4444444444444444,1201.0599999999997,2011-01
13159,1429.35,4,5,357.3375,0.8,1429.35,2011-08
13160,91.8,1,1,91.8,1.0,91.8,2011-11
13161,112.75,1,1,112.75,1.0,112.75,2011-01
13162,1688.29,4,8,422.0725,0.5,1688.29,2011-01
13165,1021.48,2,11,510.74,0.18181818181818182,1021.48,2010-12
13166,417.2,1,1,417.2,1.0,417.2,2011-03
13167,791.3299999999999,4,5,197.83249999999998,0.8,791.3299999999999,2011-07
13168,1299.59,4,11,324.8975,0.36363636363636365,1299.59,2011-01
13169,712.88,2,7,356.44,0.2857142857142857,712.8799999999999,2011-04
13170,108.81,1,1,108.81,1.0,108.81,2011-11
13171,468.40999999999997,3,10,156.13666666666666,0.3,468.40999999999997,2011-02
13173,353.65,2,13,176.825,0.15384615384615385,353.65,2010-12
13174,2742.82,3,12,914.2733333333334,0.25,2742.82,2010-12
13176,481.49,1,1,481.49,1.0,481.49,2011-10
13177,282.45,1,1,282.45,1.0,282.45,2011-10
13178,5725.47,11,12,520.4972727272727,0.9166666666666666,5725.47,2010-12
13182,121.18,1,1,121.18,1.0,121.18,2011-10
13183,3957.78,9,12,439.75333333333333,0.75,3957.7799999999997,2011-01
13184,1668.95,10,10,166.895,1.0,1668.95,2011-02
13185,71.4,1,1,71.4,1.0,71.4,2011-03
13186,1575.89,3,3,525.2966666666667,1.0,1575.8900000000003,2011-08
13187,236.02,1,1,236.02,1.0,236.02,2011-01
13188,114.60000000000001,1,1,114.60000000000001,1.0,114.60000000000001,2011-11
13189,260.68,2,4,130.34,0.5,260.68,2011-08
13192,911.94,2,5,455.97,0.4,911.9400000000002,2011-05
13193,112.08,1,1,112.08,1.0,112.08,2011-10
13194,60.7,1,1,60.7,1.0,60.7,2011-07
13196,1797.78,4,9,449.445,0.4444444444444444,1797.78,2011-03
13198,3401.2400000000002,6,12,566.8733333333333,0.5,3401.24,2010-12
13199,9817.12,38,13,258.34526315789475,2.923076923076923,9817.119999999999,2010-12
13200,870.09,4,4,217.5225,1.0,870.09,2011-08
13203,869.46,4,8,217.365,0.5,869.46,2011-04
13207,250.26000000000002,2,5,125.13000000000001,0.4,250.26000000000005,2011-07
13208,1217.65,6,9,202.9416666666667,0.6666666666666666,1217.65,2011-02
13209,5891.61,8,12,736.45125,0.6666666666666666,5891.61,2010-12
13210,353.48,1,1,353.48,1.0,353.48,2011-09
13211,1095.42,3,12,365.14000000000004,0.25,1095.42,2010-12
13212,786.83,3,2,262.2766666666667,1.5,786.8300000000002,2011-10
13213,1520.58,5,6,304.116,0.8333333333333334,1520.58,2011-05
13216,333.74,1,1,333.74,1.0,333.74,2011-03
13217,533.98,3,2,177.99333333333334,1.5,533.98,2011-07
13218,62.63999999999999,1,1,62.63999999999999,1.0,62.63999999999999,2011-08
13220,819.2900000000001,4,6,204.82250000000002,0.6666666666666666,819.2900000000001,2011-04
13221,847.41,2,5,423.705,0.4,847.41,2010-12
13223,163.20000000000002,2,2,81.60000000000001,1.0,163.20000000000002,2011-04
13224,2155.95,2,4,1077.975,0.5,2155.95,2011-07
13225,6463.84,7,13,923.4057142857143,0.5384615384615384,6463.84,2010-12
13226,108.21,1,1,108.21,1.0,108.21,2011-03
13227,257.7,1,1,257.7,1.0,257.7,2011-05
13228,358.0,1,1,358.0,1.0,358.0,2011-09
13229,160.95,1,1,160.95,1.0,160.95,2011-04
13230,2755.63,14,13,196.8307142857143,1.0769230769230769,2755.63,2010-12
13232,1328.35,7,8,189.7642857142857,0.875,1328.35,2011-04
13233,605.12,2,9,302.56,0.2222222222222222,605.1199999999999,2011-01
13235,1031.07,1,1,1031.07,1.0,1031.07,2011-05
13236,744.85,2,4,372.425,0.5,744.85,2011-08
13238,700.73,4,12,175.1825,0.3333333333333333,700.73,2010-12
13239,329.56,1,1,329.56,1.0,329.56,2011-03
13240,663.65,4,10,165.9125,0.4,663.65,2010-12
13242,270.40000000000003,3,4,90.13333333333334,0.75,270.40000000000003,2011-05
13243,585.12,1,1,585.12,1.0,585.12,2011-05
13244,121.74,1,1,121.74,1.0,121.74,2011-09
13245,430.5,1,1,430.5,1.0,430.5,2011-10
13246,1961.52,6,11,326.92,0.5454545454545454,1961.52,2011-01
13247,501.12,4,3,125.28,1.3333333333333333,501.12,2011-09
13248,465.68,2,3,232.84,0.6666666666666666,465.67999999999995,2011-06
13249,711.41,3,7,237.13666666666666,0.42857142857142855,711.41,2011-03
13253,1030.4,2,7,515.2,0.2857142857142857,1030.4,2011-01
13255,399.51,2,12,199.755,0.16666666666666666,399.51,2010-12
13258,672.83,3,7,224.27666666666667,0.42857142857142855,672.83,2011-05
13259,283.18,1,1,283.18,1.0,283.18,2011-10
13260,557.62,1,1,557.62,1.0,557.62,2011-10
13261,944.1,2,2,472.05,1.0,944.1,2011-02
13262,200.29,1,1,200.29,1.0,200.29,2011-03
13263,7436.93,35,12,212.48371428571429,2.9166666666666665,7436.929999999999,2011-01
13265,2092.66,5,8,418.532,0.625,2092.66,2011-03
13266,3834.2599999999998,12,9,319.52166666666665,1.3333333333333333,3834.2599999999998,2011-03
13267,4521.49,19,13,237.97315789473683,1.4615384615384615,4521.49,2010-12
13268,3174.75,11,9,288.6136363636364,1.2222222222222223,3174.7500000000005,2011-03
13269,5343.28,15,13,356.21866666666665,1.1538461538461537,5343.279999999999,2010-12
13270,590.0,1,1,590.0,1.0,590.0,2010-12
13271,211.49,1,1,211.49,1.0,211.49,2011-11
13272,276.56,2,3,138.28,0.6666666666666666,276.56,2011-09
13273,138.98,1,1,138.98,1.0,138.98,2011-08
13276,590.9300000000001,2,2,295.46500000000003,1.0,590.9300000000001,2011-09
13277,258.4,4,5,64.6,0.8,258.4,2011-07
13278,542.73,1,1,542.73,1.0,542.73,2011-10
13279,137.75,1,1,137.75,1.0,137.75,2011-09
13280,798.46,3,8,266.15333333333336,0.375,798.46,2011-01
13282,1132.14,3,7,377.38000000000005,0.42857142857142855,1132.14,2011-05
13283,93.66,2,5,46.83,0.4,93.66,2011-06
13284,201.19,1,1,201.19,1.0,201.19,2011-01
13285,2709.12,4,10,677.28,0.4,2709.12,2011-02
13291,361.11,1,1,361.11,1.0,361.11,2011-07
13292,578.9399999999999,2,10,289.46999999999997,0.2,578.9399999999999,2011-02
13294,873.74,2,3,436.87,0.6666666666666666,873.74,2011-04
13295,201.20000000000002,1,1,201.20000000000002,1.0,201.20000000000002,2010-12
13296,87.4,1,1,87.4,1.0,87.4,2011-07
13297,2089.85,4,3,522.4625,1.3333333333333333,2089.8499999999995,2011-10
13298,360.0,1,1,360.0,1.0,360.0,2011-12
13299,142.5,1,1,142.5,1.0,142.5,2011-03
13300,371.89,1,1,371.89,1.0,371.89,2011-06
13301,618.09,4,7,154.5225,0.5714285714285714,618.09,2011-02
13302,63.75,1,1,63.75,1.0,63.75,2011-07
13304,300.42,1,1,300.42,1.0,300.42,2010-12
13305,2000.86,10,13,200.08599999999998,0.7692307692307693,2000.86,2010-12
13307,15.0,1,1,15.0,1.0,15.0,2011-08
13308,1385.51,3,7,461.83666666666664,0.42857142857142855,1385.5099999999998,2011-05
13309,1456.79,5,11,291.358,0.45454545454545453,1456.79,2011-02
13310,1132.03,3,11,377.3433333333333,0.2727272727272727,1132.0299999999997,2011-01
13311,598.57,2,6,299.285,0.3333333333333333,598.57,2011-07
13313,1555.32,5,11,311.06399999999996,0.45454545454545453,1555.3199999999997,2011-01
13314,775.94,3,4,258.6466666666667,0.75,775.94,2011-09
13316,5732.93,4,9,1433.2325,0.4444444444444444,5732.93,2011-03
13317,2273.68,6,11,378.94666666666666,0.5454545454545454,2273.68,2010-12
13318,640.76,3,2,213.58666666666667,1.5,640.76,2011-11
13319,10845.550000000001,26,13,417.1365384615385,2.0,10845.550000000001,2010-12
13320,1532.2,4,5,383.05,0.8,1532.2,2011-05
13321,567.36,2,1,283.68,2.0,567.36,2011-09
13322,199.48000000000002,1,1,199.48000000000002,1.0,199.48000000000002,2011-11
13323,787.85,5,4,157.57,1.25,787.8499999999999,2011-09
13324,7121.95,10,12,712.1949999999999,0.8333333333333334,7121.949999999999,2010-12
13325,675.3,1,1,675.3,1.0,675.3,2011-09
13327,3627.77,8,12,453.47125,0.6666666666666666,3627.77,2010-12
13328,1308.48,1,1,1308.48,1.0,1308.48,2011-01
13329,789.0,2,12,394.5,0.16666666666666666,789.0,2010-12
13330,1140.93,3,9,380.31,0.3333333333333333,1140.93,2011-01
13332,350.9,1,1,350.9,1.0,350.9,2011-11
13334,3502.32,3,8,1167.44,0.375,3502.32,2011-02
13336,795.12,1,1,795.12,1.0,795.12,2011-09
13338,487.02,1,1,487.02,1.0,487.02,2011-07
13339,860.12,1,1,860.12,1.0,860.12,2011-05
13340,10736.48,7,8,1533.782857142857,0.875,10736.48,2011-03
13341,775.85,1,1,775.85,1.0,775.85,2011-03
13343,353.43,1,1,353.43,1.0,353.43,2011-06
13344,2511.69,3,8,837.23,0.375,2511.69,2011-03
13345,389.5,1,1,389.5,1.0,389.5,2011-02
13347,341.36,1,1,341.36,1.0,341.36,2011-09
13348,233.76,1,1,233.76,1.0,233.76,2011-10
13349,247.32,1,1,247.32,1.0,247.32,2011-11
13350,979.12,2,3,489.56,0.6666666666666666,979.12,2011-09
13351,373.94,1,1,373.94,1.0,373.94,2011-10
13352,397.97999999999996,1,1,397.97999999999996,1.0,397.97999999999996,2011-10
13354,743.53,1,1,743.53,1.0,743.53,2011-09
13355,674.7,1,1,674.7,1.0,674.7,2011-08
13356,768.24,1,1,768.24,1.0,768.24,2011-09
13357,609.4,1,1,609.4,1.0,609.4,2011-03
13358,439.03000000000003,1,1,439.03000000000003,1.0,439.03000000000003,2011-03
13359,439.56,1,1,439.56,1.0,439.56,2011-10
13362,3090.7400000000002,4,10,772.6850000000001,0.4,3090.7400000000007,2011-02
13363,992.5,2,2,496.25,1.0,992.5,2011-10
13364,134.95999999999998,1,1,134.95999999999998,1.0,134.95999999999998,2011-09
13365,2225.37,2,7,1112.685,0.2857142857142857,2225.37,2011-05
13366,56.160000000000004,1,1,56.160000000000004,1.0,56.160000000000004,2011-10
13368,623.4,2,3,311.7,0.6666666666666666,623.4,2011-01
13369,308.28000000000003,1,1,308.28000000000003,1.0,308.28000000000003,2010-12
13370,754.87,1,1,754.87,1.0,754.87,2010-12
13372,378.64,1,1,378.64,1.0,378.64,2011-09
13373,3312.25,3,8,1104.0833333333333,0.375,3312.25,2011-03
13375,778.65,1,1,778.65,1.0,778.65,2011-09
13376,1019.76,3,6,339.92,0.5,1019.76,2011-04
13379,572.5600000000001,3,5,190.85333333333335,0.6,572.5600000000001,2011-07
13381,3639.31,6,10,606.5516666666666,0.6,3639.31,2011-02
13382,222.99,1,1,222.99,1.0,222.99,2011-03
13384,4151.93,7,6,593.1328571428572,1.1666666666666667,4151.93,2011-06
13385,534.57,1,1,534.57,1.0,534.57,2011-01
13388,677.1,2,1,338.55,2.0,677.1,2011-07
13389,797.96,3,8,265.9866666666667,0.375,797.96,2011-04
13390,544.08,1,1,544.08,1.0,544.08,2011-09
13391,59.8,1,1,59.8,1.0,59.8,2011-05
13394,2520.02,8,11,315.0025,0.7272727272727273,2520.02,2011-02
13395,307.71999999999997,1,1,307.71999999999997,1.0,307.71999999999997,2011-06
13396,1360.99,2,11,680.495,0.18181818181818182,1360.99,2011-01
13397,1544.13,5,9,308.826,0.5555555555555556,1544.13,2011-01
13398,457.34,1,1,457.34,1.0,457.34,2011-05
13402,621.23,2,9,310.615,0.2222222222222222,621.23,2010-12
13403,75.0,1,1,75.0,1.0,75.0,2011-11
13404,252.49,2,8,126.245,0.25,252.49,2011-05
13405,572.451,3,9,190.817,0.3333333333333333,572.451,2011-01
13408,28117.04,62,13,453.5006451612903,4.769230769230769,28117.04,2010-12
13410,1003.06,5,10,200.612,0.5,1003.06,2011-02
13411,213.55,1,1,213.55,1.0,213.55,2011-08
13414,1390.5,3,6,463.5,0.5,1390.5,2011-02
13416,712.5,2,2,356.25,1.0,712.5,2011-09
13417,640.83,2,8,320.415,0.25,640.83,2011-05
13418,6127.43,18,12,340.4127777777778,1.5,6127.43,2010-12
13419,221.06,1,1,221.06,1.0,221.06,2011-10
13420,159.85,2,2,79.925,1.0,159.85,2011-06
13421,1833.71,2,9,916.855,0.2222222222222222,1833.7099999999998,2011-02
13422,2626.3,1,1,2626.3,1.0,2626.3,2011-10
13425,1624.21,3,7,541.4033333333333,0.42857142857142855,1624.2099999999998,2011-02
13426,3641.32,10,13,364.132,0.7692307692307693,3641.3200000000006,2010-12
13427,582.6,3,7,194.20000000000002,0.42857142857142855,582.6,2011-05
13428,201.78,1,1,201.78,1.0,201.78,2011-11
13429,1006.8,4,3,251.7,1.3333333333333333,1006.8,2011-09
13430,679.45,2,3,339.725,0.6666666666666666,679.45,2011-09
13431,1269.1,2,2,634.55,1.0,1269.1,2011-09
13434,534.2400000000001,2,1,267.12000000000006,2.0,534.2400000000001,2011-09
13435,3809.89,7,7,544.27,1.0,3809.89,2011-06
13436,196.89,1,1,196.89,1.0,196.89,2011-12
13437,3408.06,7,6,486.86571428571426,1.1666666666666667,3408.06,2011-06
13439,283.71,1,1,283.71,1.0,283.71,2011-03
13441,296.64,1,1,296.64,1.0,296.64,2011-09
13447,1129.14,3,1,376.38000000000005,3.0,1129.14,2011-11
13448,3534.69,6,12,589.115,0.5,3534.69,2010-12
13449,291.88,1,1,291.88,1.0,291.88,2011-11
13450,2043.72,6,7,340.62,0.8571428571428571,2043.7199999999998,2011-05
13451,2898.2599999999998,5,11,579.6519999999999,0.45454545454545453,2898.2599999999998,2011-01
13452,590.0,2,1,295.0,2.0,590.0,2011-03
13453,356.97999999999996,2,5,178.48999999999998,0.4,356.98,2011-02
13455,1058.34,2,12,529.17,0.16666666666666666,1058.34,2010-12
13456,1766.72,6,7,294.4533333333333,0.8571428571428571,1766.7199999999998,2011-05
13458,9646.57,14,13,689.0407142857142,1.0769230769230769,9646.57,2010-12
13460,183.44,2,2,91.72,1.0,183.44,2011-10
13461,1445.0,3,6,481.6666666666667,0.5,1445.0,2011-06
13462,151.5,1,1,151.5,1.0,151.5,2011-04
13464,674.68,1,1,674.68,1.0,674.68,2011-10
13466,307.9,1,1,307.9,1.0,307.9,2011-06
13467,1071.91,2,1,535.955,2.0,1071.91,2011-11
13468,5704.97,37,13,154.1883783783784,2.8461538461538463,5704.97,2010-12
13470,165.0,2,2,82.5,1.0,165.0,2011-08
13471,2501.84,4,3,625.46,1.3333333333333333,2501.84,2011-10
13473,422.64,2,10,211.32,0.2,422.64000000000004,2011-01
13474,226.84,1,1,226.84,1.0,226.84,2011-04
13475,1431.78,4,5,357.945,0.8,1431.78,2011-02
13476,1238.47,2,4,619.235,0.5,1238.47,2011-03
13477,1454.58,6,10,242.42999999999998,0.6,1454.5799999999997,2011-02
13479,300.95,2,2,150.475,1.0,300.95,2011-04
13481,1804.56,5,8,360.912,0.625,1804.56,2011-03
13482,184.64,1,1,184.64,1.0,184.64,2011-04
13483,140.34,1,1,140.34,1.0,140.34,2011-10
13484,313.8,1,1,313.8,1.0,313.8,2011-04
13485,454.24,1,1,454.24,1.0,454.24,2011-04
13486,1122.41,3,3,374.1366666666667,1.0,1122.41,2011-07
13487,575.4,3,11,191.79999999999998,0.2727272727272727,575.3999999999999,2010-12
13488,8968.31,13,12,689.87,1.0833333333333333,8968.31,2010-12
13489,449.52,4,7,112.38,0.5714285714285714,449.5199999999999,2011-02
13491,1215.82,10,11,121.582,0.9090909090909091,1215.82,2010-12
13492,1269.84,3,3,423.28,1.0,1269.84,2011-05
13493,618.63,2,2,309.315,1.0,618.63,2011-02
13494,316.26000000000005,1,1,316.26000000000005,1.0,316.26000000000005,2011-02
13495,2044.8700000000001,5,13,408.97400000000005,0.38461538461538464,2044.8700000000003,2010-12
13496,653.33,2,12,326.665,0.16666666666666666,653.33,2010-12
13497,348.05,2,4,174.025,0.5,348.05,2010-12
13499,1159.11,5,9,231.82199999999997,0.5555555555555556,1159.11,2011-03
13500,1166.77,3,4,388.92333333333335,0.75,1166.77,2011-08
13501,1340.32,1,1,1340.32,1.0,1340.32,2011-02
13502,292.0,3,11,97.33333333333333,0.2727272727272727,292.0,2011-01
13503,216.85,1,1,216.85,1.0,216.85,2011-09
13504,295.93,1,1,295.93,1.0,295.93,2011-10
13505,4393.63,4,6,1098.4075,0.6666666666666666,4393.63,2011-04
13506,458.52,2,2,229.26,1.0,458.52,2010-12
13507,2479.16,4,6,619.79,0.6666666666666666,2479.16,2011-07
13508,110.97,1,1,110.97,1.0,110.97,2011-04
13509,979.72,7,11,139.96,0.6363636363636364,979.72,2011-02
13510,1791.56,4,7,447.89,0.5714285714285714,1791.56,2011-06
13512,251.21,1,1,251.21,1.0,251.21,2011-03
13513,205.1,1,1,205.1,1.0,205.1,2011-08
13514,152.20000000000002,1,1,152.20000000000002,1.0,152.20000000000002,2011-09
13515,891.12,4,6,222.78,0.6666666666666666,891.1199999999999,2011-04
13516,1389.41,3,8,463.1366666666667,0.375,1389.41,2011-04
13517,2128.42,3,5,709.4733333333334,0.6,2128.42,2011-06
13518,627.16,1,1,627.16,1.0,627.16,2011-09
13519,122.75,1,1,122.75,1.0,122.75,2011-09
13520,3624.35,6,11,604.0583333333333,0.5454545454545454,3624.3499999999995,2010-12
13521,1071.73,3,2,357.24333333333334,1.5,1071.73,2011-11
13522,125.80000000000001,1,1,125.80000000000001,1.0,125.80000000000001,2011-11
13523,3964.88,5,12,792.976,0.4166666666666667,3964.88,2010-12
13524,680.1800000000001,5,6,136.036,0.8333333333333334,680.1800000000001,2011-05
13525,628.78,2,8,314.39,0.25,628.78,2011-04
13527,2242.36,7,11,320.33714285714285,0.6363636363636364,2242.36,2011-01
13529,307.76,2,5,153.88,0.4,307.76,2011-05
13531,483.8,2,6,241.9,0.3333333333333333,483.79999999999995,2010-12
13532,210.31,1,1,210.31,1.0,210.31,2011-11
13533,269.09,3,4,89.69666666666666,0.75,269.09,2011-03
13534,5870.08,25,13,234.8032,1.9230769230769231,5870.08,2010-12
13536,3444.39,7,4,492.05571428571426,1.75,3444.39,2011-09
13538,1280.85,7,10,182.97857142857143,0.7,1280.85,2011-01
13539,631.34,3,8,210.4466666666667,0.375,631.34,2011-02
13544,276.06,2,7,138.03,0.2857142857142857,276.05999999999995,2011-04
13546,621.09,3,7,207.03,0.42857142857142855,621.0899999999999,2011-05
13548,678.16,2,6,339.08,0.3333333333333333,678.16,2011-04
13549,918.2,7,8,131.17142857142858,0.875,918.2,2011-04
13551,91.80000000000001,1,1,91.80000000000001,1.0,91.80000000000001,2011-01
13552,3740.07,12,10,311.6725,1.2,3740.07,2011-01
13555,4098.88,4,5,1024.72,0.8,4098.88,2011-05
13557,584.06,2,9,292.03,0.2222222222222222,584.06,2011-03
13558,594.52,4,3,148.63,1.3333333333333333,594.52,2011-10
13560,171.42000000000002,1,1,171.42000000000002,1.0,171.42000000000002,2011-12
13561,141.86,1,1,141.86,1.0,141.86,2011-05
13562,1799.33,3,6,599.7766666666666,0.5,1799.33,2011-04
13563,777.53,2,3,388.765,0.6666666666666666,777.5299999999999,2011-07
13564,1724.67,3,8,574.89,0.375,1724.67,2010-12
13565,240.22,2,11,120.11,0.18181818181818182,240.22000000000003,2011-01
13566,856.84,2,2,428.42,1.0,856.84,2011-09
13568,187.05,1,1,187.05,1.0,187.05,2011-06
13569,338.62,2,12,169.31,0.16666666666666666,338.62,2010-12
13570,239.49,1,1,239.49,1.0,239.49,2011-04
13571,2088.94,12,9,174.07833333333335,1.3333333333333333,2088.94,2011-03
13572,1384.25,1,1,1384.25,1.0,1384.25,2011-05
13573,290.25,2,8,145.125,0.25,290.25,2011-03
13575,732.07,5,6,146.41400000000002,0.8333333333333334,732.0700000000002,2011-06
13576,6717.34,18,12,373.18555555555554,1.5,6717.34,2010-12
13577,1687.6,4,8,421.9,0.5,1687.6,2011-04
13579,467.04,2,12,233.52,0.16666666666666666,467.04,2010-12
13581,118.0,1,1,118.0,1.0,118.0,2011-02
13583,781.03,1,1,781.03,1.0,781.03,2011-07
13584,142.4,1,1,142.4,1.0,142.4,2011-02
13587,712.4,1,1,712.4,1.0,712.4,2011-10
13588,2478.95,9,9,275.43888888888887,1.0,2478.95,2011-03
13589,379.65,2,6,189.825,0.3333333333333333,379.65,2011-06
13590,1981.92,6,10,330.32,0.6,1981.9199999999998,2011-02
13591,1117.13,3,8,372.3766666666667,0.375,1117.13,2011-03
13592,247.95999999999998,4,9,61.989999999999995,0.4444444444444444,247.95999999999998,2011-03
13593,2011.88,5,8,402.37600000000003,0.625,2011.88,2011-01
13594,396.96999999999997,1,1,396.96999999999997,1.0,396.96999999999997,2011-10
13596,664.11,2,2,332.055,1.0,664.11,2011-11
13598,160.04,1,1,160.04,1.0,160.04,2011-10
13599,5149.92,21,13,245.2342857142857,1.6153846153846154,5149.92,2010-12
13600,219.51999999999998,1,1,219.51999999999998,1.0,219.51999999999998,2011-01
13601,693.32,2,6,346.66,0.3333333333333333,693.32,2011-05
13602,428.89,1,1,428.89,1.0,428.89,2011-10
13603,164.34,1,1,164.34,1.0,164.34,2011-11
13606,276.75,3,10,92.25,0.3,276.75,2011-02
13607,675.51,1,1,675.51,1.0,675.51,2011-10
13610,1082.33,7,10,154.6185714285714,0.7,1082.33,2011-02
13611,1154.4,3,10,384.8,0.3,1154.4,2010-12
13614,1585.46,4,11,396.365,0.36363636363636365,1585.4600000000003,2011-01
13615,417.69,1,1,417.69,1.0,417.69,2011-01
13617,544.18,3,5,181.39333333333332,0.6,544.18,2011-06
13618,177.34,1,1,177.34,1.0,177.34,2011-06
13621,213.85,1,1,213.85,1.0,213.85,2011-08
13623,727.74,5,10,145.548,0.5,727.74,2011-02
13626,257.23,1,1,257.23,1.0,257.23,2011-04
13627,1638.47,5,11,327.694,0.45454545454545453,1638.4700000000003,2010-12
13629,7792.36,11,11,708.3963636363636,1.0,7792.36,2011-01
13630,2031.78,7,11,290.2542857142857,0.6363636363636364,2031.7799999999997,2011-02
13631,3070.42,11,7,279.1290909090909,1.5714285714285714,3070.42,2011-03
13632,2118.93,5,8,423.78599999999994,0.625,2118.93,2011-04
13634,1547.3600000000001,5,11,309.47200000000004,0.45454545454545453,1547.3600000000001,2011-01
13635,1071.03,1,1,1071.03,1.0,1071.03,2011-10
13636,949.12,5,10,189.824,0.5,949.1200000000001,2011-02
13637,804.3,3,7,268.09999999999997,0.42857142857142855,804.2999999999998,2011-04
13638,122.64,1,1,122.64,1.0,122.64,2011-11
13639,1033.34,1,1,1033.34,1.0,1033.34,2011-09
13642,312.28000000000003,1,1,312.28000000000003,1.0,312.28000000000003,2011-05
13643,519.44,3,6,173.14666666666668,0.5,519.44,2011-06
13644,2624.26,4,4,656.065,1.0,2624.26,2011-08
13645,252.1,1,1,252.1,1.0,252.1,2011-08
13647,1648.1200000000001,4,8,412.03000000000003,0.5,1648.1200000000001,2011-04
13649,346.6,2,4,173.3,0.5,346.6,2010-12
13650,1836.3400000000001,6,9,306.0566666666667,0.6666666666666666,1836.34,2011-03
13651,94.2,2,2,47.1,1.0,94.2,2011-10
13652,1095.08,3,11,365.02666666666664,0.2727272727272727,1095.0799999999997,2010-12
13654,2707.33,6,8,451.22166666666664,0.75,2707.33,2011-03
13655,932.97,2,5,466.485,0.4,932.9700000000001,2011-04
13656,379.65,2,6,189.825,0.3333333333333333,379.65,2011-01
13657,382.14,2,7,191.07,0.2857142857142857,382.14,2011-05
13658,2639.17,5,7,527.8340000000001,0.7142857142857143,2639.1700000000005,2011-05
13659,1563.0,2,5,781.5,0.4,1563.0,2011-01
13662,881.26,3,7,293.75333333333333,0.42857142857142855,881.2599999999999,2011-03
13663,189.47,1,1,189.47,1.0,189.47,2011-06
13666,84.65,3,9,28.21666666666667,0.3333333333333333,84.64999999999999,2011-02
13667,299.05,1,1,299.05,1.0,299.05,2011-07
13668,6309.83,21,13,300.46809523809526,1.6153846153846154,6309.83,2010-12
13669,218.55,2,4,109.275,0.5,218.55,2011-07
13670,349.7,1,1,349.7,1.0,349.7,2011-09
13672,186.39000000000001,2,2,93.19500000000001,1.0,186.39000000000001,2011-01
13673,387.44,2,1,193.72,2.0,387.44,2011-11
13675,486.82000000000005,2,6,243.41000000000003,0.3333333333333333,486.82000000000005,2011-02
13678,232.6,1,1,232.6,1.0,232.6,2011-07
13680,3719.12,4,12,929.78,0.3333333333333333,3719.1199999999994,2011-01
13681,827.83,4,5,206.9575,0.8,827.8300000000002,2011-07
13682,59.5,1,1,59.5,1.0,59.5,2011-06
13684,65.13,1,1,65.13,1.0,65.13,2011-02
13685,3119.44,7,3,445.63428571428574,2.3333333333333335,3119.4400000000005,2011-10
13686,72.0,1,1,72.0,1.0,72.0,2011-06
13689,910.0,1,1,910.0,1.0,910.0,2011-10
13690,172.25,1,1,172.25,1.0,172.25,2011-10
13692,1488.32,3,8,496.1066666666666,0.375,1488.32,2011-04
13694,65039.62,50,13,1300.7924,3.8461538461538463,65039.619999999995,2010-12
13695,2504.13,15,9,166.942,1.6666666666666667,2504.13,2011-03
13697,151.29999999999998,1,1,151.29999999999998,1.0,151.29999999999998,2011-11
13699,308.58000000000004,1,1,308.58000000000004,1.0,308.58000000000004,2011-07
13700,2248.63,10,11,224.863,0.9090909090909091,2248.6299999999997,2011-01
13703,99.5,1,1,99.5,1.0,99.5,2011-01
13704,2308.06,9,4,256.4511111111111,2.25,2308.06,2011-09
13705,711.86,3,13,237.28666666666666,0.23076923076923078,711.86,2010-12
13706,330.79,1,1,330.79,1.0,330.79,2011-02
13707,806.41,2,3,403.205,0.6666666666666666,806.4099999999999,2011-01
13708,285.33,1,1,285.33,1.0,285.33,2011-03
13709,6307.650000000001,13,12,485.2038461538462,1.0833333333333333,6307.650000000001,2011-01
13710,180.48,1,1,180.48,1.0,180.48,2011-11
13711,252.06,2,1,126.03,2.0,252.06,2011-05
13712,228.84,1,1,228.84,1.0,228.84,2011-04
13715,1077.39,5,4,215.478,1.25,1077.39,2010-12
13716,138.28,1,1,138.28,1.0,138.28,2011-03
13717,1445.01,6,10,240.835,0.6,1445.01,2011-02
13718,306.55,2,3,153.275,0.6666666666666666,306.55,2011-02
13719,1041.68,5,8,208.336,0.625,1041.68,2011-04
13720,799.9,4,6,199.975,0.6666666666666666,799.9,2011-03
13721,524.14,1,1,524.14,1.0,524.14,2011-11
13722,2375.41,3,5,791.8033333333333,0.6,2375.41,2011-03
13723,199.85000000000002,1,1,199.85000000000002,1.0,199.85000000000002,2011-05
13725,1980.56,8,9,247.57,0.8888888888888888,1980.56,2011-02
13726,1079.6599999999999,2,4,539.8299999999999,0.5,1079.6599999999999,2011-08
13727,333.48,2,1,166.74,2.0,333.48,2011-11
13728,1016.14,6,10,169.35666666666665,0.6,1016.1399999999999,2011-02
13730,752.6,2,1,376.3,2.0,752.6,2011-07
13731,610.59,2,2,305.295,1.0,610.59,2011-04
13732,491.86,1,1,491.86,1.0,491.86,2011-11
13735,2883.54,4,8,720.885,0.5,2883.54,2011-04
13736,729.8,2,10,364.9,0.2,729.8000000000001,2011-03
13737,339.59999999999997,1,1,339.59999999999997,1.0,339.59999999999997,2011-05
13739,216.9,1,1,216.9,1.0,216.9,2011-11
13740,350.75,1,1,350.75,1.0,350.75,2011-04
13741,668.4300000000001,3,5,222.81000000000003,0.6,668.4300000000001,2011-05
13742,3107.87,12,11,258.9891666666667,1.0909090909090908,3107.87,2011-01
13743,1341.6,7,10,191.65714285714284,0.7,1341.6,2011-03
13744,1080.52,2,8,540.26,0.25,1080.52,2011-02
13745,300.04,1,1,300.04,1.0,300.04,2011-06
13747,79.6,1,1,79.6,1.0,79.6,2010-12
13748,948.25,5,10,189.65,0.5,948.25,2010-12
13750,1647.26,5,10,329.452,0.5,1647.26,2011-01
13751,296.25,1,1,296.25,1.0,296.25,2011-02
13752,1175.38,6,5,195.89666666666668,1.2,1175.3799999999999,2011-04
13753,741.26,1,1,741.26,1.0,741.26,2011-02
13754,282.6,2,7,141.3,0.2857142857142857,282.6,2011-01
13755,2108.06,9,3,234.2288888888889,3.0,2108.0600000000004,2011-10
13756,5189.52,14,13,370.68,1.0769230769230769,5189.52,2010-12
13758,3190.55,7,12,455.79285714285714,0.5833333333333334,3190.55,2010-12
13759,659.4100000000001,2,3,329.70500000000004,0.6666666666666666,659.4100000000001,2011-09
13760,286.79,2,8,143.395,0.25,286.79,2011-03
13761,1070.65,2,5,535.325,0.4,1070.65,2011-06
13762,306.72,1,1,306.72,1.0,306.72,2011-05
13763,1714.96,1,1,1714.96,1.0,1714.96,2011-10
13764,1519.42,3,9,506.47333333333336,0.3333333333333333,1519.42,2011-01
13767,17220.36,37,13,465.41513513513513,2.8461538461538463,17220.36,2010-12
13769,2796.51,10,13,279.651,0.7692307692307693,2796.51,2010-12
13771,2634.45,4,7,658.6125,0.5714285714285714,2634.45,2011-04
13772,1122.63,3,8,374.21000000000004,0.375,1122.63,2011-04
13774,345.0,1,1,345.0,1.0,345.0,2011-09
13777,25977.16,33,13,787.1866666666666,2.5384615384615383,25977.159999999996,2010-12
13778,178.7,1,1,178.7,1.0,178.7,2011-08
13780,360.01,2,7,180.005,0.2857142857142857,360.00999999999993,2011-06
13781,127.84,1,1,127.84,1.0,127.84,2011-04
13782,908.86,6,11,151.47666666666666,0.5454545454545454,908.8599999999999,2011-01
13784,2462.79,11,11,223.89,1.0,2462.79,2011-01
13786,230.39999999999998,1,1,230.39999999999998,1.0,230.39999999999998,2010-12
13787,309.04,2,10,154.52,0.2,309.04,2010-12
13790,348.8,1,1,348.8,1.0,348.8,2011-12
13791,1516.0,2,3,758.0,0.6666666666666666,1516.0,2011-06
13792,195.55,2,9,97.775,0.2222222222222222,195.55,2011-02
13798,37153.85,57,13,651.8219298245614,4.384615384615385,37153.850000000006,2010-12
13799,688.86,2,7,344.43,0.2857142857142857,688.8599999999999,2011-02
13800,558.32,1,1,558.32,1.0,558.32,2011-02
13801,324.8,1,1,324.8,1.0,324.8,2011-10
13802,4599.42,3,6,1533.14,0.5,4599.42,2011-02
13803,277.07,1,1,277.07,1.0,277.07,2011-03
13804,2588.39,7,10,369.77,0.7,2588.39,2011-02
13805,924.6,2,3,462.3,0.6666666666666666,924.5999999999999,2011-08
13806,256.38,1,1,256.38,1.0,256.38,2011-10
13807,112.6,1,1,112.6,1.0,112.6,2010-12
13808,1747.66,5,4,349.53200000000004,1.25,1747.6600000000003,2011-09
13809,155.05,1,1,155.05,1.0,155.05,2011-02
13810,1499.01,3,2,499.67,1.5,1499.01,2011-10
13811,814.5,3,3,271.5,1.0,814.5,2011-04
13812,539.0,3,3,179.66666666666666,1.0,539.0,2011-08
13813,1366.8600000000001,4,4,341.71500000000003,1.0,1366.8600000000001,2011-07
13814,1579.12,2,3,789.56,0.6666666666666666,1579.1199999999997,2011-07
13815,4027.36,4,11,1006.84,0.36363636363636365,4027.36,2011-01
13816,571.6700000000001,2,2,285.83500000000004,1.0,571.6700000000001,2011-10
13817,382.98,2,12,191.49,0.16666666666666666,382.98,2010-12
13819,1140.35,3,2,380.1166666666666,1.5,1140.35,2011-01
13821,385.64,2,5,192.82,0.4,385.64,2011-03
13822,632.0,2,3,316.0,0.6666666666666666,632.0,2011-10
13823,957.66,2,3,478.83,0.6666666666666666,957.6599999999999,2011-09
13824,1698.94,5,10,339.788,0.5,1698.94,2011-02
13826,189.5,1,1,189.5,1.0,189.5,2011-06
13827,409.8,3,4,136.6,0.75,409.79999999999995,2011-07
13828,209.49,1,1,209.49,1.0,209.49,2011-11
13831,2198.45,6,12,366.4083333333333,0.5,2198.45,2010-12
13832,52.199999999999996,1,1,52.199999999999996,1.0,52.199999999999996,2011-11
13833,383.85,1,1,383.85,1.0,383.85,2011-07
13835,834.57,4,7,208.6425,0.5714285714285714,834.5699999999999,2011-05
13837,266.59000000000003,2,5,133.29500000000002,0.4,266.59000000000003,2011-01
13838,674.82,4,13,168.705,0.3076923076923077,674.82,2010-12
13841,85.0,1,1,85.0,1.0,85.0,2011-04
13842,3385.62,9,11,376.18,0.8181818181818182,3385.6200000000003,2010-12
13844,361.62,1,1,361.62,1.0,361.62,2011-11
13845,312.98,1,1,312.98,1.0,312.98,2011-10
13846,865.0600000000001,3,12,288.35333333333335,0.25,865.0600000000001,2010-12
13848,1255.0,3,10,418.3333333333333,0.3,1254.9999999999998,2010-12
13849,1537.95,2,5,768.975,0.4,1537.9500000000003,2011-06
13850,1595.48,1,1,1595.48,1.0,1595.48,2011-08
13851,2651.46,3,8,883.82,0.375,2651.46,2011-02
13853,1090.14,1,1,1090.14,1.0,1090.14,2011-10
13854,8109.5199999999995,25,13,324.38079999999997,1.9230769230769231,8109.519999999999,2010-12
13856,388.5,3,2,129.5,1.5,388.5,2011-05
13858,216.17,1,1,216.17,1.0,216.17,2011-10
13859,201.16,1,1,201.16,1.0,201.16,2011-01
13860,1245.9,5,4,249.18,1.25,1245.9,2011-09
13862,2209.36,8,11,276.17,0.7272727272727273,2209.36,2011-01
13863,305.78,1,1,305.78,1.0,305.78,2011-04
13865,501.56,4,9,125.39,0.4444444444444444,501.56,2011-02
13866,145.67000000000002,1,1,145.67000000000002,1.0,145.67000000000002,2011-09
13867,1005.09,3,7,335.03000000000003,0.42857142857142855,1005.0900000000001,2011-05
13868,3192.54,2,2,1596.27,1.0,3192.54,2011-11
13869,3083.65,4,9,770.9125,0.4444444444444444,3083.65,2010-12
13870,2770.94,8,11,346.3675,0.7272727272727273,2770.94,2011-02
13871,6403.25,13,10,492.5576923076923,1.3,6403.25,2011-02
13873,389.6,3,7,129.86666666666667,0.42857142857142855,389.6,2011-02
13874,540.45,1,1,540.45,1.0,540.45,2010-12
13875,1786.79,5,9,357.358,0.5555555555555556,1786.79,2011-02
13876,122.7,1,1,122.7,1.0,122.7,2011-10
13877,117.24,1,1,117.24,1.0,117.24,2011-09
13878,1271.57,1,1,1271.57,1.0,1271.57,2011-10
13880,3219.77,13,12,247.67461538461538,1.0833333333333333,3219.77,2010-12
13881,17159.52,20,11,857.976,1.8181818181818181,17159.52,2011-02
13882,1191.13,5,3,238.22600000000003,1.6666666666666667,1191.13,2011-10
13883,2674.48,5,9,534.896,0.5555555555555556,2674.48,2011-03
13884,787.6,5,10,157.52,0.5,787.6,2011-03
13885,506.8,2,2,253.4,1.0,506.8,2011-05
13886,243.56,1,1,243.56,1.0,243.56,2011-09
13887,349.55,1,1,349.55,1.0,349.55,2011-05
13888,595.67,2,4,297.835,0.5,595.67,2011-05
13889,416.90000000000003,1,1,416.90000000000003,1.0,416.90000000000003,2011-09
13890,1883.81,10,13,188.381,0.7692307692307693,1883.8100000000002,2010-12
13892,632.97,4,8,158.2425,0.5,632.97,2011-04
13893,821.1,1,1,821.1,1.0,821.1,2011-02
13894,564.62,3,10,188.20666666666668,0.3,564.62,2011-02
13895,2593.07,4,6,648.2675,0.6666666666666666,2593.07,2011-06
13897,311.16,1,1,311.16,1.0,311.16,2011-10
13898,155.93,1,1,155.93,1.0,155.93,2011-01
13899,388.52,2,9,194.26,0.2222222222222222,388.52,2011-03
13900,740.95,3,4,246.98333333333335,0.75,740.95,2011-03
13901,2867.2000000000003,5,9,573.44,0.5555555555555556,2867.2000000000007,2011-01
13904,332.64,2,10,166.32,0.2,332.64000000000004,2011-02
13908,2369.55,4,7,592.3875,0.5714285714285714,2369.55,2011-03
13911,2580.91,9,9,286.7677777777778,1.0,2580.91,2011-02
13914,626.45,2,1,313.225,2.0,626.45,2011-11
13917,272.04,2,5,136.02,0.4,272.04,2011-06
13918,1212.8400000000001,2,8,606.4200000000001,0.25,1212.8400000000001,2011-03
13919,384.81,2,3,192.405,0.6666666666666666,384.80999999999995,2011-08
13922,172.25,1,1,172.25,1.0,172.25,2010-12
13923,351.13,1,1,351.13,1.0,351.13,2011-10
13924,1838.8500000000001,6,4,306.475,1.5,1838.8500000000001,2011-09
13925,678.25,4,3,169.5625,1.3333333333333333,678.25,2011-07
13926,223.85000000000002,1,1,223.85000000000002,1.0,223.85000000000002,2011-11
13927,348.99,1,1,348.99,1.0,348.99,2011-09
13928,464.57,4,5,116.1425,0.8,464.57,2011-07
13929,842.65,2,6,421.325,0.3333333333333333,842.65,2011-01
13930,337.34,2,4,168.67,0.5,337.34,2011-07
13931,1237.53,2,7,618.765,0.2857142857142857,1237.53,2011-03
13932,307.4,1,1,307.4,1.0,307.4,2011-02
13933,608.7900000000001,2,2,304.39500000000004,1.0,608.7900000000001,2011-07
13934,922.1,1,1,922.1,1.0,922.1,2011-03
13936,376.58,1,1,376.58,1.0,376.58,2011-06
13937,158.85,1,1,158.85,1.0,158.85,2011-06
13938,71.66,1,1,71.66,1.0,71.66,2011-11
13939,568.55,3,10,189.51666666666665,0.3,568.55,2011-02
13940,839.14,4,5,209.785,0.8,839.14,2011-07
13941,5112.96,5,12,1022.592,0.4166666666666667,5112.96,2010-12
13946,561.5699999999999,3,7,187.18999999999997,0.42857142857142855,561.5699999999999,2011-03
13947,90.6,1,1,90.6,1.0,90.6,2011-10
13948,102.0,1,1,102.0,1.0,102.0,2010-12
13949,2427.32,6,4,404.55333333333334,1.5,2427.32,2011-09
13950,745.06,4,8,186.265,0.5,745.06,2011-04
13951,674.45,3,5,224.8166666666667,0.6,674.45,2011-02
13952,3251.071,2,2,1625.5355,1.0,3251.071,2011-04
13953,3515.68,7,13,502.23999999999995,0.5384615384615384,3515.68,2010-12
13954,439.92,2,4,219.96,0.5,439.92,2011-09
13955,322.96,2,6,161.48,0.3333333333333333,322.96,2011-02
13956,1019.27,5,10,203.85399999999998,0.5,1019.27,2011-03
13959,594.04,3,10,198.01333333333332,0.3,594.04,2010-12
13960,230.22,2,3,115.11,0.6666666666666666,230.21999999999997,2011-09
13962,169.54999999999998,2,8,84.77499999999999,0.25,169.54999999999998,2011-04
13963,664.54,4,3,166.135,1.3333333333333333,664.54,2010-12
13967,80.7,1,1,80.7,1.0,80.7,2011-07
13969,9024.17,18,13,501.34277777777777,1.3846153846153846,9024.169999999998,2010-12
13971,2758.26,8,10,344.7825,0.8,2758.26,2011-02
13972,190.25,2,5,95.125,0.4,190.25000000000003,2011-05
13973,264.7,1,1,264.7,1.0,264.7,2011-02
13974,413.59000000000003,1,1,413.59000000000003,1.0,413.59000000000003,2011-10
13975,2461.2400000000002,6,9,410.2066666666667,0.6666666666666666,2461.24,2011-03
13976,357.98,1,1,357.98,1.0,357.98,2011-05
13978,196.79000000000002,2,2,98.39500000000001,1.0,196.79000000000002,2011-10
13979,869.87,1,1,869.87,1.0,869.87,2011-09
13980,200.14,1,1,200.14,1.0,200.14,2011-10
13982,1871.81,4,11,467.9525,0.36363636363636365,1871.81,2010-12
13983,2603.43,12,12,216.9525,1.0,2603.43,2010-12
13984,920.51,5,12,184.102,0.4166666666666667,920.5100000000001,2010-12
13985,7060.13,15,10,470.67533333333336,1.5,7060.13,2011-03
13986,320.46,1,1,320.46,1.0,320.46,2011-11
13988,4147.96,6,9,691.3266666666667,0.6666666666666666,4147.96,2011-03
13989,1266.08,2,7,633.04,0.2857142857142857,1266.08,2011-04
13990,311.3,1,1,311.3,1.0,311.3,2011-05
13991,852.88,6,5,142.14666666666668,1.2,852.88,2011-07
13992,76.8,1,1,76.8,1.0,76.8,2011-11
13993,3466.36,9,10,385.1511111111111,0.9,3466.36,2011-01
13994,2274.14,6,6,379.0233333333333,1.0,2274.14,2011-07
13995,1393.69,5,8,278.738,0.625,1393.69,2011-04
13999,3901.81,12,12,325.1508333333333,1.0,3901.8099999999995,2010-12
14000,635.66,1,1,635.66,1.0,635.66,2011-05
14001,2043.0800000000002,3,11,681.0266666666668,0.2727272727272727,2043.0800000000002,2010-12
14002,529.73,2,1,264.865,2.0,529.73,2011-07
14004,4582.64,7,9,654.6628571428572,0.7777777777777778,4582.64,2011-02
14005,2874.72,5,7,574.944,0.7142857142857143,2874.72,2011-05
14006,962.19,3,8,320.73,0.375,962.19,2011-01
14009,695.61,2,1,347.805,2.0,695.61,2011-05
14012,328.8,1,1,328.8,1.0,328.8,2011-03
14013,473.02,3,6,157.67333333333332,0.5,473.02,2011-03
14014,505.18,1,1,505.18,1.0,505.18,2011-09
14015,917.34,1,1,917.34,1.0,917.34,2011-10
14016,4341.21,4,8,1085.3025,0.5,4341.21,2010-12
14019,1421.61,3,4,473.86999999999995,0.75,1421.61,2011-07
14020,642.8,2,3,321.4,0.6666666666666666,642.8,2011-09
14021,631.9,3,5,210.63333333333333,0.6,631.9,2011-03
14022,440.0,1,1,440.0,1.0,440.0,2011-04
14023,584.07,2,9,292.035,0.2222222222222222,584.07,2011-04
14024,327.7,2,1,163.85,2.0,327.7,2011-08
14027,104.82,1,1,104.82,1.0,104.82,2011-10
14029,467.66,2,4,233.83,0.5,467.66,2011-07
14030,2358.84,8,12,294.855,0.6666666666666666,2358.84,2010-12
14031,17286.86,19,13,909.8347368421053,1.4615384615384615,17286.86,2010-12
14032,2975.59,11,13,270.5081818181818,0.8461538461538461,2975.59,2010-12
14034,648.89,3,5,216.29666666666665,0.6,648.89,2011-07
14035,1428.02,5,10,285.604,0.5,1428.02,2011-02
14036,626.65,1,1,626.65,1.0,626.65,2011-02
14037,147.20000000000002,2,7,73.60000000000001,0.2857142857142857,147.2,2010-12
14038,1560.38,3,5,520.1266666666667,0.6,1560.3799999999999,2011-05
14039,152.2,1,1,152.2,1.0,152.2,2011-11
14040,3560.32,12,10,296.6933333333333,1.2,3560.3199999999997,2011-01
14041,141.41,1,1,141.41,1.0,141.41,2011-03
14044,646.42,4,10,161.605,0.4,646.42,2011-02
14045,1659.75,4,9,414.9375,0.4444444444444444,1659.75,2010-12
14046,154.99,1,1,154.99,1.0,154.99,2011-02
14047,1308.6100000000001,5,13,261.72200000000004,0.38461538461538464,1308.6100000000001,2010-12
14048,409.93,1,1,409.93,1.0,409.93,2011-02
14049,5578.72,4,11,1394.68,0.36363636363636365,5578.72,2011-01
14050,746.36,2,4,373.18,0.5,746.36,2011-08
14051,15610.390000000001,23,13,678.7126086956522,1.7692307692307692,15610.39,2010-12
14052,225.36,1,1,225.36,1.0,225.36,2011-11
14053,260.25,2,2,130.125,1.0,260.25,2011-07
14054,92.46,1,1,92.46,1.0,92.46,2011-10
14055,725.6400000000001,1,1,725.6400000000001,1.0,725.6400000000001,2011-08
14056,8152.71,23,11,354.46565217391304,2.090909090909091,8152.71,2011-02
14057,6211.66,17,12,365.39176470588234,1.4166666666666667,6211.66,2010-12
14059,183.6,1,1,183.6,1.0,183.6,2011-03
14060,6140.42,19,13,323.18,1.4615384615384615,6140.42,2010-12
14062,10464.85,12,12,872.0708333333333,1.0,10464.85,2010-12
14064,1334.34,5,9,266.868,0.5555555555555556,1334.34,2011-03
14066,152.55,1,1,152.55,1.0,152.55,2011-03
14067,374.7,2,2,187.35,1.0,374.7,2011-09
14068,265.85,1,1,265.85,1.0,265.85,2011-01
14071,1437.57,8,10,179.69625,0.8,1437.5700000000002,2011-03
14073,151.04,1,1,151.04,1.0,151.04,2011-11
14075,942.26,3,10,314.08666666666664,0.3,942.2599999999999,2011-03
14076,118.67,1,1,118.67,1.0,118.67,2011-08
14077,499.42,5,8,99.884,0.625,499.42,2011-03
14078,1049.37,6,9,174.89499999999998,0.6666666666666666,1049.37,2010-12
14079,375.1,1,1,375.1,1.0,375.1,2011-08
14080,45.599999999999994,1,1,45.599999999999994,1.0,45.599999999999994,2011-11
14081,921.62,2,3,460.81,0.6666666666666666,921.6199999999999,2010-12
14082,182.25,1,1,182.25,1.0,182.25,2010-12
14083,1002.9,9,13,111.43333333333334,0.6923076923076923,1002.9000000000001,2010-12
14085,4421.29,18,13,245.62722222222223,1.3846153846153846,4421.29,2010-12
14087,191.47,1,1,191.47,1.0,191.47,2011-12
14088,50491.81,13,11,3883.9853846153846,1.1818181818181819,50491.810000000005,2011-01
14089,158.75,1,1,158.75,1.0,158.75,2011-10
14090,76.32000000000001,1,1,76.32000000000001,1.0,76.32000000000001,2011-01
14092,4076.9100000000003,14,13,291.20785714285716,1.0769230769230769,4076.91,2010-12
14093,433.86,1,1,433.86,1.0,433.86,2011-11
14096,65164.79,17,5,3833.2229411764706,3.4,65164.79,2011-08
14098,147.35,1,1,147.35,1.0,147.35,2011-11
14099,3104.17,11,12,282.1972727272727,0.9166666666666666,3104.17,2010-12
14100,191.95000000000002,1,1,191.95000000000002,1.0,191.95000000000002,2011-07
14101,5976.79,6,9,996.1316666666667,0.6666666666666666,5976.79,2011-01
14102,1105.8799999999999,5,3,221.176,1.6666666666666667,1105.88,2011-10
14104,216.20999999999998,2,2,108.10499999999999,1.0,216.20999999999998,2011-06
14105,1266.23,1,1,1266.23,1.0,1266.23,2011-04
14107,2703.23,7,11,386.17571428571426,0.6363636363636364,2703.2299999999996,2010-12
14108,597.91,2,4,298.955,0.5,597.91,2011-08
14109,144.2,1,1,144.2,1.0,144.2,2011-09
14110,5683.15,12,10,473.5958333333333,1.2,5683.15,2011-03
14111,692.85,4,8,173.2125,0.5,692.85,2011-04
14112,2915.15,7,9,416.45,0.7777777777777778,2915.15,2011-03
14113,1840.42,4,13,460.105,0.3076923076923077,1840.4200000000003,2010-12
14114,386.53,2,3,193.265,0.6666666666666666,386.5299999999999,2011-01
14116,1382.74,5,4,276.548,1.25,1382.74,2011-08
14117,90.0,1,1,90.0,1.0,90.0,2011-07
14121,2780.15,4,3,695.0375,1.3333333333333333,2780.15,2011-10
14124,419.58,1,1,419.58,1.0,419.58,2011-09
14125,2720.63,3,3,906.8766666666667,1.0,2720.63,2011-09
14126,706.1300000000001,3,2,235.3766666666667,1.5,706.1300000000001,2011-11
14127,709.71,3,7,236.57000000000002,0.42857142857142855,709.71,2011-02
14128,637.5,2,8,318.75,0.25,637.5,2011-03
14129,1123.8600000000001,5,10,224.77200000000002,0.5,1123.8600000000001,2011-03
14130,480.91,1,1,480.91,1.0,480.91,2011-01
14132,3586.0299999999997,11,7,326.00272727272727,1.5714285714285714,3586.0299999999997,2011-06
14133,605.64,3,8,201.88,0.375,605.64,2011-01
14135,4690.31,15,13,312.68733333333336,1.1538461538461537,4690.3099999999995,2010-12
14138,965.8800000000001,2,3,482.94000000000005,0.6666666666666666,965.8800000000001,2011-10
14139,415.82,1,1,415.82,1.0,415.82,2011-10
14140,935.05,2,2,467.525,1.0,935.05,2011-11
14141,915.13,4,5,228.7825,0.8,915.1300000000001,2011-08
14142,311.81,1,1,311.81,1.0,311.81,2010-12
14143,115.8,1,1,115.8,1.0,115.8,2011-07
14145,3742.2,4,6,935.55,0.6666666666666666,3742.2,2011-05
14146,4191.0,5,13,838.2,0.38461538461538464,4191.0,2010-12
14147,483.4,2,8,241.7,0.25,483.4,2011-02
14148,157.2,1,1,157.2,1.0,157.2,2011-04
14149,446.62,1,1,446.62,1.0,446.62,2011-05
14150,658.64,2,12,329.32,0.16666666666666666,658.64,2010-12
14152,621.29,2,6,310.645,0.3333333333333333,621.29,2011-04
14154,1345.62,2,1,672.81,2.0,1345.62,2011-04
14155,118.75,1,1,118.75,1.0,118.75,2011-03
14156,117210.08,55,12,2131.0923636363636,4.583333333333333,117210.07999999999,2010-12
14157,424.89,2,10,212.445,0.2,424.89000000000004,2011-02
14158,507.66,1,1,507.66,1.0,507.66,2011-10
14159,4630.35,11,12,420.94090909090914,0.9166666666666666,4630.35,2010-12
14161,1097.62,3,6,365.8733333333333,0.5,1097.62,2010-12
14162,289.36,2,5,144.68,0.4,289.36,2011-02
14163,2445.91,4,6,611.4775,0.6666666666666666,2445.91,2011-04
14164,1631.77,2,1,815.885,2.0,1631.77,2011-09
14165,120.44,1,1,120.44,1.0,120.44,2011-03
14167,562.59,4,10,140.6475,0.4,562.59,2011-01
14171,363.79,1,1,363.79,1.0,363.79,2011-09
14173,450.84000000000003,4,7,112.71000000000001,0.5714285714285714,450.84,2011-05
14174,134.46,1,1,134.46,1.0,134.46,2011-11
14175,3222.3,3,10,1074.1000000000001,0.3,3222.3,2011-01
14176,576.9000000000001,4,3,144.22500000000002,1.3333333333333333,576.9000000000001,2010-12
14177,549.46,4,4,137.365,1.0,549.46,2011-06
14178,1600.26,7,7,228.60857142857142,1.0,1600.26,2011-06
14179,701.57,2,1,350.785,2.0,701.57,2011-10
14180,4748.52,25,12,189.94080000000002,2.0833333333333335,4748.520000000001,2010-12
14184,452.89,1,1,452.89,1.0,452.89,2011-10
14185,197.65,1,1,197.65,1.0,197.65,2011-01
14188,2054.36,6,10,342.3933333333334,0.6,2054.36,2011-02
14189,4654.08,15,13,310.272,1.1538461538461537,4654.079999999999,2010-12
14191,4684.76,13,8,360.36615384615385,1.625,4684.76,2011-05
14193,853.39,2,8,426.695,0.25,853.39,2011-03
14194,11349.52,21,11,540.4533333333334,1.9090909090909092,11349.520000000002,2011-02
14195,1012.0,2,2,506.0,1.0,1012.0,2011-04
14196,335.52,1,1,335.52,1.0,335.52,2011-08
14198,701.4,4,8,175.35,0.5,701.4,2011-04
14199,185.39999999999998,1,1,185.39999999999998,1.0,185.39999999999998,2011-05
14201,747.44,7,11,106.77714285714286,0.6363636363636364,747.44,2010-12
14204,150.61,1,1,150.61,1.0,150.61,2011-12
14205,466.7,2,9,233.35,0.2222222222222222,466.7,2011-03
14206,328.15999999999997,1,1,328.15999999999997,1.0,328.15999999999997,2011-04
14208,151.74,1,1,151.74,1.0,151.74,2011-09
14209,2073.43,6,11,345.57166666666666,0.5454545454545454,2073.43,2011-01
14210,1905.8400000000001,6,9,317.64000000000004,0.6666666666666666,1905.8400000000001,2010-12
14211,2241.1,9,9,249.0111111111111,1.0,2241.1,2011-02
14212,1070.48,1,1,1070.48,1.0,1070.48,2011-09
14214,1004.38,5,9,200.876,0.5555555555555556,1004.38,2011-03
14215,1789.72,6,12,298.2866666666667,0.5,1789.7200000000003,2010-12
14216,1839.3,4,2,459.825,2.0,1839.3,2011-11
14217,2004.98,17,13,117.94,1.3076923076923077,2004.9800000000002,2010-12
14218,169.48000000000002,1,1,169.48000000000002,1.0,169.48000000000002,2011-10
14219,89.94,1,1,89.94,1.0,89.94,2011-12
14220,632.4,2,5,316.2,0.4,632.4,2010-12
14221,3432.7999999999997,9,10,381.4222222222222,0.9,3432.8,2011-01
14222,683.17,1,1,683.17,1.0,683.17,2011-06
14223,991.13,3,7,330.37666666666667,0.42857142857142855,991.13,2011-03
14224,1009.73,4,8,252.4325,0.5,1009.73,2011-01
14226,2214.79,5,9,442.95799999999997,0.5555555555555556,2214.79,2011-03
14227,3350.96,10,10,335.096,1.0,3350.96,2011-02
14229,1547.2,3,10,515.7333333333333,0.3,1547.2,2011-01
14231,925.71,3,5,308.57,0.6,925.71,2011-02
14232,2048.07,5,8,409.61400000000003,0.625,2048.07,2011-03
14233,1462.72,4,10,365.68,0.4,1462.7200000000003,2011-01
14234,754.12,4,2,188.53,2.0,754.12,2011-10
14235,3144.86,5,7,628.972,0.7142857142857143,3144.86,2011-03
14236,490.86,2,10,245.43,0.2,490.86000000000007,2010-12
14237,161.0,1,1,161.0,1.0,161.0,2010-12
14238,146.85,1,1,146.85,1.0,146.85,2011-01
14239,2380.85,11,10,216.4409090909091,1.1,2380.85,2011-01
14240,890.34,2,8,445.17,0.25,890.34,2011-04
14241,213.70000000000002,1,1,213.70000000000002,1.0,213.70000000000002,2011-06
14242,280.55,2,4,140.275,0.5,280.55,2011-01
14243,2588.77,10,13,258.877,0.7692307692307693,2588.77,2010-12
14245,1693.45,2,3,846.725,0.6666666666666666,1693.45,2011-03
14246,1474.06,3,5,491.3533333333333,0.6,1474.0599999999997,2011-04
14247,136.77,1,1,136.77,1.0,136.77,2011-03
14248,302.58,1,1,302.58,1.0,302.58,2011-01
14250,1904.05,3,4,634.6833333333333,0.75,1904.0499999999997,2011-09
14251,2879.7000000000003,5,3,575.94,1.6666666666666667,2879.7000000000003,2011-10
14256,969.0600000000001,2,4,484.53000000000003,0.5,969.0600000000001,2010-12
14257,3099.7200000000003,5,10,619.9440000000001,0.5,3099.7200000000003,2011-01
14258,12669.98,9,11,1407.7755555555555,0.8181818181818182,12669.98,2011-01
14259,120.0,1,1,120.0,1.0,120.0,2011-07
14261,1163.45,2,2,581.725,1.0,1163.45,2011-09
14262,2618.23,8,9,327.27875,0.8888888888888888,2618.23,2011-04
14264,333.97,2,4,166.985,0.5,333.97,2011-04
14265,530.18,2,2,265.09,1.0,530.18,2011-07
14267,1516.24,3,4,505.41333333333336,0.75,1516.24,2011-03
14270,492.65000000000003,1,1,492.65000000000003,1.0,492.65000000000003,2011-01
14271,112.32000000000001,1,1,112.32000000000001,1.0,112.32000000000001,2011-04
14272,437.96,2,7,218.98,0.2857142857142857,437.9599999999999,2011-03
14273,559.97,4,7,139.9925,0.5714285714285714,559.97,2011-04
14276,1119.74,3,8,373.24666666666667,0.375,1119.74,2011-02
14277,4188.0,3,7,1396.0,0.42857142857142855,4188.0,2011-05
14280,134.04,1,1,134.04,1.0,134.04,2011-05
14282,3701.44,15,13,246.76266666666666,1.1538461538461537,3701.4399999999996,2010-12
14284,595.25,2,3,297.625,0.6666666666666666,595.25,2011-09
14285,1910.01,4,6,477.5025,0.6666666666666666,1910.0099999999998,2011-06
14286,4628.75,3,8,1542.9166666666667,0.375,4628.75,2011-04
14287,176.63,3,8,58.876666666666665,0.375,176.63,2011-05
14288,426.6,1,1,426.6,1.0,426.6,2011-05
14289,911.26,6,11,151.87666666666667,0.5454545454545454,911.2599999999999,2011-02
14290,2314.65,5,12,462.93,0.4166666666666667,2314.65,2010-12
14291,3883.25,11,10,353.02272727272725,1.1,3883.25,2011-03
14292,4871.93,9,10,541.3255555555556,0.9,4871.930000000001,2011-03
14293,1046.56,4,13,261.64,0.3076923076923077,1046.5600000000002,2010-12
14295,166.20000000000002,1,1,166.20000000000002,1.0,166.20000000000002,2011-10
14297,1305.33,4,9,326.3325,0.4444444444444444,1305.33,2011-03
14298,51527.3,44,13,1171.075,3.3846153846153846,51527.3,2010-12
14299,3965.62,9,13,440.6244444444444,0.6923076923076923,3965.6199999999994,2010-12
14300,43.2,1,1,43.2,1.0,43.2,2011-11
14301,640.14,1,1,640.14,1.0,640.14,2011-08
14304,383.45,1,1,383.45,1.0,383.45,2011-05
14305,1858.96,3,3,619.6533333333333,1.0,1858.96,2011-07
14306,2093.32,2,2,1046.66,1.0,2093.32,2011-09
14307,2995.72,6,10,499.28666666666663,0.6,2995.7199999999993,2010-12
14309,2352.53,9,13,261.39222222222224,0.6923076923076923,2352.53,2010-12
14311,310.26,1,1,310.26,1.0,310.26,2011-04
14312,1611.59,6,10,268.5983333333333,0.6,1611.5899999999997,2011-01
14314,120.0,1,1,120.0,1.0,120.0,2011-08
14315,2481.13,6,8,413.5216666666667,0.75,2481.13,2011-03
14317,508.58,1,1,508.58,1.0,508.58,2011-10
14320,477.79,2,5,238.895,0.4,477.79,2011-01
14321,1530.75,5,11,306.15,0.45454545454545453,1530.75,2011-01
14323,605.0600000000001,2,5,302.53000000000003,0.4,605.0600000000001,2011-04
14326,183.85000000000002,1,1,183.85000000000002,1.0,183.85000000000002,2011-04
14327,311.65000000000003,1,1,311.65000000000003,1.0,311.65000000000003,2011-06
14329,4975.24,7,11,710.7485714285714,0.6363636363636364,4975.24,2011-01
14331,462.66,2,2,231.33,1.0,462.66,2011-07
14332,840.21,3,5,280.07,0.6,840.21,2011-07
14333,415.2,1,1,415.2,1.0,415.2,2011-10
14334,2552.21,8,12,319.02625,0.6666666666666666,2552.21,2010-12
14335,454.86,2,3,227.43,0.6666666666666666,454.86,2011-09
14336,1614.91,4,9,403.7275,0.4444444444444444,1614.9099999999999,2011-03
14338,588.22,2,3,294.11,0.6666666666666666,588.22,2011-05
14339,309.52,1,1,309.52,1.0,309.52,2011-04
14340,134.7,1,1,134.7,1.0,134.7,2011-05
14341,2166.98,8,10,270.8725,0.8,2166.98,2011-01
14342,668.5600000000001,4,7,167.14000000000001,0.5714285714285714,668.56,2011-05
14344,889.9300000000001,8,9,111.24125000000001,0.8888888888888888,889.93,2010-12
14345,108.97999999999999,1,1,108.97999999999999,1.0,108.97999999999999,2011-11
14346,1021.58,2,7,510.79,0.2857142857142857,1021.5799999999999,2011-02
14348,409.57,1,1,409.57,1.0,409.57,2011-03
14349,133.5,1,1,133.5,1.0,133.5,2011-11
14350,282.93,1,1,282.93,1.0,282.93,2011-03
14351,51.0,1,1,51.0,1.0,51.0,2011-06
14352,1078.96,4,5,269.74,0.8,1078.96,2011-03
14353,90.6,1,1,90.6,1.0,90.6,2011-05
14354,163.62,2,2,81.81,1.0,163.62,2011-11
14355,174.4,1,1,174.4,1.0,174.4,2010-12
14356,701.23,2,1,350.615,2.0,701.23,2011-09
14357,225.12,1,1,225.12,1.0,225.12,2011-10
14359,912.18,3,3,304.06,1.0,912.1800000000001,2011-09
14360,2118.03,4,3,529.5075,1.3333333333333333,2118.0299999999997,2011-09
14362,151.5,1,1,151.5,1.0,151.5,2011-11
14364,3717.35,8,4,464.66875,2.0,3717.35,2011-05
14367,9227.82,16,10,576.73875,1.6,9227.82,2011-03
14368,155.0,1,1,155.0,1.0,155.0,2011-01
14371,100.5,1,1,100.5,1.0,100.5,2011-02
14373,76.55,1,1,76.55,1.0,76.55,2010-12
14375,235.56,1,1,235.56,1.0,235.56,2011-06
14377,617.05,2,4,308.525,0.5,617.05,2011-03
14379,348.1,2,9,174.05,0.2222222222222222,348.1,2011-02
14381,202.68,1,1,202.68,1.0,202.68,2011-10
14382,615.49,1,1,615.49,1.0,615.49,2011-11
14383,1247.69,3,6,415.8966666666667,0.5,1247.69,2011-06
14385,202.10999999999999,3,1,67.36999999999999,3.0,202.10999999999996,2011-11
14386,142.4,1,1,142.4,1.0,142.4,2011-02
14387,1727.6,3,4,575.8666666666667,0.75,1727.6,2011-08
14388,3212.84,8,12,401.605,0.6666666666666666,3212.84,2010-12
14389,1043.46,2,5,521.73,0.4,1043.46,2011-06
14390,4642.57,9,12,515.8411111111111,0.75,4642.57,2010-12
14393,67.95,1,1,67.95,1.0,67.95,2011-05
14395,3479.91,9,13,386.65666666666664,0.6923076923076923,3479.9099999999994,2010-12
14396,487.99,2,11,243.995,0.18181818181818182,487.99000000000007,2010-12
14397,2612.96,19,8,137.52421052631578,2.375,2612.96,2011-05
14400,574.7,1,1,574.7,1.0,574.7,2011-07
14401,4051.48,13,13,311.6523076923077,1.0,4051.4800000000005,2010-12
14403,1475.81,4,5,368.9525,0.8,1475.81,2011-04
14404,1449.32,6,12,241.5533333333333,0.5,1449.32,2010-12
14406,156.75,1,1,156.75,1.0,156.75,2011-08
14407,2157.73,6,6,359.62166666666667,1.0,2157.73,2011-03
14408,2599.03,7,9,371.29,0.7777777777777778,2599.0300000000007,2011-03
14409,2059.4500000000003,6,10,343.24166666666673,0.6,2059.4500000000003,2010-12
14410,1100.27,9,8,122.25222222222222,1.125,1100.27,2011-02
14411,1063.0,1,1,1063.0,1.0,1063.0,2011-02
14412,770.03,2,2,385.015,1.0,770.03,2011-09
14413,121.05,1,1,121.05,1.0,121.05,2010-12
14414,1496.98,7,10,213.8542857142857,0.7,1496.9799999999998,2010-12
14415,5855.57,13,13,450.42846153846153,1.0,5855.57,2010-12
14416,490.22,2,2,245.11,1.0,490.22,2011-10
14418,1937.25,3,5,645.75,0.6,1937.25,2011-08
14419,1051.79,6,12,175.29833333333332,0.5,1051.79,2010-12
14420,387.52,1,1,387.52,1.0,387.52,2011-09
14421,813.11,2,6,406.555,0.3333333333333333,813.1099999999999,2011-05
14422,4263.64,6,10,710.6066666666667,0.6,4263.639999999999,2011-03
14423,265.2,1,1,265.2,1.0,265.2,2011-05
14424,322.08,1,1,322.08,1.0,322.08,2011-11
14426,4481.67,10,11,448.16700000000003,0.9090909090909091,4481.67,2011-01
14427,363.34000000000003,2,1,181.67000000000002,2.0,363.34000000000003,2011-10
14428,1224.06,5,12,244.81199999999998,0.4166666666666667,1224.06,2011-01
14431,470.36,1,1,470.36,1.0,470.36,2011-02
14432,2248.5,6,3,374.75,2.0,2248.5,2011-09
14434,1372.8,6,3,228.79999999999998,2.0,1372.8,2011-09
14436,89.06,1,1,89.06,1.0,89.06,2011-09
14437,63.0,1,1,63.0,1.0,63.0,2010-12
14438,131.9,1,1,131.9,1.0,131.9,2011-02
14439,2661.24,1,1,2661.24,1.0,2661.24,2011-01
14440,2357.6800000000003,5,13,471.53600000000006,0.38461538461538464,2357.6800000000007,2010-12
14441,1712.89,4,10,428.2225,0.4,1712.89,2011-03
14442,1589.82,2,5,794.91,0.4,1589.82,2011-01
14443,1420.2,4,11,355.05,0.36363636363636365,1420.2000000000003,2010-12
14446,1010.35,4,9,252.5875,0.4444444444444444,1010.3499999999999,2011-04
14447,1163.23,5,9,232.64600000000002,0.5555555555555556,1163.2300000000002,2011-03
14448,375.35,2,12,187.675,0.16666666666666666,375.35,2010-12
14449,885.8,4,12,221.45,0.3333333333333333,885.8,2010-12
14450,483.25,3,6,161.08333333333334,0.5,483.25,2011-01
14451,643.9,2,6,321.95,0.3333333333333333,643.9,2011-05
14452,259.05,2,3,129.525,0.6666666666666666,259.04999999999995,2011-09
14453,119.93,1,1,119.93,1.0,119.93,2011-06
14456,3017.28,9,6,335.25333333333333,1.5,3017.2799999999997,2011-07
14457,113.64,1,1,113.64,1.0,113.64,2011-02
14459,1837.92,1,1,1837.92,1.0,1837.92,2011-07
14460,434.34,3,7,144.78,0.42857142857142855,434.34,2011-02
14461,2103.06,3,5,701.02,0.6,2103.06,2011-03
14462,1980.57,11,10,180.05181818181816,1.1,1980.57,2011-01
14463,529.62,3,5,176.54,0.6,529.62,2011-05
14465,1038.44,3,3,346.1466666666667,1.0,1038.44,2011-02
14466,2272.4,7,12,324.62857142857143,0.5833333333333334,2272.4,2010-12
14467,596.26,4,11,149.065,0.36363636363636365,596.26,2011-01
14470,461.19,2,10,230.595,0.2,461.19,2011-02
14472,1852.67,8,9,231.58375,0.8888888888888888,1852.67,2010-12
14473,234.34000000000003,2,7,117.17000000000002,0.2857142857142857,234.34,2011-03
14474,547.66,1,1,547.66,1.0,547.66,2011-10
14475,925.85,3,8,308.6166666666667,0.375,925.85,2011-02
14476,193.0,1,1,193.0,1.0,193.0,2011-03
14477,1309.6,4,10,327.4,0.4,1309.6000000000001,2011-02
14479,316.25,2,4,158.125,0.5,316.25,2010-12
14480,279.05,1,1,279.05,1.0,279.05,2011-11
14481,636.51,2,5,318.255,0.4,636.51,2011-02
14482,2022.81,6,8,337.135,0.75,2022.81,2011-04
14483,137.1,1,1,137.1,1.0,137.1,2011-03
14484,321.92,1,1,321.92,1.0,321.92,2011-10
14485,162.8,1,1,162.8,1.0,162.8,2011-11
14487,1165.48,6,12,194.24666666666667,0.5,1165.48,2010-12
14488,1064.28,1,1,1064.28,1.0,1064.28,2011-10
14489,463.38,1,1,463.38,1.0,463.38,2011-05
14491,340.93,2,7,170.465,0.2857142857142857,340.92999999999995,2010-12
14493,2383.2400000000002,5,6,476.648,0.8333333333333334,2383.2400000000002,2011-07
14494,139.56,1,1,139.56,1.0,139.56,2011-11
14495,123.8,2,3,61.9,0.6666666666666666,123.8,2011-08
14496,538.8100000000001,2,3,269.40500000000003,0.6666666666666666,538.8100000000001,2010-12
14497,475.37,1,1,475.37,1.0,475.37,2011-02
14498,1957.32,5,11,391.464,0.45454545454545453,1957.32,2010-12
14499,808.44,3,9,269.48,0.3333333333333333,808.44,2011-03
14500,356.85,3,4,118.95,0.75,356.85,2011-06
14501,251.21,2,6,125.605,0.3333333333333333,251.20999999999998,2011-01
14502,2429.83,11,11,220.89363636363635,1.0,2429.83,2011-01
14503,3543.26,6,7,590.5433333333334,0.8571428571428571,3543.26,2011-06
14504,673.26,4,8,168.315,0.5,673.26,2011-03
14505,5859.43,8,12,732.42875,0.6666666666666666,5859.43,2010-12
14506,1960.65,5,12,392.13,0.4166666666666667,1960.65,2010-12
14507,1367.88,6,9,227.98000000000002,0.6666666666666666,1367.88,2011-03
14508,268.05,2,3,134.025,0.6666666666666666,268.04999999999995,2011-09
14511,1314.81,5,5,262.962,1.0,1314.81,2011-07
14512,275.28,2,3,137.64,0.6666666666666666,275.28,2011-04
14513,455.59000000000003,3,7,151.86333333333334,0.42857142857142855,455.59,2011-02
14514,990.2,3,10,330.06666666666666,0.3,990.1999999999999,2011-01
14515,2076.89,6,7,346.1483333333333,0.8571428571428571,2076.8899999999994,2011-05
14517,330.45,2,5,165.225,0.4,330.45000000000005,2011-07
14518,174.37,1,1,174.37,1.0,174.37,2011-10
14520,270.6,2,11,135.3,0.18181818181818182,270.6,2011-02
14522,974.54,4,7,243.635,0.5714285714285714,974.54,2011-05
14523,241.09000000000003,1,1,241.09000000000003,1.0,241.09000000000003,2011-08
14524,1843.83,9,12,204.87,0.75,1843.83,2010-12
14525,4215.9,9,12,468.4333333333333,0.75,4215.9,2010-12
14527,8507.13,55,13,154.6750909090909,4.230769230769231,8507.13,2010-12
14528,364.22,1,1,364.22,1.0,364.22,2011-11
14529,578.61,3,3,192.87,1.0,578.61,2011-08
14530,2862.11,6,10,477.0183333333334,0.6,2862.11,2011-02
14532,932.85,4,5,233.2125,0.8,932.8500000000001,2010-12
14533,1949.72,7,12,278.5314285714286,0.5833333333333334,1949.7200000000003,2010-12
14534,4397.3,18,12,244.29444444444445,1.5,4397.3,2011-01
14535,2854.84,3,7,951.6133333333333,0.42857142857142855,2854.8399999999997,2011-04
14536,170.95,1,1,170.95,1.0,170.95,2011-03
14537,355.56,1,1,355.56,1.0,355.56,2011-10
14538,388.25,2,8,194.125,0.25,388.25,2011-03
14539,537.48,2,2,268.74,1.0,537.48,2011-10
14540,952.66,3,10,317.55333333333334,0.3,952.6600000000001,2011-02
14541,1453.35,8,10,181.66875,0.8,1453.3500000000001,2011-01
14542,103.25,1,1,103.25,1.0,103.25,2011-06
14543,3599.73,16,12,224.983125,1.3333333333333333,3599.7299999999996,2010-12
14544,2004.3,2,12,1002.15,0.16666666666666666,2004.2999999999997,2010-12
14546,2573.93,5,9,514.786,0.5555555555555556,2573.93,2011-04
14547,3974.75,8,3,496.84375,2.6666666666666665,3974.7499999999995,2011-10
14548,652.8,2,7,326.4,0.2857142857142857,652.7999999999998,2011-01
14549,289.24,1,1,289.24,1.0,289.24,2011-02
14550,757.37,2,2,378.685,1.0,757.37,2011-10
14551,186.23,2,7,93.115,0.2857142857142857,186.23,2011-05
14552,164.22,1,1,164.22,1.0,164.22,2011-07
14553,859.27,5,11,171.85399999999998,0.45454545454545453,859.27,2011-01
14554,2279.4900000000002,4,2,569.8725000000001,2.0,2279.4900000000002,2011-10
14555,312.53999999999996,2,9,156.26999999999998,0.2222222222222222,312.53999999999996,2011-02
14557,788.38,1,1,788.38,1.0,788.38,2011-09
14560,2237.77,22,13,101.71681818181818,1.6923076923076923,2237.77,2010-12
14561,1080.76,3,4,360.25333333333333,0.75,1080.76,2011-06
14562,5006.77,18,11,278.1538888888889,1.6363636363636365,5006.77,2011-02
14565,3099.12,4,10,774.78,0.4,3099.1200000000003,2010-12
14566,1432.0,1,1,1432.0,1.0,1432.0,2011-08
14567,1530.3600000000001,2,3,765.1800000000001,0.6666666666666666,1530.3600000000001,2011-08
14569,227.39,1,1,227.39,1.0,227.39,2011-12
14570,218.06,2,1,109.03,2.0,218.06,2011-03
14572,2804.54,7,12,400.6485714285714,0.5833333333333334,2804.54,2011-01
14573,1639.82,9,7,182.20222222222222,1.2857142857142858,1639.8200000000002,2010-12
14576,35.400000000000006,1,1,35.400000000000006,1.0,35.400000000000006,2010-12
14577,859.71,4,12,214.9275,0.3333333333333333,859.71,2010-12
14578,168.63,1,1,168.63,1.0,168.63,2011-12
14581,138.6,1,1,138.6,1.0,138.6,2011-11
14582,114.11000000000001,1,1,114.11000000000001,1.0,114.11000000000001,2011-10
14583,986.96,5,8,197.392,0.625,986.96,2011-05
14584,1033.06,4,2,258.265,2.0,1033.06,2011-05
14585,157.05,1,1,157.05,1.0,157.05,2011-10
14586,237.36,1,1,237.36,1.0,237.36,2011-03
14587,1580.29,9,11,175.58777777777777,0.8181818181818182,1580.29,2011-01
14589,39.75,1,1,39.75,1.0,39.75,2010-12
14591,1320.21,4,7,330.0525,0.5714285714285714,1320.2099999999998,2011-05
14592,557.94,3,2,185.98000000000002,1.5,557.94,2011-10
14593,617.15,3,7,205.71666666666667,0.42857142857142855,617.15,2011-05
14594,363.33,2,13,181.665,0.15384615384615385,363.33000000000004,2010-12
14595,1740.6,6,11,290.09999999999997,0.5454545454545454,1740.5999999999995,2011-01
14597,866.24,2,6,433.12,0.3333333333333333,866.24,2011-06
14598,221.97,1,1,221.97,1.0,221.97,2011-10
14600,393.33000000000004,1,1,393.33000000000004,1.0,393.33000000000004,2011-02
14601,213.96,1,1,213.96,1.0,213.96,2011-11
14603,660.0,1,1,660.0,1.0,660.0,2011-03
14606,12076.15,93,13,129.8510752688172,7.153846153846154,12076.150000000001,2010-12
14607,16209.5,14,9,1157.8214285714287,1.5555555555555556,16209.5,2011-03
14608,1785.15,4,13,446.2875,0.3076923076923077,1785.15,2010-12
14609,601.56,4,8,150.39,0.5,601.56,2011-02
14616,406.08000000000004,3,4,135.36,0.75,406.08000000000004,2011-01
14618,553.44,3,11,184.48000000000002,0.2727272727272727,553.44,2011-01
14619,394.44,1,1,394.44,1.0,394.44,2011-04
14620,412.78000000000003,2,3,206.39000000000001,0.6666666666666666,412.78,2011-03
14621,1788.3600000000001,5,13,357.672,0.38461538461538464,1788.3600000000004,2010-12
14622,320.58000000000004,1,1,320.58000000000004,1.0,320.58000000000004,2011-06
14623,886.7,5,8,177.34,0.625,886.7,2011-04
14624,225.85,2,1,112.925,2.0,225.85,2011-10
14625,899.63,2,6,449.815,0.3333333333333333,899.63,2010-12
14626,2791.27,4,8,697.8175,0.5,2791.27,2011-04
14628,671.96,2,6,335.98,0.3333333333333333,671.96,2011-04
14629,955.26,2,3,477.63,0.6666666666666666,955.2599999999999,2011-10
14631,1006.98,3,9,335.66,0.3333333333333333,1006.98,2011-02
14632,114.56,1,1,114.56,1.0,114.56,2011-03
14633,344.90000000000003,1,1,344.90000000000003,1.0,344.90000000000003,2011-03
14636,609.85,2,9,304.925,0.2222222222222222,609.8499999999999,2011-03
14638,443.6,1,1,443.6,1.0,443.6,2011-10
14639,2984.49,6,11,497.41499999999996,0.5454545454545454,2984.4899999999993,2010-12
14640,2107.38,6,8,351.23,0.75,2107.38,2011-04
14641,110.46,1,1,110.46,1.0,110.46,2011-11
14642,96.12,1,1,96.12,1.0,96.12,2011-10
14643,693.8100000000001,2,7,346.90500000000003,0.2857142857142857,693.8100000000001,2010-12
14644,830.76,2,9,415.38,0.2222222222222222,830.7599999999999,2011-02
14645,597.09,2,5,298.545,0.4,597.09,2011-03
14646,280206.02,73,13,3838.4386301369864,5.615384615384615,280206.02,2010-12
14647,236.04000000000002,1,1,236.04000000000002,1.0,236.04000000000002,2011-05
14649,1402.59,4,8,350.6475,0.5,1402.59,2011-05
14651,653.75,2,6,326.875,0.3333333333333333,653.75,2011-05
14652,114.18,1,1,114.18,1.0,114.18,2011-09
14653,1926.65,7,12,275.2357142857143,0.5833333333333334,1926.6500000000005,2011-01
14655,1932.23,4,8,483.0575,0.5,1932.23,2011-05
14656,291.05,2,4,145.525,0.5,291.05,2011-03
14657,848.22,4,11,212.055,0.36363636363636365,848.22,2011-01
14658,247.15,2,5,123.575,0.4,247.15000000000003,2011-08
14659,2529.93,9,12,281.1033333333333,0.75,2529.93,2011-01
14660,285.74,2,2,142.87,1.0,285.74,2011-08
14661,107.95,1,1,107.95,1.0,107.95,2011-11
14662,741.37,4,11,185.3425,0.36363636363636365,741.3700000000001,2011-01
14664,636.24,2,1,318.12,2.0,636.24,2011-11
14665,1835.7,5,9,367.14,0.5555555555555556,1835.7,2011-02
14666,195.25,1,1,195.25,1.0,195.25,2011-11
14667,9175.04,25,12,367.00160000000005,2.0833333333333335,9175.04,2010-12
14669,1259.24,3,4,419.74666666666667,0.75,1259.24,2011-01
14670,392.86,2,1,196.43,2.0,392.86,2011-03
14672,765.55,2,4,382.775,0.5,765.55,2011-01
14673,1736.4,5,13,347.28000000000003,0.38461538461538464,1736.4,2010-12
14675,596.36,1,1,596.36,1.0,596.36,2011-11
14676,2548.2400000000002,6,9,424.7066666666667,0.6666666666666666,2548.2400000000002,2011-03
14680,28754.11,16,12,1797.131875,1.3333333333333333,28754.11,2010-12
14681,498.95,3,5,166.31666666666666,0.6,498.94999999999993,2011-05
14682,52.0,2,2,26.0,1.0,52.0,2011-05
14684,1201.51,5,12,240.302,0.4166666666666667,1201.51,2010-12
14687,628.38,1,1,628.38,1.0,628.38,2011-08
14688,5579.1,21,13,265.6714285714286,1.6153846153846154,5579.1,2010-12
14689,112.8,1,1,112.8,1.0,112.8,2011-05
14690,355.05,2,4,177.525,0.5,355.05,2011-07
14691,2114.33,5,7,422.866,0.7142857142857143,2114.33,2011-05
14692,591.55,4,7,147.8875,0.5714285714285714,591.55,2011-01
14693,172.9,1,1,172.9,1.0,172.9,2011-03
14696,2078.95,7,13,296.99285714285713,0.5384615384615384,2078.95,2010-12
14697,188.60999999999999,2,1,94.30499999999999,2.0,188.60999999999999,2011-05
14698,1217.27,5,3,243.454,1.6666666666666667,1217.2700000000002,2011-10
14699,109.13000000000001,1,1,109.13000000000001,1.0,109.13000000000001,2011-05
14700,2195.1,3,8,731.6999999999999,0.375,2195.1,2011-04
14701,2526.09,9,11,280.6766666666667,0.8181818181818182,2526.09,2011-01
14702,3251.79,17,13,191.28176470588235,1.3076923076923077,3251.79,2010-12
14703,318.17,1,1,318.17,1.0,318.17,2011-11
14704,1493.96,9,6,165.99555555555557,1.5,1493.96,2011-06
14705,179.0,1,1,179.0,1.0,179.0,2011-05
14708,1126.37,3,13,375.45666666666665,0.23076923076923078,1126.3700000000001,2010-12
14709,4921.04,13,12,378.54153846153844,1.0833333333333333,4921.039999999999,2010-12
14710,599.48,4,2,149.87,2.0,599.48,2011-10
14711,2839.62,11,9,258.1472727272727,1.2222222222222223,2839.62,2011-03
14712,917.07,3,4,305.69,0.75,917.0699999999999,2011-08
14713,2662.2,11,12,242.0181818181818,0.9166666666666666,2662.2,2010-12
14714,160.19,1,1,160.19,1.0,160.19,2011-11
14715,867.38,4,11,216.845,0.36363636363636365,867.3800000000001,2011-01
14716,307.51,2,4,153.755,0.5,307.51,2011-07
14719,1581.84,5,9,316.368,0.5555555555555556,1581.84,2011-04
14720,663.8100000000001,3,5,221.27,0.6,663.81,2011-08
14722,180.42000000000002,1,1,180.42000000000002,1.0,180.42000000000002,2011-07
14723,1122.3600000000001,6,12,187.06000000000003,0.5,1122.3600000000001,2010-12
14725,655.58,1,1,655.58,1.0,655.58,2011-11
14727,268.58,1,1,268.58,1.0,268.58,2011-03
14729,313.49,1,1,313.49,1.0,313.49,2010-12
14730,1897.57,8,10,237.19625,0.8,1897.5700000000002,2011-03
14731,380.02,3,6,126.67333333333333,0.5,380.02,2011-05
14732,2702.4900000000002,8,12,337.81125000000003,0.6666666666666666,2702.4900000000002,2011-01
14733,9585.91,12,12,798.8258333333333,1.0,9585.91,2010-12
14735,6065.69,32,13,189.5528125,2.4615384615384617,6065.69,2010-12
14737,1164.55,3,13,388.18333333333334,0.23076923076923078,1164.55,2010-12
14738,1314.45,7,10,187.77857142857144,0.7,1314.4499999999998,2011-01
14739,3902.28,7,13,557.4685714285714,0.5384615384615384,3902.2799999999997,2010-12
14740,1448.21,3,3,482.7366666666667,1.0,1448.21,2011-03
14741,1400.3400000000001,6,12,233.39000000000001,0.5,1400.3400000000001,2010-12
14744,1099.98,7,12,157.14000000000001,0.5833333333333334,1099.9800000000002,2010-12
14745,1220.26,5,7,244.052,0.7142857142857143,1220.26,2011-02
14747,328.2,1,1,328.2,1.0,328.2,2011-04
14748,1415.75,5,12,283.15,0.4166666666666667,1415.75,2010-12
14752,389.64,1,1,389.64,1.0,389.64,2011-10
14753,563.15,1,1,563.15,1.0,563.15,2011-09
14754,638.05,2,9,319.025,0.2222222222222222,638.0499999999998,2011-02
14755,5010.28,11,11,455.47999999999996,1.0,5010.28,2011-01
14756,738.96,1,1,738.96,1.0,738.96,2011-11
14757,420.5,1,1,420.5,1.0,420.5,2011-09
14758,1484.06,4,5,371.015,0.8,1484.06,2011-03
14759,1625.97,3,9,541.99,0.3333333333333333,1625.97,2011-04
14760,89.2,1,1,89.2,1.0,89.2,2011-02
14761,255.9,2,10,127.95,0.2,255.90000000000003,2011-01
14762,300.52,1,1,300.52,1.0,300.52,2011-03
14764,278.3,1,1,278.3,1.0,278.3,2011-10
14765,254.11,3,6,84.70333333333333,0.5,254.11,2011-06
14766,2473.37,6,13,412.2283333333333,0.46153846153846156,2473.37,2010-12
14768,192.60000000000002,2,4,96.30000000000001,0.5,192.60000000000002,2011-08
14769,10416.98,8,13,1302.1225,0.6153846153846154,10416.98,2010-12
14770,876.42,2,4,438.21,0.5,876.42,2011-01
14772,139.26,1,1,139.26,1.0,139.26,2011-08
14775,1011.9,3,11,337.3,0.2727272727272727,1011.9,2010-12
14776,2538.3,11,10,230.75454545454548,1.1,2538.3,2011-01
14778,730.86,2,7,365.43,0.2857142857142857,730.8599999999999,2011-02
14779,386.15,3,3,128.71666666666667,1.0,386.15,2011-01
14780,447.68,2,2,223.84,1.0,447.68,2011-09
14782,200.10000000000002,1,1,200.10000000000002,1.0,200.10000000000002,2011-01
14784,289.99,2,11,144.995,0.18181818181818182,289.99,2011-01
14785,77.4,2,1,38.7,2.0,77.4,2011-11
14788,679.4399999999999,2,2,339.71999999999997,1.0,679.4399999999999,2011-11
14789,197.64,1,1,197.64,1.0,197.64,2011-11
14790,745.0600000000001,4,9,186.26500000000001,0.4444444444444444,745.0600000000001,2011-03
14792,6.2,1,1,6.2,1.0,6.2,2011-10
14793,228.99,1,1,228.99,1.0,228.99,2011-11
14794,1319.91,7,12,188.55857142857144,0.5833333333333334,1319.91,2011-01
14795,131.45000000000002,1,1,131.45000000000002,1.0,131.45000000000002,2011-06
14796,7975.49,17,13,469.1464705882353,1.3076923076923077,7975.49,2010-12
14798,173.74,3,9,57.913333333333334,0.3333333333333333,173.73999999999998,2011-02
14799,157.70000000000002,1,1,157.70000000000002,1.0,157.70000000000002,2011-10
14800,4331.79,12,11,360.9825,1.0909090909090908,4331.79,2010-12
14801,189.34,1,1,189.34,1.0,189.34,2011-10
14803,845.55,3,5,281.84999999999997,0.6,845.55,2011-02
14804,353.27,1,1,353.27,1.0,353.27,2011-12
14805,546.4,4,11,136.6,0.36363636363636365,546.4,2011-01
14806,193.39,1,1,193.39,1.0,193.39,2011-09
14808,2718.6,8,5,339.825,1.6,2718.6000000000004,2011-06
14810,2085.33,11,11,189.57545454545453,1.0,2085.33,2010-12
14813,152.88,2,1,76.44,2.0,152.88,2010-12
14815,778.5,2,2,389.25,1.0,778.5,2011-10
14816,271.85,1,1,271.85,1.0,271.85,2011-05
14817,1110.34,2,3,555.17,0.6666666666666666,1110.34,2011-03
14818,657.8,3,7,219.26666666666665,0.42857142857142855,657.8,2011-03
14819,272.07,2,6,136.035,0.3333333333333333,272.07,2011-05
14820,507.29,4,6,126.8225,0.6666666666666666,507.28999999999996,2011-06
14821,48.800000000000004,1,1,48.800000000000004,1.0,48.800000000000004,2010-12
14823,321.43,3,2,107.14333333333333,1.5,321.43,2011-05
14824,1127.71,4,3,281.9275,1.3333333333333333,1127.71,2011-09
14825,2221.01,12,13,185.08416666666668,0.9230769230769231,2221.01,2010-12
14828,2139.76,3,5,713.2533333333334,0.6,2139.76,2011-01
14829,697.55,4,12,174.3875,0.3333333333333333,697.55,2010-12
14830,188.88,1,1,188.88,1.0,188.88,2011-10
14834,1720.3,6,8,286.71666666666664,0.75,1720.2999999999997,2011-04
14836,102.44999999999999,3,1,34.15,3.0,102.44999999999999,2011-11
14837,1649.5,4,5,412.375,0.8,1649.5000000000002,2011-05
14840,62.85,1,1,62.85,1.0,62.85,2011-03
14841,3295.76,6,11,549.2933333333334,0.5454545454545454,3295.76,2010-12
14842,2824.69,4,9,706.1725,0.4444444444444444,2824.6899999999996,2011-02
14844,3189.81,4,7,797.4525,0.5714285714285714,3189.8099999999995,2011-04
14847,309.4,1,1,309.4,1.0,309.4,2011-07
14849,7930.54,25,12,317.2216,2.0833333333333335,7930.540000000001,2010-12
14850,325.75,1,1,325.75,1.0,325.75,2011-02
14851,511.35,2,9,255.675,0.2222222222222222,511.34999999999997,2011-03
14852,2836.69,6,7,472.7816666666667,0.8571428571428571,2836.69,2011-04
14853,475.79999999999995,2,7,237.89999999999998,0.2857142857142857,475.79999999999995,2011-05
14854,2740.03,7,7,391.4328571428572,1.0,2740.03,2011-03
14855,645.65,2,2,322.825,1.0,645.65,2011-07
14856,1290.53,3,2,430.1766666666667,1.5,1290.53,2011-10
14857,1173.12,2,4,586.56,0.5,1173.12,2011-07
14859,1353.74,4,7,338.435,0.5714285714285714,1353.7399999999998,2011-05
14860,170.32,1,1,170.32,1.0,170.32,2011-11
14861,125.79,1,1,125.79,1.0,125.79,2011-10
14862,841.1999999999999,2,5,420.59999999999997,0.4,841.2,2011-07
14863,266.76,1,1,266.76,1.0,266.76,2011-11
14865,52.2,2,13,26.1,0.15384615384615385,52.20000000000001,2010-12
14866,14389.9,12,12,1199.1583333333333,1.0,14389.9,2010-12
14867,710.28,3,6,236.76,0.5,710.28,2011-01
14868,2953.59,8,9,369.19875,0.8888888888888888,2953.59,2011-04
14869,721.45,2,5,360.725,0.4,721.45,2011-08
14870,327.25,1,1,327.25,1.0,327.25,2011-03
14871,501.28000000000003,4,13,125.32000000000001,0.3076923076923077,501.28000000000003,2010-12
14873,519.68,1,1,519.68,1.0,519.68,2011-05
14875,1465.3200000000002,2,6,732.6600000000001,0.3333333333333333,1465.3200000000002,2011-03
14878,1476.09,9,12,164.01,0.75,1476.09,2010-12
14880,690.59,3,8,230.1966666666667,0.375,690.59,2011-02
14881,255.4,1,1,255.4,1.0,255.4,2011-11
14882,589.7,2,1,294.85,2.0,589.7,2011-11
14883,761.59,6,7,126.93166666666667,0.8571428571428571,761.5899999999999,2011-05
14885,765.3199999999999,1,1,765.3199999999999,1.0,765.3199999999999,2011-07
14886,364.8,1,1,364.8,1.0,364.8,2011-04
14887,1862.0,1,1,1862.0,1.0,1862.0,2011-09
14888,369.2,1,1,369.2,1.0,369.2,2011-05
14889,135.9,1,1,135.9,1.0,135.9,2011-01
14890,125.65,1,1,125.65,1.0,125.65,2011-03
14891,554.38,2,2,277.19,1.0,554.38,2011-06
14893,1237.85,2,1,618.925,2.0,1237.85,2011-11
14894,655.75,1,1,655.75,1.0,655.75,2011-09
14895,11138.710000000001,20,11,556.9355,1.8181818181818181,11138.710000000001,2011-02
14896,468.77000000000004,2,6,234.38500000000002,0.3333333333333333,468.77,2010-12
14897,1366.38,4,11,341.595,0.36363636363636365,1366.38,2011-02
14898,1269.31,6,12,211.55166666666665,0.5,1269.31,2010-12
14901,1421.29,9,12,157.92111111111112,0.75,1421.29,2010-12
14902,332.66,1,1,332.66,1.0,332.66,2011-11
14903,2795.33,5,9,559.066,0.5555555555555556,2795.33,2011-03
14904,1025.44,2,2,512.72,1.0,1025.44,2011-11
14905,616.15,2,4,308.075,0.5,616.15,2011-04
14907,3501.1,7,13,500.15714285714284,0.5384615384615384,3501.0999999999995,2010-12
14908,277.8,1,1,277.8,1.0,277.8,2011-09
14910,434.35,4,3,108.5875,1.3333333333333333,434.35,2011-10
14911,143711.17,201,13,714.980945273632,15.461538461538462,143711.17000000004,2010-12
14912,867.85,2,8,433.925,0.25,867.85,2011-04
14913,1227.43,4,12,306.8575,0.3333333333333333,1227.4299999999998,2010-12
14915,307.48,2,7,153.74,0.2857142857142857,307.48,2011-03
14916,1268.98,4,9,317.245,0.4444444444444444,1268.98,2011-01
14918,1610.15,2,2,805.075,1.0,1610.15,2011-07
14920,977.77,2,1,488.885,2.0,977.77,2011-05
14921,1316.07,2,7,658.035,0.2857142857142857,1316.07,2011-05
14923,749.1,1,1,749.1,1.0,749.1,2011-10
14924,310.05,1,1,310.05,1.0,310.05,2011-04
14929,223.88,1,1,223.88,1.0,223.88,2011-11
14930,2362.96,3,6,787.6533333333333,0.5,2362.96,2011-03
14931,1257.68,5,9,251.536,0.5555555555555556,1257.68,2011-04
14932,363.53,1,1,363.53,1.0,363.53,2010-12
14934,1890.94,2,7,945.47,0.2857142857142857,1890.9399999999998,2011-03
14935,1784.71,1,1,1784.71,1.0,1784.71,2011-02
14936,8137.02,8,9,1017.1275,0.8888888888888888,8137.02,2011-03
14937,1621.88,3,3,540.6266666666667,1.0,1621.88,2011-08
14944,5900.25,12,10,491.6875,1.2,5900.25,2011-02
14946,100.9,1,1,100.9,1.0,100.9,2011-11
14947,290.82,2,2,145.41,1.0,290.82,2011-08
14948,1101.97,6,7,183.66166666666666,0.8571428571428571,1101.9699999999998,2011-05
14950,371.2,1,1,371.2,1.0,371.2,2011-11
14951,311.69,1,1,311.69,1.0,311.69,2011-09
14952,8099.49,11,11,736.3172727272727,1.0,8099.49,2010-12
14953,285.67,1,1,285.67,1.0,285.67,2011-11
14954,294.85,1,1,294.85,1.0,294.85,2011-11
14957,58.49,1,1,58.49,1.0,58.49,2011-03
14958,483.73,3,4,161.24333333333334,0.75,483.73,2011-04
14959,695.42,4,9,173.855,0.4444444444444444,695.42,2011-02
14960,221.26999999999998,2,7,110.63499999999999,0.2857142857142857,221.26999999999998,2011-06
14961,7044.68,9,12,782.7422222222223,0.75,7044.68,2010-12
14962,126.7,1,1,126.7,1.0,126.7,2011-03
14963,1472.34,5,6,294.46799999999996,0.8333333333333334,1472.34,2011-06
14964,206.21,1,1,206.21,1.0,206.21,2011-04
14965,596.09,2,1,298.045,2.0,596.09,2011-09
14966,183.02,1,1,183.02,1.0,183.02,2011-11
14967,463.8,1,1,463.8,1.0,463.8,2011-10
14968,147.59,1,1,147.59,1.0,147.59,2011-11
14970,1592.06,4,10,398.015,0.4,1592.0600000000002,2011-01
14971,1097.98,3,2,365.99333333333334,1.5,1097.98,2011-10
14972,114.77,1,1,114.77,1.0,114.77,2011-08
14973,1314.45,3,5,438.15000000000003,0.6,1314.4499999999998,2011-04
14974,89.94,1,1,89.94,1.0,89.94,2011-11
14975,279.94,1,1,279.94,1.0,279.94,2011-10
14976,790.86,7,10,112.98,0.7,790.86,2011-01
14978,1921.3700000000001,5,9,384.274,0.5555555555555556,1921.3700000000001,2011-01
14981,102.12,1,1,102.12,1.0,102.12,2011-04
14984,202.37,2,6,101.185,0.3333333333333333,202.37,2011-06
14985,292.01,2,6,146.005,0.3333333333333333,292.01,2010-12
14987,326.4,2,12,163.2,0.16666666666666666,326.4,2010-12
14988,334.54,1,1,334.54,1.0,334.54,2011-05
14995,231.98000000000002,2,9,115.99000000000001,0.2222222222222222,231.98000000000002,2011-03
14997,546.1999999999999,3,5,182.06666666666663,0.6,546.1999999999999,2011-06
14998,414.87,2,3,207.435,0.6666666666666666,414.87,2011-04
15000,490.52,1,1,490.52,1.0,490.52,2011-10
15002,1641.76,4,9,410.44,0.4444444444444444,1641.7599999999998,2010-12
15004,1220.77,1,1,1220.77,1.0,1220.77,2011-07
15005,6295.37,28,12,224.83464285714285,2.3333333333333335,6295.370000000001,2010-12
15006,480.38,1,1,480.38,1.0,480.38,2011-10
15007,156.91,1,1,156.91,1.0,156.91,2011-07
15009,1259.43,3,1,419.81,3.0,1259.43,2011-11
15010,308.94,1,1,308.94,1.0,308.94,2011-11
15012,405.04,2,11,202.52,0.18181818181818182,405.0400000000001,2010-12
15014,257.67,2,5,128.835,0.4,257.67,2011-06
15016,170.04,1,1,170.04,1.0,170.04,2011-06
15017,125.58,1,1,125.58,1.0,125.58,2011-11
15018,496.21000000000004,3,12,165.40333333333334,0.25,496.21000000000004,2010-12
15019,252.81,1,1,252.81,1.0,252.81,2011-03
15021,1871.77,9,13,207.97444444444443,0.6923076923076923,1871.7699999999998,2010-12
15022,852.39,4,2,213.0975,2.0,852.39,2011-10
15023,6720.41,11,13,610.9463636363636,0.8461538461538461,6720.409999999999,2010-12
15024,1636.43,10,12,163.643,0.8333333333333334,1636.43,2010-12
15025,361.96,1,1,361.96,1.0,361.96,2011-11
15026,469.0,3,7,156.33333333333334,0.42857142857142855,469.0,2011-03
15027,1066.15,4,8,266.5375,0.5,1066.15,2011-04
15028,627.13,4,13,156.7825,0.3076923076923077,627.13,2010-12
15030,518.28,2,7,259.14,0.2857142857142857,518.28,2011-03
15031,653.19,4,10,163.2975,0.4,653.19,2011-03
15032,4959.1,3,4,1653.0333333333335,0.75,4959.1,2010-12
15033,2557.18,10,12,255.718,0.8333333333333334,2557.18,2011-01
15034,4274.16,8,12,534.27,0.6666666666666666,4274.16,2010-12
15035,252.73000000000002,1,1,252.73000000000002,1.0,252.73000000000002,2011-09
15036,429.56,3,4,143.18666666666667,0.75,429.56,2011-06
15038,685.74,6,11,114.29,0.5454545454545454,685.74,2010-12
15039,19766.59,47,12,420.5657446808511,3.9166666666666665,19766.59,2010-12
15041,179.93,1,1,179.93,1.0,179.93,2011-06
15042,135.93,1,1,135.93,1.0,135.93,2011-05
15043,537.0,1,1,537.0,1.0,537.0,2011-11
15044,7634.7300000000005,17,12,449.1017647058824,1.4166666666666667,7634.730000000001,2010-12
15045,735.66,2,5,367.83,0.4,735.6600000000001,2011-03
15046,5090.42,15,11,339.36133333333333,1.3636363636363635,5090.42,2011-01
15047,343.62,1,1,343.62,1.0,343.62,2011-03
15048,381.0,4,11,95.25,0.36363636363636365,381.00000000000006,2010-12
15049,121.17000000000002,1,1,121.17000000000002,1.0,121.17000000000002,2011-03
15050,1737.69,3,3,579.23,1.0,1737.69,2011-09
15051,1383.36,3,5,461.11999999999995,0.6,1383.36,2011-07
15052,207.73000000000002,1,1,207.73000000000002,1.0,207.73000000000002,2011-01
15053,693.95,3,10,231.3166666666667,0.3,693.95,2011-03
15054,302.1,2,2,151.05,1.0,302.1,2011-10
15057,1489.5,2,3,744.75,0.6666666666666666,1489.5,2011-01
15058,2102.54,11,11,191.14,1.0,2102.54,2011-01
15059,1337.72,9,10,148.63555555555556,0.9,1337.7199999999998,2011-01
15060,294.25,4,2,73.5625,2.0,294.25,2011-11
15061,54534.14,48,13,1136.1279166666666,3.6923076923076925,54534.14,2010-12
15062,987.86,4,10,246.965,0.4,987.86,2010-12
15063,370.79999999999995,1,1,370.79999999999995,1.0,370.79999999999995,2011-05
15065,3158.13,4,10,789.5325,0.4,3158.1300000000006,2011-02
15066,893.59,1,1,893.59,1.0,893.59,2011-10
15067,1744.76,3,7,581.5866666666667,0.42857142857142855,1744.76,2011-03
15068,553.36,2,8,276.68,0.25,553.36,2011-03
15069,1109.53,1,1,1109.53,1.0,1109.53,2011-06
15070,106.2,1,1,106.2,1.0,106.2,2010-12
15071,982.07,2,7,491.035,0.2857142857142857,982.07,2011-03
15073,1043.41,3,6,347.80333333333334,0.5,1043.41,2011-06
15074,735.67,1,1,735.67,1.0,735.67,2011-08
15075,773.03,1,1,773.03,1.0,773.03,2011-09
15076,880.85,1,1,880.85,1.0,880.85,2011-06
15078,9743.11,32,13,304.4721875,2.4615384615384617,9743.110000000002,2010-12
15079,895.61,4,6,223.9025,0.6666666666666666,895.6099999999999,2010-12
15081,504.8,5,12,100.96000000000001,0.4166666666666667,504.80000000000007,2010-12
15083,88.2,1,1,88.2,1.0,88.2,2011-03
15087,306.94,1,1,306.94,1.0,306.94,2011-03
15088,1160.07,2,2,580.035,1.0,1160.07,2011-10
15089,2420.84,6,4,403.47333333333336,1.5,2420.84,2011-08
15090,381.32,1,1,381.32,1.0,381.32,2011-02
15091,480.71,1,1,480.71,1.0,480.71,2011-10
15092,457.81,2,3,228.905,0.6666666666666666,457.80999999999995,2011-03
15093,4597.02,6,12,766.1700000000001,0.5,4597.02,2010-12
15095,1370.6,4,4,342.65,1.0,1370.6,2011-05
15096,219.39,1,1,219.39,1.0,219.39,2011-10
15097,248.08,1,1,248.08,1.0,248.08,2011-12
15098,39916.5,3,1,13305.5,3.0,39916.5,2011-06
15099,410.48,1,1,410.48,1.0,410.48,2011-09
15100,876.0,3,2,292.0,1.5,876.0,2010-12
15101,317.53000000000003,2,13,158.76500000000001,0.15384615384615385,317.53000000000003,2010-12
15103,703.36,2,3,351.68,0.6666666666666666,703.3599999999999,2011-09
15104,993.54,2,3,496.77,0.6666666666666666,993.5399999999998,2011-03
15105,2298.93,7,5,328.4185714285714,1.4,2298.93,2011-07
15106,1422.52,5,9,284.504,0.5555555555555556,1422.5200000000002,2011-03
15107,319.5,6,3,53.25,2.0,319.5,2010-12
15108,1300.25,4,4,325.0625,1.0,1300.25,2011-04
15109,484.95,1,1,484.95,1.0,484.95,2011-04
15110,996.1,4,11,249.025,0.36363636363636365,996.1000000000001,2011-01
15111,1567.48,3,12,522.4933333333333,0.25,1567.48,2010-12
15113,3509.43,3,2,1169.81,1.5,3509.43,2011-10
15114,2760.56,10,10,276.056,1.0,2760.56,2011-02
15115,340.11,1,1,340.11,1.0,340.11,2011-11
15116,1352.75,4,7,338.1875,0.5714285714285714,1352.75,2011-05
15117,1551.78,5,7,310.356,0.7142857142857143,1551.78,2011-05
15118,244.8,1,1,244.8,1.0,244.8,2011-07
15119,266.4,1,1,266.4,1.0,266.4,2011-04
15120,358.82,1,1,358.82,1.0,358.82,2011-07
15121,457.71999999999997,2,9,228.85999999999999,0.2222222222222222,457.7199999999999,2011-02
15122,1633.78,3,7,544.5933333333334,0.42857142857142855,1633.78,2011-02
15123,2199.31,2,8,1099.655,0.25,2199.31,2011-05
15124,184.19,2,6,92.095,0.3333333333333333,184.19,2011-06
15125,11528.48,15,9,768.5653333333333,1.6666666666666667,11528.48,2011-03
15127,406.53,1,1,406.53,1.0,406.53,2011-10
15128,1471.0,4,6,367.75,0.6666666666666666,1471.0,2011-05
15129,3447.4,11,9,313.40000000000003,1.2222222222222223,3447.400000000001,2011-02
15130,330.11,1,1,330.11,1.0,330.11,2011-06
15132,977.9300000000001,5,9,195.586,0.5555555555555556,977.9300000000001,2011-03
15133,982.42,3,7,327.4733333333333,0.42857142857142855,982.4199999999997,2011-02
15134,1387.99,8,8,173.49875,1.0,1387.99,2011-04
15135,139.05,1,1,139.05,1.0,139.05,2011-04
15136,1286.7,4,4,321.675,1.0,1286.7,2011-09
15139,178.96,2,4,89.48,0.5,178.96,2011-01
15140,2354.25,7,8,336.32142857142856,0.875,2354.25,2011-03
15142,498.74,1,1,498.74,1.0,498.74,2011-10
15143,259.45,1,1,259.45,1.0,259.45,2011-04
15144,6580.44,17,12,387.0847058823529,1.4166666666666667,6580.4400000000005,2011-01
15145,1194.73,4,9,298.6825,0.4444444444444444,1194.73,2011-04
15146,1327.16,2,5,663.58,0.4,1327.16,2011-02
15147,623.5,1,1,623.5,1.0,623.5,2011-04
15148,301.29,1,1,301.29,1.0,301.29,2011-11
15149,520.8000000000001,1,1,520.8000000000001,1.0,520.8000000000001,2011-07
15150,5291.33,10,9,529.133,1.1111111111111112,5291.330000000001,2011-03
15152,4745.69,13,6,365.0530769230769,2.1666666666666665,4745.69,2011-06
15153,329.25,1,1,329.25,1.0,329.25,2011-11
15154,254.28,1,1,254.28,1.0,254.28,2011-09
15156,961.49,3,2,320.49666666666667,1.5,961.49,2011-11
15157,1936.07,3,13,645.3566666666667,0.23076923076923078,1936.0700000000004,2010-12
15158,401.40000000000003,1,1,401.40000000000003,1.0,401.40000000000003,2011-10
15159,18641.010000000002,30,13,621.3670000000001,2.3076923076923075,18641.010000000002,2010-12
15160,158.16,1,1,158.16,1.0,158.16,2010-12
15163,304.47,2,7,152.235,0.2857142857142857,304.47,2011-05
15164,824.58,3,10,274.86,0.3,824.5799999999999,2011-01
15165,487.75,1,1,487.75,1.0,487.75,2010-12
15167,158.8,1,1,158.8,1.0,158.8,2011-01
15168,106.56,1,1,106.56,1.0,106.56,2011-11
15171,1289.5,1,1,1289.5,1.0,1289.5,2011-01
15172,1624.05,5,9,324.81,0.5555555555555556,1624.0500000000002,2011-04
15174,135.75,1,1,135.75,1.0,135.75,2011-01
15175,224.14,1,1,224.14,1.0,224.14,2011-09
15178,40.5,1,1,40.5,1.0,40.5,2011-03
15179,2206.95,5,11,441.39,0.45454545454545453,2206.95,2011-01
15180,87.5,1,1,87.5,1.0,87.5,2010-12
15181,689.4799999999999,3,8,229.82666666666663,0.375,689.4799999999999,2011-03
15182,622.85,2,5,311.425,0.4,622.85,2011-03
15184,402.2,2,6,201.1,0.3333333333333333,402.2,2011-06
15185,310.62,1,1,310.62,1.0,310.62,2011-09
15186,411.41,2,6,205.705,0.3333333333333333,411.40999999999997,2011-06
15187,4777.18,16,8,298.57375,2.0,4777.18,2011-05
15189,16225.39,41,12,395.74121951219513,3.4166666666666665,16225.39,2011-01
15192,1044.32,3,9,348.1066666666666,0.3333333333333333,1044.3199999999997,2010-12
15193,499.32,1,1,499.32,1.0,499.32,2011-10
15194,7616.53,15,13,507.76866666666666,1.1538461538461537,7616.53,2010-12
15195,3861.0,1,1,3861.0,1.0,3861.0,2011-12
15197,1079.6100000000001,3,12,359.87000000000006,0.25,1079.6100000000001,2010-12
15198,193.64000000000001,2,2,96.82000000000001,1.0,193.64000000000001,2011-08
15199,1268.7,4,9,317.175,0.4444444444444444,1268.7,2011-02
15201,1236.54,5,6,247.308,0.8333333333333334,1236.54,2011-04
15203,1827.8,6,10,304.6333333333333,0.6,1827.8,2011-02
15204,316.58,1,1,316.58,1.0,316.58,2010-12
15205,653.24,2,2,326.62,1.0,653.24,2011-08
15206,420.29999999999995,4,9,105.07499999999999,0.4444444444444444,420.29999999999995,2011-03
15208,870.12,5,13,174.024,0.38461538461538464,870.1200000000001,2010-12
15210,331.18,1,1,331.18,1.0,331.18,2011-04
15211,894.4100000000001,2,11,447.20500000000004,0.18181818181818182,894.4100000000002,2010-12
15212,101.79999999999998,1,1,101.79999999999998,1.0,101.79999999999998,2011-04
15213,328.35,2,1,164.175,2.0,328.35,2011-01
15214,1661.44,8,9,207.68,0.8888888888888888,1661.44,2011-04
15215,734.94,3,2,244.98000000000002,1.5,734.94,2011-09
15216,96.6,1,1,96.6,1.0,96.6,2011-09
15218,5756.89,11,11,523.3536363636364,1.0,5756.89,2011-01
15219,305.75,1,1,305.75,1.0,305.75,2011-06
15220,1778.96,6,8,296.49333333333334,0.75,1778.96,2011-03
15221,403.25,1,1,403.25,1.0,403.25,2010-12
15222,585.0,1,1,585.0,1.0,585.0,2011-01
15223,755.75,2,1,377.875,2.0,755.75,2011-04
15224,322.08,2,1,161.04,2.0,322.08,2010-12
15225,409.40000000000003,1,1,409.40000000000003,1.0,409.40000000000003,2011-04
15226,154.41,1,1,154.41,1.0,154.41,2011-02
15227,1219.4,5,11,243.88000000000002,0.45454545454545453,1219.4,2011-01
15228,3386.71,4,9,846.6775,0.4444444444444444,3386.7099999999996,2011-02
15230,429.6,2,1,214.8,2.0,429.6,2011-04
15232,612.06,2,2,306.03,1.0,612.06,2011-07
15234,197.0,1,1,197.0,1.0,197.0,2011-03
15235,2247.51,12,6,187.29250000000002,2.0,2247.51,2010-12
15236,321.05,1,1,321.05,1.0,321.05,2011-02
15237,1412.32,4,9,353.08,0.4444444444444444,1412.3199999999997,2011-04
15238,1071.99,3,6,357.33,0.5,1071.99,2011-06
15239,780.59,2,3,390.295,0.6666666666666666,780.5899999999999,2011-09
15240,1706.57,5,9,341.31399999999996,0.5555555555555556,1706.57,2011-02
15241,1756.44,8,8,219.555,1.0,1756.44,2011-03
15243,316.68,1,1,316.68,1.0,316.68,2011-09
15244,631.57,2,7,315.785,0.2857142857142857,631.5699999999999,2011-04
15245,2515.84,3,5,838.6133333333333,0.6,2515.84,2011-03
15246,514.15,2,5,257.075,0.4,514.15,2010-12
15247,356.0,1,1,356.0,1.0,356.0,2011-08
15249,6688.46,13,9,514.496923076923,1.4444444444444444,6688.46,2011-03
15251,10484.99,11,8,953.180909090909,1.375,10484.99,2011-04
15252,740.78,2,6,370.39,0.3333333333333333,740.78,2011-06
15253,918.1999999999999,5,6,183.64,0.8333333333333334,918.2,2011-06
15254,300.36,1,1,300.36,1.0,300.36,2011-08
15255,890.85,1,1,890.85,1.0,890.85,2011-10
15256,98.45,1,1,98.45,1.0,98.45,2011-07
15257,317.15,1,1,317.15,1.0,317.15,2011-03
15258,623.16,2,2,311.58,1.0,623.16,2011-05
15260,1810.77,7,9,258.68142857142857,0.7777777777777778,1810.77,2010-12
15261,254.82,1,1,254.82,1.0,254.82,2011-07
15262,178.95000000000002,1,1,178.95000000000002,1.0,178.95000000000002,2011-01
15263,156.51,1,1,156.51,1.0,156.51,2011-08
15264,393.74,1,1,393.74,1.0,393.74,2011-10
15265,1506.1200000000001,2,4,753.0600000000001,0.5,1506.1200000000001,2011-04
15266,119.3,1,1,119.3,1.0,119.3,2011-01
15267,1717.36,5,6,343.472,0.8333333333333334,1717.3600000000001,2011-06
15269,408.8,1,1,408.8,1.0,408.8,2011-11
15270,2379.49,7,10,339.9271428571428,0.7,2379.49,2011-02
15271,2493.34,15,13,166.22266666666667,1.1538461538461537,2493.3399999999997,2010-12
15272,721.94,2,2,360.97,1.0,721.94,2011-09
15274,716.57,2,2,358.285,1.0,716.57,2011-11
15275,615.14,1,1,615.14,1.0,615.14,2011-11
15276,128.63,1,1,128.63,1.0,128.63,2011-10
15277,255.89999999999998,1,1,255.89999999999998,1.0,255.89999999999998,2011-10
15279,290.51,1,1,290.51,1.0,290.51,2010-12
15280,113.12,1,1,113.12,1.0,113.12,2011-06
15281,2332.15,9,10,259.1277777777778,0.9,2332.1500000000005,2011-01
15286,240.55,1,1,240.55,1.0,240.55,2011-10
15287,486.69,2,3,243.345,0.6666666666666666,486.68999999999994,2011-09
15288,2306.52,5,11,461.304,0.45454545454545453,2306.5199999999995,2010-12
15289,939.78,3,8,313.26,0.375,939.78,2011-04
15290,7943.22,18,13,441.29,1.3846153846153846,7943.219999999999,2010-12
15291,4668.3,15,12,311.22,1.25,4668.3,2010-12
15292,178.39,1,1,178.39,1.0,178.39,2011-05
15296,3672.86,6,10,612.1433333333333,0.6,3672.86,2011-01
15297,641.94,3,2,213.98000000000002,1.5,641.94,2011-10
15298,4799.9,12,13,399.9916666666666,0.9230769230769231,4799.9,2010-12
15299,4507.01,7,11,643.8585714285715,0.6363636363636364,4507.01,2010-12
15300,496.44,1,1,496.44,1.0,496.44,2011-10
15301,5049.95,12,11,420.82916666666665,1.0909090909090908,5049.949999999999,2010-12
15303,574.02,1,1,574.02,1.0,574.02,2011-02
15304,694.4000000000001,8,11,86.80000000000001,0.7272727272727273,694.4000000000001,2010-12
15306,1174.35,3,4,391.45,0.75,1174.35,2011-07
15307,205.3,1,1,205.3,1.0,205.3,2011-09
15308,310.46999999999997,1,1,310.46999999999997,1.0,310.46999999999997,2011-03
15311,60632.75,91,13,666.2939560439561,7.0,60632.75,2010-12
15312,924.85,4,10,231.2125,0.4,924.8500000000001,2010-12
15313,52.0,1,1,52.0,1.0,52.0,2011-08
15314,327.97,1,1,327.97,1.0,327.97,2011-05
15315,570.5,2,3,285.25,0.6666666666666666,570.5,2011-08
15316,165.0,1,1,165.0,1.0,165.0,2011-01
15318,312.62,1,1,312.62,1.0,312.62,2011-12
15319,204.5,1,1,204.5,1.0,204.5,2011-03
15320,267.13,1,1,267.13,1.0,267.13,2011-10
15321,2748.31,3,8,916.1033333333334,0.375,2748.31,2011-02
15322,679.68,1,1,679.68,1.0,679.68,2011-09
15325,161.74,1,1,161.74,1.0,161.74,2011-08
15326,311.71,1,1,311.71,1.0,311.71,2011-01
15327,208.75,1,1,208.75,1.0,208.75,2011-10
15329,1049.7,3,5,349.90000000000003,0.6,1049.7,2011-06
15330,714.96,2,2,357.48,1.0,714.96,2011-10
15332,1661.06,4,1,415.265,4.0,1661.06,2010-12
15333,1028.56,1,1,1028.56,1.0,1028.56,2011-05
15334,350.82,3,2,116.94,1.5,350.82,2011-06
15335,170.22,1,1,170.22,1.0,170.22,2011-10
15339,574.07,2,10,287.035,0.2,574.0700000000002,2011-01
15341,2020.52,1,1,2020.52,1.0,2020.52,2011-09
15342,406.09,1,1,406.09,1.0,406.09,2011-08
15343,364.5,1,1,364.5,1.0,364.5,2011-09
15344,563.94,3,4,187.98000000000002,0.75,563.94,2011-09
15345,393.54,1,1,393.54,1.0,393.54,2011-10
15346,252.42000000000002,1,1,252.42000000000002,1.0,252.42000000000002,2011-01
15347,201.60000000000002,1,1,201.60000000000002,1.0,201.60000000000002,2010-12
15348,158.04,1,1,158.04,1.0,158.04,2011-09
15349,463.90999999999997,2,2,231.95499999999998,1.0,463.90999999999997,2011-06
15350,115.65,1,1,115.65,1.0,115.65,2010-12
15351,1934.66,7,12,276.38,0.5833333333333334,1934.6599999999999,2010-12
15353,770.12,2,4,385.06,0.5,770.12,2010-12
15355,277.05,2,2,138.525,1.0,277.05,2011-10
15356,2718.03,10,12,271.803,0.8333333333333334,2718.0299999999997,2010-12
15358,8347.2,22,13,379.41818181818184,1.6923076923076923,8347.2,2010-12
15360,427.93,1,1,427.93,1.0,427.93,2011-10
15361,418.92,1,1,418.92,1.0,418.92,2010-12
15363,326.0,1,1,326.0,1.0,326.0,2010-12
15364,913.19,2,7,456.595,0.2857142857142857,913.19,2011-03
15365,2314.32,7,11,330.6171428571429,0.6363636363636364,2314.32,2011-01
15366,602.51,2,10,301.255,0.2,602.51,2010-12
15367,1877.59,4,8,469.3975,0.5,1877.59,2011-03
15368,446.94000000000005,1,1,446.94000000000005,1.0,446.94000000000005,2011-11
15370,2386.05,7,10,340.86428571428576,0.7,2386.05,2011-01
15372,2007.3999999999999,1,1,2007.3999999999999,1.0,2007.3999999999999,2011-07
15373,2415.91,12,13,201.32583333333332,0.9230769230769231,2415.91,2010-12
15374,168.0,1,1,168.0,1.0,168.0,2011-08
15376,1221.56,3,6,407.18666666666667,0.5,1221.56,2011-05
15379,3703.29,7,7,529.0414285714286,1.0,3703.29,2010-12
15380,1690.2600000000002,5,13,338.052,0.38461538461538464,1690.2600000000002,2010-12
15381,596.85,2,3,298.425,0.6666666666666666,596.8499999999999,2011-03
15382,5955.71,6,10,992.6183333333333,0.6,5955.71,2011-02
15384,642.41,2,7,321.205,0.2857142857142857,642.41,2010-12
15385,316.88,1,1,316.88,1.0,316.88,2011-10
15386,394.14,1,1,394.14,1.0,394.14,2011-06
15388,140.54,1,1,140.54,1.0,140.54,2011-03
15389,500.0,1,1,500.0,1.0,500.0,2011-06
15392,1535.53,4,13,383.8825,0.3076923076923077,1535.53,2010-12
15393,231.86,2,9,115.93,0.2222222222222222,231.85999999999999,2011-03
15394,2183.54,4,12,545.885,0.3333333333333333,2183.54,2010-12
15395,107.45,1,1,107.45,1.0,107.45,2011-01
15396,288.18,1,1,288.18,1.0,288.18,2011-08
15397,94.0,1,1,94.0,1.0,94.0,2011-02
15398,1345.53,2,3,672.765,0.6666666666666666,1345.53,2011-09
15399,815.77,3,4,271.92333333333335,0.75,815.77,2011-09
15400,716.2,5,7,143.24,0.7142857142857143,716.2,2011-03
15402,626.77,2,3,313.385,0.6666666666666666,626.77,2011-05
15405,349.1,1,1,349.1,1.0,349.1,2011-06
15406,510.71000000000004,2,10,255.35500000000002,0.2,510.71000000000004,2011-02
15407,1046.74,4,10,261.685,0.4,1046.74,2011-02
15408,267.18,1,1,267.18,1.0,267.18,2011-03
15410,3450.84,8,7,431.355,1.1428571428571428,3450.8399999999997,2011-03
15411,1348.93,4,6,337.2325,0.6666666666666666,1348.9299999999998,2011-06
15412,190.53,1,1,190.53,1.0,190.53,2011-06
15414,774.9,3,8,258.3,0.375,774.9000000000001,2011-04
15415,559.61,1,1,559.61,1.0,559.61,2011-01
15416,3984.32,4,8,996.08,0.5,3984.32,2011-03
15417,508.8,1,1,508.8,1.0,508.8,2011-09
15419,135.85999999999999,1,1,135.85999999999999,1.0,135.85999999999999,2011-11
15421,950.36,4,9,237.59,0.4444444444444444,950.3599999999999,2011-02
15422,97.7,2,1,48.85,2.0,97.7,2011-01
15423,43.5,1,1,43.5,1.0,43.5,2011-11
15424,383.34000000000003,2,1,191.67000000000002,2.0,383.34000000000003,2011-03
15426,1404.07,5,12,280.81399999999996,0.4166666666666667,1404.07,2010-12
15427,1430.54,3,2,476.84666666666664,1.5,1430.54,2011-10
15428,93.78,1,1,93.78,1.0,93.78,2011-11
15429,397.35,2,3,198.675,0.6666666666666666,397.34999999999997,2011-09
15432,171.19,1,1,171.19,1.0,171.19,2011-11
15433,533.3,2,3,266.65,0.6666666666666666,533.3,2011-03
15434,1041.48,5,8,208.296,0.625,1041.48,2011-05
15435,149.29,1,1,149.29,1.0,149.29,2011-11
15436,1067.75,3,8,355.9166666666667,0.375,1067.75,2011-04
15437,200.16,1,1,200.16,1.0,200.16,2011-03
15438,156.58,1,1,156.58,1.0,156.58,2011-07
15440,383.68,3,6,127.89333333333333,0.5,383.68,2011-05
15442,594.0,1,1,594.0,1.0,594.0,2011-04
15443,3213.59,7,12,459.0842857142857,0.5833333333333334,3213.59,2011-01
15444,1411.21,2,2,705.605,1.0,1411.21,2011-10
15445,113.5,1,1,113.5,1.0,113.5,2011-03
15447,155.17,1,1,155.17,1.0,155.17,2011-01
15448,494.64,1,1,494.64,1.0,494.64,2011-01
15449,974.52,3,9,324.84,0.3333333333333333,974.5199999999999,2011-03
15450,429.84,1,1,429.84,1.0,429.84,2011-11
15452,528.48,3,9,176.16,0.3333333333333333,528.48,2011-03
15453,1371.77,7,7,195.96714285714285,1.0,1371.77,2011-06
15454,179.1,1,1,179.1,1.0,179.1,2010-12
15456,434.59000000000003,3,4,144.86333333333334,0.75,434.59000000000003,2010-12
15457,237.07,1,1,237.07,1.0,237.07,2011-03
15458,161.64,1,1,161.64,1.0,161.64,2011-11
15460,214.26,1,1,214.26,1.0,214.26,2010-12
15462,234.6,3,4,78.2,0.75,234.60000000000002,2011-06
15463,126.14,1,1,126.14,1.0,126.14,2011-11
15464,1044.65,1,1,1044.65,1.0,1044.65,2011-01
15465,7354.62,18,12,408.59,1.5,7354.62,2010-12
15466,334.53,1,1,334.53,1.0,334.53,2011-09
15467,524.88,3,5,174.96,0.6,524.88,2011-07
15468,467.51,2,1,233.755,2.0,467.51,2011-10
15469,538.55,2,3,269.275,0.6666666666666666,538.55,2011-08
15471,454.48,1,1,454.48,1.0,454.48,2011-12
15472,371.56,1,1,371.56,1.0,371.56,2011-08
15473,1771.2,7,2,253.02857142857144,3.5,1771.2,2011-10
15475,454.11,1,1,454.11,1.0,454.11,2011-09
15478,1399.92,2,1,699.96,2.0,1399.92,2011-10
15480,905.5,1,1,905.5,1.0,905.5,2011-08
15482,10879.76,12,12,906.6466666666666,1.0,10879.76,2010-12
15483,225.26,4,5,56.315,0.8,225.26,2011-03
15484,3590.41,4,4,897.6025,1.0,3590.41,2011-09
15485,2564.5,3,12,854.8333333333334,0.25,2564.5,2010-12
15488,91.32000000000001,1,1,91.32000000000001,1.0,91.32000000000001,2011-09
15489,1134.28,3,7,378.0933333333333,0.42857142857142855,1134.28,2011-05
15491,3100.09,6,6,516.6816666666667,1.0,3100.09,2011-04
15492,659.4599999999999,2,3,329.72999999999996,0.6666666666666666,659.4599999999999,2011-09
15493,1953.41,5,9,390.682,0.5555555555555556,1953.4100000000003,2011-03
15494,1280.58,2,4,640.29,0.5,1280.58,2011-08
15497,1262.2,2,11,631.1,0.18181818181818182,1262.2,2011-01
15498,13316.4,27,13,493.2,2.076923076923077,13316.400000000001,2010-12
15500,1131.56,4,4,282.89,1.0,1131.56,2011-09
15502,10384.93,12,12,865.4108333333334,1.0,10384.93,2010-12
15503,141.04,1,1,141.04,1.0,141.04,2010-12
15504,52.83,1,1,52.83,1.0,52.83,2011-09
15505,3610.96,5,4,722.192,1.25,3610.96,2011-07
15506,972.08,3,5,324.0266666666667,0.6,972.0800000000002,2011-07
15507,475.86,1,1,475.86,1.0,475.86,2011-06
15508,1000.27,6,3,166.71166666666667,2.0,1000.27,2011-04
15510,250.0,1,1,250.0,1.0,250.0,2011-01
15511,900.53,5,3,180.106,1.6666666666666667,900.53,2011-09
15512,121.0,2,8,60.5,0.25,121.0,2010-12
15513,14758.220000000001,19,12,776.7484210526317,1.5833333333333333,14758.220000000001,2010-12
15514,4023.7200000000003,11,12,365.7927272727273,0.9166666666666666,4023.7200000000003,2010-12
15516,62.43,3,1,20.81,3.0,62.42999999999999,2011-10
15517,267.03,1,1,267.03,1.0,267.03,2011-04
15518,1921.55,8,10,240.19375,0.8,1921.55,2011-01
15520,343.5,1,1,343.5,1.0,343.5,2011-12
15521,3000.2,8,8,375.025,1.0,3000.2,2011-03
15522,397.99,2,3,198.995,0.6666666666666666,397.99,2011-09
15523,412.01,1,1,412.01,1.0,412.01,2011-09
15524,440.0,1,1,440.0,1.0,440.0,2011-11
15525,734.37,3,13,244.79,0.23076923076923078,734.37,2010-12
15526,148.44,2,1,74.22,2.0,148.44,2011-11
15527,2428.53,8,12,303.56625,0.6666666666666666,2428.5299999999997,2010-12
15528,229.33,1,1,229.33,1.0,229.33,2011-03
15529,3962.6,11,12,360.23636363636365,0.9166666666666666,3962.5999999999995,2010-12
15530,1497.31,4,8,374.3275,0.5,1497.31,2011-04
15531,1972.39,2,2,986.195,1.0,1972.39,2011-11
15532,1564.73,4,12,391.1825,0.3333333333333333,1564.7299999999998,2010-12
15533,807.5699999999999,3,3,269.19,1.0,807.5699999999999,2011-09
15535,502.90000000000003,4,6,125.72500000000001,0.6666666666666666,502.9,2011-01
15537,110.92,1,1,110.92,1.0,110.92,2011-06
15539,538.46,1,1,538.46,1.0,538.46,2011-12
15540,213.3,1,1,213.3,1.0,213.3,2011-11
15541,85.13000000000001,1,1,85.13000000000001,1.0,85.13000000000001,2011-08
15543,127.86,1,1,127.86,1.0,127.86,2011-02
15544,3546.71,9,12,394.0788888888889,0.75,3546.71,2010-12
15545,288.97,2,11,144.485,0.18181818181818182,288.97,2010-12
15547,4910.6,14,13,350.75714285714287,1.0769230769230769,4910.6,2010-12
15549,1681.46,3,9,560.4866666666667,0.3333333333333333,1681.46,2011-01
15550,575.63,4,11,143.9075,0.36363636363636365,575.63,2011-02
15551,436.06,1,1,436.06,1.0,436.06,2011-11
15552,90.12,1,1,90.12,1.0,90.12,2011-05
15553,428.93,1,1,428.93,1.0,428.93,2011-10
15554,217.2,1,1,217.2,1.0,217.2,2011-03
15555,4794.86,16,12,299.67875,1.3333333333333333,4794.859999999999,2010-12
15556,279.77,1,1,279.77,1.0,279.77,2011-11
15557,468.91,1,1,468.91,1.0,468.91,2011-11
15561,800.5899999999999,4,7,200.14749999999998,0.5714285714285714,800.5899999999998,2011-05
15562,134.55,1,1,134.55,1.0,134.55,2010-12
15563,1400.44,4,12,350.11,0.3333333333333333,1400.44,2010-12
15565,173.16,2,2,86.58,1.0,173.16,2011-09
15567,186.01,1,1,186.01,1.0,186.01,2011-11
15568,758.29,3,4,252.76333333333332,0.75,758.29,2011-09
15569,1375.71,5,8,275.142,0.625,1375.71,2011-01
15570,4148.82,12,13,345.73499999999996,0.9230769230769231,4148.82,2010-12
15571,650.4300000000001,4,3,162.60750000000002,1.3333333333333333,650.4300000000001,2011-09
15572,2533.42,7,10,361.9171428571429,0.7,2533.42,2011-03
15573,591.1899999999999,2,3,295.59499999999997,0.6666666666666666,591.1899999999999,2011-09
15574,675.64,4,7,168.91,0.5714285714285714,675.64,2010-12
15576,921.37,1,1,921.37,1.0,921.37,2011-11
15577,258.88,3,6,86.29333333333334,0.5,258.88,2011-02
15578,127.1,1,1,127.1,1.0,127.1,2011-06
15579,327.6,2,10,163.8,0.2,327.6,2011-01
15581,3675.77,13,9,282.7515384615385,1.4444444444444444,3675.77,2010-12
15582,682.9100000000001,3,7,227.63666666666668,0.42857142857142855,682.91,2011-05
15584,720.86,4,6,180.215,0.6666666666666666,720.86,2011-06
15585,455.3,1,1,455.3,1.0,455.3,2011-06
15587,913.6800000000001,4,11,228.42000000000002,0.36363636363636365,913.6800000000002,2010-12
15589,478.53000000000003,3,2,159.51000000000002,1.5,478.5300000000001,2011-02
15592,388.58,1,1,388.58,1.0,388.58,2011-10
15593,199.8,1,1,199.8,1.0,199.8,2011-09
15594,1771.78,5,8,354.356,0.625,1771.78,2011-04
15596,1406.59,5,9,281.318,0.5555555555555556,1406.59,2010-12
15597,324.57,1,1,324.57,1.0,324.57,2011-11
15598,240.68,1,1,240.68,1.0,240.68,2011-10
15599,761.74,2,7,380.87,0.2857142857142857,761.74,2011-05
15601,6776.56,14,12,484.04,1.1666666666666667,6776.56,2010-12
15602,1297.87,9,13,144.20777777777778,0.6923076923076923,1297.8700000000001,2010-12
15603,48.480000000000004,1,1,48.480000000000004,1.0,48.480000000000004,2011-09
15604,216.39,1,1,216.39,1.0,216.39,2011-10
15605,1198.23,5,12,239.64600000000002,0.4166666666666667,1198.23,2010-12
15606,2920.16,9,10,324.4622222222222,0.9,2920.16,2011-01
15607,104.76,1,1,104.76,1.0,104.76,2011-01
15608,1093.68,4,4,273.42,1.0,1093.68,2011-08
15609,298.48,1,1,298.48,1.0,298.48,2011-06
15610,112.46000000000001,1,1,112.46000000000001,1.0,112.46000000000001,2011-10
15611,1591.45,13,11,122.41923076923078,1.1818181818181819,1591.45,2011-01
15612,195.15,2,2,97.575,1.0,195.15,2011-10
15615,10399.74,23,12,452.1626086956522,1.9166666666666667,10399.740000000002,2010-12
15618,776.851,4,5,194.21275,0.8,776.8510000000001,2011-07
15619,336.40000000000003,1,1,336.40000000000003,1.0,336.40000000000003,2011-11
15620,1553.18,3,11,517.7266666666667,0.2727272727272727,1553.1799999999998,2010-12
15621,1293.03,4,2,323.2575,2.0,1293.03,2011-11
15622,3709.56,9,8,412.17333333333335,1.125,3709.56,2011-03
15623,301.03,1,1,301.03,1.0,301.03,2011-07
15624,588.13,4,6,147.0325,0.6666666666666666,588.13,2011-03
15625,1534.26,4,5,383.565,0.8,1534.2600000000002,2011-04
15626,675.8,2,9,337.9,0.2222222222222222,675.7999999999998,2011-01
15628,2870.2400000000002,9,13,318.91555555555556,0.6923076923076923,2870.2400000000002,2010-12
15630,1186.35,2,6,593.175,0.3333333333333333,1186.35,2011-05
15632,3285.31,8,9,410.66375,0.8888888888888888,3285.31,2011-03
15634,243.55,1,1,243.55,1.0,243.55,2011-11
15636,724.76,2,7,362.38,0.2857142857142857,724.76,2011-03
15637,223.36,1,1,223.36,1.0,223.36,2011-10
15639,425.32,1,1,425.32,1.0,425.32,2011-07
15640,12416.11,15,13,827.7406666666667,1.1538461538461537,12416.109999999999,2010-12
15641,1887.2,4,9,471.8,0.4444444444444444,1887.1999999999998,2010-12
15643,664.0,3,4,221.33333333333334,0.75,664.0,2011-03
15644,803.54,4,4,200.885,1.0,803.54,2011-03
15645,612.01,1,1,612.01,1.0,612.01,2011-11
15646,447.64000000000004,3,8,149.21333333333334,0.375,447.64,2010-12
15648,639.5,2,3,319.75,0.6666666666666666,639.5,2011-03
15649,816.0,2,2,408.0,1.0,816.0,2010-12
15651,646.3,3,9,215.4333333333333,0.3333333333333333,646.3,2011-03
15652,337.74,1,1,337.74,1.0,337.74,2011-09
15653,877.4399999999999,2,2,438.71999999999997,1.0,877.4399999999999,2011-08
15654,922.53,2,1,461.265,2.0,922.53,2011-11
15655,560.6700000000001,1,1,560.6700000000001,1.0,560.6700000000001,2011-04
15656,748.5,4,9,187.125,0.4444444444444444,748.4999999999999,2011-02
15657,30.0,1,1,30.0,1.0,30.0,2011-11
15658,1024.1000000000001,5,7,204.82000000000002,0.7142857142857143,1024.1000000000001,2010-12
15659,306.45,1,1,306.45,1.0,306.45,2011-10
15660,1600.8600000000001,9,12,177.87333333333333,0.75,1600.8600000000001,2010-12
15661,309.8,2,1,154.9,2.0,309.8,2011-01
15663,138.14,1,1,138.14,1.0,138.14,2011-08
15664,386.43,1,1,386.43,1.0,386.43,2011-10
15665,2222.21,2,3,1111.105,0.6666666666666666,2222.21,2011-04
15667,301.32,1,1,301.32,1.0,301.32,2011-10
15668,76.32000000000001,1,1,76.32000000000001,1.0,76.32000000000001,2011-05
15669,684.34,4,8,171.085,0.5,684.34,2011-03
15670,173.05,1,1,173.05,1.0,173.05,2011-02
15671,2657.13,7,9,379.59000000000003,0.7777777777777778,2657.13,2011-03
15673,2726.23,4,9,681.5575,0.4444444444444444,2726.23,2011-01
15674,2446.6,5,7,489.32,0.7142857142857143,2446.6000000000004,2011-03
15675,323.69,3,7,107.89666666666666,0.42857142857142855,323.68999999999994,2011-03
15676,3435.76,3,9,1145.2533333333333,0.3333333333333333,3435.7599999999998,2011-03
15677,657.23,1,1,657.23,1.0,657.23,2011-10
15678,352.7,1,1,352.7,1.0,352.7,2011-10
15679,781.28,4,6,195.32,0.6666666666666666,781.2799999999999,2011-06
15680,1333.68,3,12,444.56,0.25,1333.68,2010-12
15681,1426.16,5,9,285.232,0.5555555555555556,1426.16,2011-03
15683,193.75,1,1,193.75,1.0,193.75,2011-08
15687,2993.1,9,12,332.56666666666666,0.75,2993.1000000000004,2011-01
15689,254.1,2,9,127.05,0.2222222222222222,254.09999999999997,2010-12
15690,239.76,2,5,119.88,0.4,239.76,2011-08
15691,136.8,1,1,136.8,1.0,136.8,2011-04
15692,191.04,1,1,191.04,1.0,191.04,2011-11
15694,6479.4,14,13,462.8142857142857,1.0769230769230769,6479.399999999999,2010-12
15695,409.98,2,1,204.99,2.0,409.98,2011-03
15696,2711.11,8,11,338.88875,0.7272727272727273,2711.1100000000006,2011-01
15699,309.65,1,1,309.65,1.0,309.65,2011-11
15700,696.68,2,1,348.34,2.0,696.68,2011-06
15701,1529.0,4,5,382.25,0.8,1529.0,2011-08
15703,211.5,1,1,211.5,1.0,211.5,2011-03
15704,2293.62,4,3,573.405,1.3333333333333333,2293.62,2011-05
15705,143.1,1,1,143.1,1.0,143.1,2011-05
15706,1060.56,4,3,265.14,1.3333333333333333,1060.56,2011-08
15707,916.98,4,3,229.245,1.3333333333333333,916.9799999999999,2011-09
15708,3235.25,7,11,462.17857142857144,0.6363636363636364,3235.25,2010-12
15709,133.25,1,1,133.25,1.0,133.25,2011-03
15712,1072.3600000000001,5,10,214.47200000000004,0.5,1072.3600000000001,2011-02
15713,356.7,2,8,178.35,0.25,356.7,2010-12
15714,330.03000000000003,2,3,165.01500000000001,0.6666666666666666,330.03000000000003,2011-09
15716,1101.11,4,8,275.2775,0.5,1101.11,2010-12
15717,150.3,1,1,150.3,1.0,150.3,2011-04
15719,5030.07,13,11,386.92846153846153,1.1818181818181819,5030.070000000001,2011-01
15720,598.73,1,1,598.73,1.0,598.73,2011-11
15721,471.40000000000003,1,1,471.40000000000003,1.0,471.40000000000003,2011-11
15722,2211.21,5,10,442.242,0.5,2211.21,2011-02
15723,190.70000000000002,1,1,190.70000000000002,1.0,190.70000000000002,2010-12
15724,218.25,2,4,109.125,0.5,218.25,2011-02
15725,415.25,1,1,415.25,1.0,415.25,2011-11
15727,5159.06,7,12,737.0085714285715,0.5833333333333334,5159.060000000001,2010-12
15729,85.0,1,1,85.0,1.0,85.0,2011-05
15730,1120.88,3,6,373.6266666666667,0.5,1120.88,2011-05
15732,294.12,2,6,147.06,0.3333333333333333,294.12,2010-12
15733,162.3,1,1,162.3,1.0,162.3,2011-03
15734,1339.45,2,4,669.725,0.5,1339.45,2011-05
15737,1188.1200000000001,8,8,148.51500000000001,1.0,1188.1200000000001,2011-04
15738,4812.42,16,12,300.77625,1.3333333333333333,4812.42,2010-12
15739,449.12,1,1,449.12,1.0,449.12,2011-10
15740,154.88,1,1,154.88,1.0,154.88,2011-10
15743,775.96,4,6,193.99,0.6666666666666666,775.9599999999999,2011-06
15744,34.8,1,1,34.8,1.0,34.8,2011-09
15745,1094.5900000000001,4,8,273.64750000000004,0.5,1094.5900000000001,2011-04
15746,196.88,1,1,196.88,1.0,196.88,2011-07
15747,946.64,3,6,315.5466666666667,0.5,946.6400000000001,2011-06
15748,144.36,1,1,144.36,1.0,144.36,2011-10
15749,44534.3,3,4,14844.766666666668,0.75,44534.3,2011-01
15750,2463.05,8,13,307.88125,0.6153846153846154,2463.05,2010-12
15752,2626.6,7,11,375.2285714285714,0.6363636363636364,2626.5999999999995,2010-12
15753,79.2,1,1,79.2,1.0,79.2,2011-02
15754,458.57,3,7,152.85666666666665,0.42857142857142855,458.56999999999994,2011-04
15755,2364.25,6,10,394.0416666666667,0.6,2364.25,2011-02
15756,528.01,4,7,132.0025,0.5714285714285714,528.01,2011-04
15757,714.42,2,6,357.21,0.3333333333333333,714.42,2011-05
15758,205.25,1,1,205.25,1.0,205.25,2011-11
15759,253.04,3,6,84.34666666666666,0.5,253.04,2010-12
15762,583.75,2,2,291.875,1.0,583.75,2011-09
15763,1086.92,2,3,543.46,0.6666666666666666,1086.92,2011-09
15764,3279.97,6,7,546.6616666666666,0.8571428571428571,3279.97,2011-03
15766,315.06,1,1,315.06,1.0,315.06,2011-10
15768,621.83,3,5,207.27666666666667,0.6,621.83,2011-04
15769,56252.72,26,13,2163.566153846154,2.0,56252.72000000001,2010-12
15773,635.6800000000001,1,1,635.6800000000001,1.0,635.6800000000001,2011-12
15774,270.8,1,1,270.8,1.0,270.8,2011-10
15775,104.9,1,1,104.9,1.0,104.9,2011-04
15776,241.62,1,1,241.62,1.0,241.62,2011-07
15777,1047.11,4,5,261.7775,0.8,1047.11,2010-12
15780,475.28000000000003,3,7,158.42666666666668,0.42857142857142855,475.28,2010-12
15781,345.46,3,10,115.15333333333332,0.3,345.4599999999999,2011-02
15782,2614.7400000000002,3,3,871.58,1.0,2614.7400000000002,2011-09
15783,246.3,1,1,246.3,1.0,246.3,2011-11
15785,2328.97,5,10,465.794,0.5,2328.97,2011-02
15786,4919.0,3,3,1639.6666666666667,1.0,4919.0,2011-08
15787,933.26,3,2,311.08666666666664,1.5,933.26,2011-10
15789,351.3,1,1,351.3,1.0,351.3,2010-12
15790,218.75,1,1,218.75,1.0,218.75,2011-11
15791,1612.69,2,6,806.345,0.3333333333333333,1612.6899999999998,2011-05
15793,965.61,3,9,321.87,0.3333333333333333,965.6099999999999,2011-03
15795,610.01,1,1,610.01,1.0,610.01,2011-07
15796,2708.61,8,11,338.57625,0.7272727272727273,2708.61,2011-02
15797,2207.4,4,8,551.85,0.5,2207.4,2011-01
15799,884.14,3,9,294.7133333333333,0.3333333333333333,884.1399999999999,2011-01
15800,696.89,2,5,348.445,0.4,696.8900000000001,2011-04
15801,1063.95,3,3,354.65000000000003,1.0,1063.95,2011-08
15802,451.42,1,1,451.42,1.0,451.42,2011-07
15803,415.82000000000005,1,1,415.82000000000005,1.0,415.82000000000005,2011-10
15804,4206.39,13,8,323.5684615384616,1.625,4206.39,2011-05
15805,5488.18,17,12,322.83411764705886,1.4166666666666667,5488.180000000001,2010-12
15806,784.58,3,8,261.5266666666667,0.375,784.5800000000002,2011-03
15807,903.9,3,2,301.3,1.5,903.9000000000001,2011-09
15808,3651.27,4,3,912.8175,1.3333333333333333,3651.2699999999995,2010-12
15809,515.77,5,10,103.154,0.5,515.77,2011-02
15810,1391.98,4,8,347.995,0.5,1391.98,2011-02
15811,2218.62,6,12,369.77,0.5,2218.62,2010-12
15812,1801.14,5,8,360.228,0.625,1801.14,2011-01
15813,1303.9099999999999,2,2,651.9549999999999,1.0,1303.9099999999999,2011-04
15814,1945.33,4,2,486.3325,2.0,1945.33,2011-10
15815,2100.6,5,8,420.12,0.625,2100.6,2011-03
15819,1905.45,4,8,476.3625,0.5,1905.45,2011-03
15820,206.98,1,1,206.98,1.0,206.98,2011-01
15821,570.96,2,1,285.48,2.0,570.96,2011-10
15822,885.47,2,13,442.735,0.15384615384615385,885.4700000000001,2010-12
15823,15.0,1,1,15.0,1.0,15.0,2010-12
15825,532.9399999999999,1,1,532.9399999999999,1.0,532.9399999999999,2011-06
15826,1654.31,3,6,551.4366666666666,0.5,1654.31,2011-05
15827,1836.0900000000001,14,10,131.14928571428572,1.4,1836.0900000000001,2010-12
15829,636.14,2,3,318.07,0.6666666666666666,636.14,2011-07
15830,576.0,1,1,576.0,1.0,576.0,2011-11
15831,794.64,3,10,264.88,0.3,794.64,2011-01
15832,836.79,1,1,836.79,1.0,836.79,2011-03
15834,2225.15,4,7,556.2875,0.5714285714285714,2225.15,2011-03
15835,954.09,4,10,238.5225,0.4,954.09,2011-01
15836,137.37,1,1,137.37,1.0,137.37,2011-10
15837,391.98,1,1,391.98,1.0,391.98,2011-10
15838,33643.08,19,12,1770.6884210526316,1.5833333333333333,33643.08,2010-12
15839,1048.49,3,5,349.49666666666667,0.6,1048.49,2011-07
15840,355.56,2,5,177.78,0.4,355.56000000000006,2011-06
15841,1224.06,4,9,306.015,0.4444444444444444,1224.06,2011-01
15843,118.95000000000002,1,1,118.95000000000002,1.0,118.95000000000002,2011-02
15844,130.74,1,1,130.74,1.0,130.74,2011-10
15845,3711.77,8,11,463.97125,0.7272727272727273,3711.77,2011-01
15847,389.27,2,10,194.635,0.2,389.27,2011-02
15850,234.88,2,6,117.44,0.3333333333333333,234.87999999999997,2011-06
15852,160.71,2,2,80.355,1.0,160.71,2011-05
15853,110.8,1,1,110.8,1.0,110.8,2011-10
15854,2969.1200000000003,12,13,247.4266666666667,0.9230769230769231,2969.120000000001,2010-12
15855,712.24,5,5,142.448,1.0,712.24,2011-03
15856,16143.64,27,13,597.9125925925925,2.076923076923077,16143.640000000001,2010-12
15857,297.0,1,1,297.0,1.0,297.0,2011-11
15858,1427.57,5,12,285.514,0.4166666666666667,1427.5700000000002,2010-12
15860,965.16,8,11,120.645,0.7272727272727273,965.16,2010-12
15861,3146.92,8,9,393.365,0.8888888888888888,3146.92,2011-03
15862,832.88,4,13,208.22,0.3076923076923077,832.8800000000001,2010-12
15863,68.84,2,7,34.42,0.2857142857142857,68.84,2011-05
15864,1936.3200000000002,6,11,322.72,0.5454545454545454,1936.32,2011-01
15865,895.13,3,6,298.37666666666667,0.5,895.13,2011-05
15866,211.89,1,1,211.89,1.0,211.89,2011-08
15867,3810.14,15,13,254.00933333333333,1.1538461538461537,3810.14,2010-12
15869,149.64,2,1,74.82,2.0,149.64,2011-03
15870,351.44,1,1,351.44,1.0,351.44,2011-11
15872,316.25,2,1,158.125,2.0,316.25,2011-11
15874,4405.88,7,9,629.4114285714286,0.7777777777777778,4405.88,2011-02
15877,490.33,2,2,245.165,1.0,490.33,2011-11
15880,329.03,1,1,329.03,1.0,329.03,2010-12
15881,501.39000000000004,5,2,100.278,2.5,501.39000000000004,2010-12
15882,516.36,4,6,129.09,0.6666666666666666,516.36,2010-12
15883,396.48,2,2,198.24,1.0,396.48,2011-11
15885,379.35,3,8,126.45,0.375,379.35,2011-02
15886,181.09,1,1,181.09,1.0,181.09,2011-10
15888,168.31,1,1,168.31,1.0,168.31,2011-09
15889,420.07,2,8,210.035,0.25,420.07,2010-12
15891,511.68,1,1,511.68,1.0,511.68,2011-04
15894,258.25,2,4,129.125,0.5,258.25,2010-12
15895,179.17,1,1,179.17,1.0,179.17,2011-07
15897,208.59,2,1,104.295,2.0,208.59,2011-05
15898,1383.83,5,13,276.76599999999996,0.38461538461538464,1383.83,2010-12
15899,56.25,1,1,56.25,1.0,56.25,2010-12
15900,337.28,1,1,337.28,1.0,337.28,2011-11
15901,351.73,3,5,117.24333333333334,0.6,351.73,2011-07
15903,5126.76,7,10,732.3942857142857,0.7,5126.759999999999,2011-02
15904,164.68,1,1,164.68,1.0,164.68,2011-12
15906,1567.69,7,9,223.9557142857143,0.7777777777777778,1567.69,2011-03
15907,882.72,3,8,294.24,0.375,882.72,2011-05
15909,191.94,1,1,191.94,1.0,191.94,2011-06
15910,1228.88,8,12,153.61,0.6666666666666666,1228.88,2011-01
15912,264.62,2,3,132.31,0.6666666666666666,264.62,2011-04
15916,1502.8600000000001,8,12,187.85750000000002,0.6666666666666666,1502.8600000000001,2010-12
15917,123.1,1,1,123.1,1.0,123.1,2011-04
15918,334.23,2,4,167.115,0.5,334.23,2011-03
15919,525.69,2,12,262.845,0.16666666666666666,525.69,2010-12
15920,167.5,4,1,41.875,4.0,167.5,2011-07
15921,323.03,1,1,323.03,1.0,323.03,2011-06
15922,369.5,1,1,369.5,1.0,369.5,2010-12
15923,127.08,1,1,127.08,1.0,127.08,2010-12
15925,207.15,1,1,207.15,1.0,207.15,2011-05
15930,426.63,1,1,426.63,1.0,426.63,2011-10
15932,2495.87,8,11,311.98375,0.7272727272727273,2495.87,2011-02
15933,1107.46,3,3,369.15333333333336,1.0,1107.46,2011-09
15935,416.86,2,1,208.43,2.0,416.86,2011-04
15937,145.35,1,1,145.35,1.0,145.35,2011-10
15938,404.58,5,8,80.916,0.625,404.58,2011-01
15939,6115.01,15,9,407.6673333333334,1.6666666666666667,6115.010000000001,2011-01
15940,35.8,1,1,35.8,1.0,35.8,2011-02
15942,337.44,1,1,337.44,1.0,337.44,2011-07
15944,325.1,1,1,325.1,1.0,325.1,2011-03
15945,181.0,1,1,181.0,1.0,181.0,2010-12
15947,1708.24,1,1,1708.24,1.0,1708.24,2011-09
15948,955.24,2,3,477.62,0.6666666666666666,955.2399999999999,2011-10
15949,364.72,2,3,182.36,0.6666666666666666,364.72,2011-09
15950,1744.71,4,12,436.1775,0.3333333333333333,1744.7099999999998,2010-12
15951,708.22,2,11,354.11,0.18181818181818182,708.22,2011-02
15952,781.91,4,8,195.4775,0.5,781.91,2011-04
15953,1657.28,8,12,207.16,0.6666666666666666,1657.2799999999997,2010-12
15955,4416.26,14,12,315.44714285714286,1.1666666666666667,4416.26,2010-12
15957,428.89,1,1,428.89,1.0,428.89,2011-11
15958,104.35,1,1,104.35,1.0,104.35,2011-09
15963,470.76,2,2,235.38,1.0,470.76,2011-10
15965,808.87,4,12,202.2175,0.3333333333333333,808.87,2010-12
15967,397.68,2,11,198.84,0.18181818181818182,397.68000000000006,2011-01
15969,666.1,3,7,222.03333333333333,0.42857142857142855,666.0999999999999,2011-06
15970,314.1,1,1,314.1,1.0,314.1,2011-02
15971,4199.85,12,10,349.9875,1.2,4199.85,2011-02
15973,307.82,1,1,307.82,1.0,307.82,2010-12
15974,3442.15,7,9,491.7357142857143,0.7777777777777778,3442.1500000000005,2011-02
15975,371.01,1,1,371.01,1.0,371.01,2011-09
15976,427.64,2,2,213.82,1.0,427.64,2011-05
15977,1054.73,2,2,527.365,1.0,1054.73,2011-10
15978,1098.78,1,1,1098.78,1.0,1098.78,2011-09
15980,2398.86,3,7,799.62,0.42857142857142855,2398.8599999999997,2011-03
15981,3408.48,8,10,426.06,0.8,3408.48,2011-02
15983,1465.12,4,12,366.28,0.3333333333333333,1465.12,2010-12
15984,2780.63,10,13,278.063,0.7692307692307693,2780.63,2010-12
15985,1142.42,2,5,571.21,0.4,1142.42,2011-04
15986,168.12,1,1,168.12,1.0,168.12,2011-11
15987,1432.77,7,12,204.68142857142857,0.5833333333333334,1432.77,2010-12
15988,156.78,1,1,156.78,1.0,156.78,2011-11
15990,792.11,2,9,396.055,0.2222222222222222,792.11,2011-02
15992,41.989999999999995,1,1,41.989999999999995,1.0,41.989999999999995,2011-12
15993,2777.67,7,3,396.81,2.3333333333333335,2777.67,2011-10
15994,414.27,1,1,414.27,1.0,414.27,2011-10
15996,1032.58,6,10,172.09666666666666,0.6,1032.58,2010-12
15998,3080.22,5,12,616.044,0.4166666666666667,3080.2200000000003,2010-12
16000,12393.7,3,1,4131.233333333334,3.0,12393.7,2011-12
16003,2735.37,5,12,547.074,0.4166666666666667,2735.37,2010-12
16005,578.71,4,9,144.6775,0.4444444444444444,578.71,2011-03
16006,101.4,1,1,101.4,1.0,101.4,2011-05
16007,1693.81,4,6,423.4525,0.6666666666666666,1693.8099999999997,2011-05
16008,478.78000000000003,3,7,159.59333333333333,0.42857142857142855,478.78,2011-05
16009,972.11,4,5,243.0275,0.8,972.1100000000001,2011-07
16010,392.4,3,5,130.79999999999998,0.6,392.4,2010-12
16011,3352.96,16,13,209.56,1.2307692307692308,3352.96,2010-12
16012,1415.29,3,5,471.7633333333333,0.6,1415.29,2011-07
16013,37130.6,47,13,790.0127659574467,3.6153846153846154,37130.6,2010-12
16014,646.83,3,10,215.61,0.3,646.83,2011-02
16015,704.55,3,3,234.85,1.0,704.55,2011-10
16016,1465.51,8,13,183.18875,0.6153846153846154,1465.51,2010-12
16017,211.88,1,1,211.88,1.0,211.88,2011-10
16018,408.9,2,5,204.45,0.4,408.9,2011-06
16019,3786.2400000000002,9,11,420.6933333333334,0.8181818181818182,3786.2400000000007,2010-12
16020,851.01,3,2,283.67,1.5,851.01,2011-10
16022,602.63,1,1,602.63,1.0,602.63,2011-03
16023,719.81,3,8,239.93666666666664,0.375,719.81,2011-03
16024,251.03,1,1,251.03,1.0,251.03,2011-11
16025,439.66,1,1,439.66,1.0,439.66,2011-11
16026,236.09,1,1,236.09,1.0,236.09,2011-10
16027,934.62,6,8,155.77,0.75,934.6200000000001,2011-02
16029,80850.84,63,12,1283.3466666666666,5.25,80850.84,2010-12
16030,331.24,1,1,331.24,1.0,331.24,2011-02
16031,547.9,2,6,273.95,0.3333333333333333,547.9,2011-04
16033,8778.82,20,13,438.941,1.5384615384615385,8778.82,2010-12
16034,437.7,3,5,145.9,0.6,437.70000000000005,2011-01
16036,758.92,2,7,379.46,0.2857142857142857,758.92,2011-03
16037,855.02,3,4,285.00666666666666,0.75,855.02,2010-12
16038,471.78000000000003,3,8,157.26000000000002,0.375,471.7800000000001,2011-05
16040,1313.55,3,8,437.84999999999997,0.375,1313.55,2011-03
16041,3166.4,3,5,1055.4666666666667,0.6,3166.3999999999996,2011-07
16042,1177.47,5,11,235.494,0.45454545454545453,1177.4699999999998,2011-01
16043,773.99,4,11,193.4975,0.36363636363636365,773.99,2011-01
16045,1340.7,4,7,335.175,0.5714285714285714,1340.6999999999998,2011-02
16048,256.44,2,1,128.22,2.0,256.44,2010-12
16049,1074.81,3,2,358.27,1.5,1074.81,2011-09
16050,137.9,1,1,137.9,1.0,137.9,2011-06
16052,362.06,1,1,362.06,1.0,362.06,2011-10
16053,1511.95,2,4,755.975,0.5,1511.95,2011-08
16054,783.9,1,1,783.9,1.0,783.9,2011-07
16055,134.8,1,1,134.8,1.0,134.8,2011-05
16056,650.75,1,1,650.75,1.0,650.75,2011-10
16057,2263.12,7,10,323.30285714285714,0.7,2263.12,2011-02
16059,1453.16,6,11,242.19333333333336,0.5454545454545454,1453.1599999999999,2010-12
16062,1153.62,4,12,288.405,0.3333333333333333,1153.62,2010-12
16063,335.32,1,1,335.32,1.0,335.32,2011-03
16065,367.14,1,1,367.14,1.0,367.14,2010-12
16066,1521.04,5,4,304.20799999999997,1.25,1521.04,2011-08
16070,852.15,2,1,426.075,2.0,852.15,2011-11
16071,326.24,1,1,326.24,1.0,326.24,2011-10
16072,584.3199999999999,1,1,584.3199999999999,1.0,584.3199999999999,2011-02
16073,122.39999999999999,1,1,122.39999999999999,1.0,122.39999999999999,2011-02
16076,2234.73,10,8,223.473,1.25,2234.73,2011-05
16078,79.2,1,1,79.2,1.0,79.2,2011-03
16079,1352.0,3,2,450.6666666666667,1.5,1352.0,2011-10
16080,217.16,2,7,108.58,0.2857142857142857,217.16,2011-03
16081,2799.42,5,11,559.884,0.45454545454545453,2799.42,2010-12
16083,1317.62,2,9,658.81,0.2222222222222222,1317.62,2010-12
16084,436.18,1,1,436.18,1.0,436.18,2011-02
16085,981.51,5,11,196.302,0.45454545454545453,981.5099999999999,2011-01
16086,1121.39,5,11,224.27800000000002,0.45454545454545453,1121.39,2010-12
16091,315.06,2,3,157.53,0.6666666666666666,315.06,2011-05
16092,817.86,3,6,272.62,0.5,817.86,2011-03
16093,17.0,1,1,17.0,1.0,17.0,2011-08
16094,1078.23,4,7,269.5575,0.5714285714285714,1078.2299999999998,2011-05
16096,320.62,1,1,320.62,1.0,320.62,2011-03
16097,185.04999999999998,1,1,185.04999999999998,1.0,185.04999999999998,2011-04
16098,2005.63,7,10,286.5185714285714,0.7,2005.6299999999999,2010-12
16099,731.9,3,7,243.96666666666667,0.42857142857142855,731.9,2011-04
16101,1290.7,1,1,1290.7,1.0,1290.7,2011-09
16102,1842.14,3,3,614.0466666666667,1.0,1842.1400000000003,2011-08
16103,1429.64,6,9,238.27333333333334,0.6666666666666666,1429.64,2011-04
16104,298.21,1,1,298.21,1.0,298.21,2011-10
16105,336.96000000000004,1,1,336.96000000000004,1.0,336.96000000000004,2011-04
16106,108.38,1,1,108.38,1.0,108.38,2011-10
16107,3204.1600000000003,7,6,457.7371428571429,1.1666666666666667,3204.1600000000008,2011-06
16108,842.5,1,1,842.5,1.0,842.5,2011-09
16109,611.88,2,4,305.94,0.5,611.88,2011-02
16110,1320.95,3,9,440.31666666666666,0.3333333333333333,1320.9499999999998,2011-02
16112,195.74,4,7,48.935,0.5714285714285714,195.74,2011-01
16113,161.38,1,1,161.38,1.0,161.38,2011-06
16114,135.75000000000003,1,1,135.75000000000003,1.0,135.75000000000003,2011-06
16115,1660.8799999999999,8,10,207.60999999999999,0.8,1660.8799999999999,2011-02
16116,612.78,1,1,612.78,1.0,612.78,2011-05
16117,232.21,1,1,232.21,1.0,232.21,2011-06
16119,423.36,2,4,211.68,0.5,423.36,2011-09
16120,1309.1399999999999,4,1,327.28499999999997,4.0,1309.1399999999999,2011-10
16121,854.66,2,6,427.33,0.3333333333333333,854.66,2011-05
16122,684.4200000000001,4,10,171.10500000000002,0.4,684.4200000000001,2010-12
16123,307.78,1,1,307.78,1.0,307.78,2011-10
16124,249.0,1,1,249.0,1.0,249.0,2011-01
16125,289.35,1,1,289.35,1.0,289.35,2010-12
16126,6287.77,4,10,1571.9425,0.4,6287.77,2011-02
16127,656.25,1,1,656.25,1.0,656.25,2011-10
16128,1880.22,5,9,376.044,0.5555555555555556,1880.22,2011-03
16131,3506.54,6,7,584.4233333333333,0.8571428571428571,3506.5399999999995,2011-04
16133,14589.04,33,12,442.09212121212124,2.75,14589.04,2011-01
16134,618.09,2,12,309.045,0.16666666666666666,618.09,2010-12
16135,517.55,1,1,517.55,1.0,517.55,2011-03
16136,709.38,3,8,236.46,0.375,709.38,2011-03
16139,635.41,3,7,211.8033333333333,0.42857142857142855,635.41,2011-05
16140,725.18,2,11,362.59,0.18181818181818182,725.18,2010-12
16141,620.4000000000001,1,1,620.4000000000001,1.0,620.4000000000001,2011-09
16142,535.34,1,1,535.34,1.0,535.34,2011-04
16143,2424.94,6,13,404.1566666666667,0.46153846153846156,2424.9400000000005,2010-12
16144,175.2,1,1,175.2,1.0,175.2,2011-04
16145,3799.4900000000002,11,13,345.40818181818184,0.8461538461538461,3799.4900000000002,2010-12
16146,734.13,3,4,244.71,0.75,734.13,2011-04
16147,375.0,1,1,375.0,1.0,375.0,2011-07
16148,76.32000000000001,1,1,76.32000000000001,1.0,76.32000000000001,2011-02
16149,280.52,2,6,140.26,0.3333333333333333,280.52,2011-07
16150,2053.02,5,11,410.604,0.45454545454545453,2053.02,2010-12
16152,1829.04,1,1,1829.04,1.0,1829.04,2011-03
16153,1824.23,5,11,364.846,0.45454545454545453,1824.23,2010-12
16156,3092.04,9,11,343.56,0.8181818181818182,3092.0400000000004,2011-02
16157,656.69,3,3,218.89666666666668,1.0,656.69,2011-09
16159,348.2,1,1,348.2,1.0,348.2,2011-03
16160,1025.44,2,2,512.72,1.0,1025.44,2011-09
16161,5533.67,19,13,291.2457894736842,1.4615384615384615,5533.67,2010-12
16162,37.4,1,1,37.4,1.0,37.4,2011-04
16163,856.6,2,5,428.3,0.4,856.6000000000001,2010-12
16164,822.48,3,2,274.16,1.5,822.48,2011-10
16168,3787.6,27,12,140.28148148148148,2.25,3787.6,2010-12
16169,1822.97,4,4,455.7425,1.0,1822.97,2011-09
16170,1885.05,6,7,314.175,0.8571428571428571,1885.05,2011-04
16171,73.2,1,1,73.2,1.0,73.2,2011-10
16172,1140.21,5,6,228.042,0.8333333333333334,1140.21,2011-04
16173,1418.32,6,3,236.38666666666666,2.0,1418.32,2011-09
16174,1009.5500000000001,3,2,336.5166666666667,1.5,1009.5500000000002,2011-07
16175,1037.59,4,6,259.3975,0.6666666666666666,1037.59,2011-04
16177,331.95,1,1,331.95,1.0,331.95,2011-10
16178,197.9,1,1,197.9,1.0,197.9,2011-07
16179,215.83,1,1,215.83,1.0,215.83,2011-10
16180,10254.18,8,5,1281.7725,1.6,10254.18,2011-04
16181,305.54,1,1,305.54,1.0,305.54,2011-09
16182,6617.65,4,8,1654.4125,0.5,6617.65,2011-02
16183,338.71000000000004,1,1,338.71000000000004,1.0,338.71000000000004,2011-10
16184,1158.79,6,6,193.13166666666666,1.0,1158.79,2011-05
16185,529.41,2,8,264.705,0.25,529.41,2011-04
16186,4006.94,12,12,333.9116666666667,1.0,4006.9400000000005,2010-12
16187,6911.4400000000005,15,10,460.7626666666667,1.5,6911.4400000000005,2011-02
16188,981.86,4,7,245.465,0.5714285714285714,981.8599999999999,2011-04
16189,215.48,2,3,107.74,0.6666666666666666,215.47999999999996,2011-09
16190,215.08,1,1,215.08,1.0,215.08,2011-10
16191,5180.52,13,13,398.5015384615385,1.0,5180.52,2010-12
16193,314.45,1,1,314.45,1.0,314.45,2011-04
16198,400.68100000000004,1,1,400.68100000000004,1.0,400.68100000000004,2011-09
16200,1068.8700000000001,2,7,534.4350000000001,0.2857142857142857,1068.8700000000001,2011-06
16201,1863.47,4,5,465.8675,0.8,1863.47,2011-08
16202,365.27,1,1,365.27,1.0,365.27,2010-12
16203,592.9,4,11,148.225,0.36363636363636365,592.9,2010-12
16204,384.18,1,1,384.18,1.0,384.18,2011-11
16205,757.63,4,6,189.4075,0.6666666666666666,757.63,2011-06
16206,537.0600000000001,4,10,134.26500000000001,0.4,537.0600000000001,2011-01
16207,394.38,1,1,394.38,1.0,394.38,2011-11
16208,664.26,2,9,332.13,0.2222222222222222,664.2599999999999,2011-02
16209,2262.62,5,6,452.524,0.8333333333333334,2262.62,2011-04
16210,21086.3,18,13,1171.461111111111,1.3846153846153846,21086.3,2010-12
16211,547.02,1,1,547.02,1.0,547.02,2011-09
16212,690.34,2,9,345.17,0.2222222222222222,690.34,2011-03
16213,159.0,1,1,159.0,1.0,159.0,2011-09
16214,1062.75,3,4,354.25,0.75,1062.75,2011-03
16215,242.35,1,1,242.35,1.0,242.35,2011-09
16216,914.9300000000001,1,1,914.9300000000001,1.0,914.9300000000001,2011-03
16217,304.25,2,2,152.125,1.0,304.25,2011-03
16218,3084.68,7,12,440.6685714285714,0.5833333333333334,3084.6800000000003,2010-12
16221,860.86,3,12,286.9533333333333,0.25,860.8599999999999,2010-12
16222,773.55,1,1,773.55,1.0,773.55,2011-01
16224,1295.3,4,7,323.825,0.5714285714285714,1295.2999999999997,2011-04
16225,1096.32,5,8,219.26399999999998,0.625,1096.32,2011-03
16226,255.12,3,2,85.04,1.5,255.12,2011-04
16227,314.22,1,1,314.22,1.0,314.22,2011-04
16229,1010.6,2,5,505.3,0.4,1010.6,2011-05
16230,542.03,2,2,271.015,1.0,542.03,2011-05
16232,990.88,4,6,247.72,0.6666666666666666,990.8799999999999,2011-05
16233,536.6800000000001,3,10,178.89333333333335,0.3,536.68,2010-12
16235,867.31,5,10,173.462,0.5,867.31,2011-01
16236,432.20000000000005,1,1,432.20000000000005,1.0,432.20000000000005,2011-09
16239,414.2,2,5,207.1,0.4,414.20000000000005,2011-06
16240,3718.8,2,3,1859.4,0.6666666666666666,3718.7999999999997,2011-09
16241,2590.31,13,12,199.2546153846154,1.0833333333333333,2590.31,2010-12
16242,3579.86,7,10,511.40857142857146,0.7,3579.8599999999997,2011-03
16243,409.1,2,2,204.55,1.0,409.1,2011-10
16244,1522.75,2,6,761.375,0.3333333333333333,1522.75,2010-12
16245,1413.66,3,9,471.22,0.3333333333333333,1413.6599999999999,2011-03
16247,114.56,1,1,114.56,1.0,114.56,2011-06
16248,152.94,1,1,152.94,1.0,152.94,2011-10
16249,1800.0700000000002,5,7,360.014,0.7142857142857143,1800.0700000000002,2011-04
16250,389.44,2,4,194.72,0.5,389.44,2010-12
16253,3683.86,2,8,1841.93,0.25,3683.86,2011-03
16255,2619.91,8,12,327.48875,0.6666666666666666,2619.91,2010-12
16256,752.4300000000001,1,1,752.4300000000001,1.0,752.4300000000001,2011-03
16257,46.95,1,1,46.95,1.0,46.95,2011-06
16258,5203.51,5,6,1040.702,0.8333333333333334,5203.51,2011-05
16260,1035.45,1,1,1035.45,1.0,1035.45,2011-10
16261,728.54,4,8,182.135,0.5,728.54,2011-04
16265,5447.0,9,12,605.2222222222222,0.75,5447.0,2010-12
16266,861.89,7,5,123.12714285714286,1.4,861.8899999999999,2011-05
16268,667.65,2,1,333.825,2.0,667.65,2011-09
16270,1141.24,1,1,1141.24,1.0,1141.24,2010-12
16271,1404.64,5,13,280.928,0.38461538461538464,1404.64,2010-12
16272,411.7,1,1,411.7,1.0,411.7,2011-08
16274,351.75,1,1,351.75,1.0,351.75,2010-12
16275,559.87,1,1,559.87,1.0,559.87,2011-05
16276,810.6000000000001,1,1,810.6000000000001,1.0,810.6000000000001,2011-06
16278,566.38,1,1,566.38,1.0,566.38,2011-08
16279,1502.78,3,6,500.9266666666667,0.5,1502.78,2011-06
16281,2062.06,1,1,2062.06,1.0,2062.06,2011-09
16282,168.3,1,1,168.3,1.0,168.3,2011-01
16283,1570.81,5,8,314.162,0.625,1570.81,2011-05
16284,812.68,2,2,406.34,1.0,812.68,2011-10
16287,142.5,1,1,142.5,1.0,142.5,2011-06
16292,302.25,1,1,302.25,1.0,302.25,2011-08
16293,2248.9900000000002,10,12,224.89900000000003,0.8333333333333334,2248.9900000000002,2010-12
16295,1328.55,4,2,332.1375,2.0,1328.55,2011-10
16297,301.9,1,1,301.9,1.0,301.9,2011-03
16298,598.2,3,6,199.4,0.5,598.2,2011-06
16302,233.22,1,1,233.22,1.0,233.22,2011-08
16303,5360.63,3,11,1786.8766666666668,0.2727272727272727,5360.63,2011-01
16305,361.21999999999997,1,1,361.21999999999997,1.0,361.21999999999997,2011-07
16306,632.27,6,6,105.37833333333333,1.0,632.27,2010-12
16308,2560.0,4,9,640.0,0.4444444444444444,2560.0,2011-03
16309,706.57,2,5,353.285,0.4,706.5700000000002,2011-04
16311,616.26,2,2,308.13,1.0,616.26,2011-10
16313,274.15000000000003,2,3,137.07500000000002,0.6666666666666666,274.15000000000003,2011-10
16315,226.37,1,1,226.37,1.0,226.37,2011-01
16316,2938.91,8,11,367.36375,0.7272727272727273,2938.9100000000003,2010-12
16317,1341.65,3,7,447.2166666666667,0.42857142857142855,1341.65,2011-02
16318,328.15,1,1,328.15,1.0,328.15,2011-11
16319,404.40000000000003,1,1,404.40000000000003,1.0,404.40000000000003,2011-05
16320,1038.46,2,2,519.23,1.0,1038.46,2011-05
16321,373.65000000000003,5,9,74.73,0.5555555555555556,373.65000000000003,2011-01
16322,326.75,2,2,163.375,1.0,326.75,2011-11
16323,207.50000000000003,1,1,207.50000000000003,1.0,207.50000000000003,2011-05
16324,408.59,3,3,136.19666666666666,1.0,408.59,2011-06
16325,594.24,3,7,198.08,0.42857142857142855,594.24,2011-04
16326,3039.2200000000003,14,12,217.08714285714288,1.1666666666666667,3039.2200000000003,2011-01
16327,3820.27,6,12,636.7116666666667,0.5,3820.2700000000004,2010-12
16330,251.91,3,4,83.97,0.75,251.91,2011-08
16332,1582.8,7,10,226.1142857142857,0.7,1582.7999999999997,2011-02
16333,26626.8,22,11,1210.3090909090909,2.0,26626.8,2011-02
16337,151.05,1,1,151.05,1.0,151.05,2011-11
16338,214.8,1,1,214.8,1.0,214.8,2011-07
16339,94.05,1,1,94.05,1.0,94.05,2011-02
16340,534.31,1,1,534.31,1.0,534.31,2011-08
16341,1971.8700000000001,4,7,492.96750000000003,0.5714285714285714,1971.8700000000001,2011-05
16342,322.41,4,4,80.6025,1.0,322.41,2011-06
16343,328.58,2,1,164.29,2.0,328.58,2011-11
16344,101.10000000000001,1,1,101.10000000000001,1.0,101.10000000000001,2011-07
16345,565.46,1,1,565.46,1.0,565.46,2011-10
16347,847.45,2,1,423.725,2.0,847.45,2011-11
16348,1415.65,7,8,202.2357142857143,0.875,1415.65,2011-04
16349,53.5,1,1,53.5,1.0,53.5,2011-02
16350,1116.47,4,11,279.1175,0.36363636363636365,1116.47,2011-01
16351,153.9,1,1,153.9,1.0,153.9,2011-01
16352,494.44,2,1,247.22,2.0,494.44,2011-11
16353,6675.71,23,13,290.24826086956523,1.7692307692307692,6675.710000000001,2010-12
16354,395.8,2,2,197.9,1.0,395.8,2011-09
16356,211.77,3,3,70.59,1.0,211.77,2011-03
16357,658.88,3,7,219.62666666666667,0.42857142857142855,658.88,2011-05
16358,2027.5,4,7,506.875,0.5714285714285714,2027.4999999999998,2011-06
16359,1750.92,9,12,194.54666666666668,0.75,1750.9200000000003,2011-01
16360,3450.41,6,4,575.0683333333333,1.5,3450.41,2011-09
16361,891.21,4,3,222.8025,1.3333333333333333,891.21,2011-09
16362,709.99,5,3,141.998,1.6666666666666667,709.99,2011-09
16363,109.36,1,1,109.36,1.0,109.36,2011-10
16364,705.79,2,5,352.895,0.4,705.79,2011-07
16365,1540.42,9,12,171.1577777777778,0.75,1540.42,2010-12
16366,327.3,1,1,327.3,1.0,327.3,2011-11
16367,800.67,2,12,400.335,0.16666666666666666,800.67,2010-12
16368,479.91,2,2,239.955,1.0,479.91,2011-11
16369,1545.41,3,7,515.1366666666667,0.42857142857142855,1545.4099999999999,2011-05
16370,1301.91,4,6,325.4775,0.6666666666666666,1301.91,2011-04
16372,355.73,2,1,177.865,2.0,355.73,2011-11
16374,466.73,2,8,233.365,0.25,466.73,2011-03
16376,974.96,2,2,487.48,1.0,974.96,2011-11
16377,676.2,1,1,676.2,1.0,676.2,2011-03
16378,362.95,3,3,120.98333333333333,1.0,362.95,2011-02
16379,2157.4,4,4,539.35,1.0,2157.4,2011-09
16380,1743.15,1,1,1743.15,1.0,1743.15,2011-10
16383,643.76,2,7,321.88,0.2857142857142857,643.76,2011-03
16384,584.5,2,7,292.25,0.2857142857142857,584.5,2011-03
16385,554.86,3,11,184.95333333333335,0.2727272727272727,554.86,2010-12
16386,302.57,2,9,151.285,0.2222222222222222,302.57,2011-03
16387,94.36,1,1,94.36,1.0,94.36,2011-01
16389,1382.07,4,8,345.5175,0.5,1382.07,2011-03
16392,217.89,1,1,217.89,1.0,217.89,2011-03
16393,3040.96,13,13,233.92000000000002,1.0,3040.96,2010-12
16394,1555.34,5,9,311.068,0.5555555555555556,1555.3400000000001,2011-02
16395,1482.06,5,10,296.412,0.5,1482.06,2011-01
16398,1705.8,2,5,852.9,0.4,1705.8000000000002,2011-03
16399,408.02,2,8,204.01,0.25,408.02,2011-04
16400,303.93,1,1,303.93,1.0,303.93,2011-09
16401,4098.32,12,12,341.52666666666664,1.0,4098.32,2011-01
16402,293.45,2,4,146.725,0.5,293.45,2010-12
16403,177.5,1,1,177.5,1.0,177.5,2011-01
16404,443.05,1,1,443.05,1.0,443.05,2011-09
16405,167.25,2,1,83.625,2.0,167.25,2011-02
16406,154.35,1,1,154.35,1.0,154.35,2011-11
16407,2079.68,10,11,207.968,0.9090909090909091,2079.68,2011-01
16409,2022.98,5,11,404.596,0.45454545454545453,2022.98,2011-01
16411,211.7,2,12,105.85,0.16666666666666666,211.7,2010-12
16412,135.99,1,1,135.99,1.0,135.99,2011-10
16413,262.2,1,1,262.2,1.0,262.2,2011-10
16414,126.25,2,9,63.125,0.2222222222222222,126.24999999999999,2011-03
16415,200.26999999999998,1,1,200.26999999999998,1.0,200.26999999999998,2011-10
16416,1051.4,3,2,350.4666666666667,1.5,1051.4,2011-10
16418,631.12,3,7,210.37333333333333,0.42857142857142855,631.12,2011-04
16419,958.71,6,7,159.785,0.8571428571428571,958.7099999999999,2011-02
16422,34684.4,51,12,680.086274509804,4.25,34684.4,2010-12
16423,346.12,1,1,346.12,1.0,346.12,2011-11
16424,133.56,1,1,133.56,1.0,133.56,2011-06
16425,302.7,1,1,302.7,1.0,302.7,2011-02
16426,1863.76,10,10,186.376,1.0,1863.76,2011-03
16427,241.06,2,2,120.53,1.0,241.06,2011-02
16429,284.55,1,1,284.55,1.0,284.55,2011-08
16430,300.85,1,1,300.85,1.0,300.85,2011-10
16431,623.28,3,4,207.76,0.75,623.28,2011-02
16432,287.4,1,1,287.4,1.0,287.4,2011-10
16433,184.26,1,1,184.26,1.0,184.26,2011-11
16434,1511.8,7,10,215.97142857142856,0.7,1511.7999999999997,2011-02
16438,798.35,5,4,159.67000000000002,1.25,798.3500000000001,2011-09
16440,3640.67,5,8,728.134,0.625,3640.67,2011-05
16441,381.2,2,9,190.6,0.2222222222222222,381.2,2011-02
16442,609.3,3,13,203.1,0.23076923076923078,609.3,2010-12
16444,654.67,4,8,163.6675,0.5,654.67,2011-03
16445,230.51,1,1,230.51,1.0,230.51,2011-11
16446,168472.5,2,8,84236.25,0.25,168472.5,2011-05
16447,255.91,1,1,255.91,1.0,255.91,2011-07
16448,182.99,1,1,182.99,1.0,182.99,2011-05
16449,707.69,2,3,353.845,0.6666666666666666,707.69,2011-03
16450,311.92,1,1,311.92,1.0,311.92,2011-07
16451,266.97,1,1,266.97,1.0,266.97,2011-09
16454,6.9,2,1,3.45,2.0,6.9,2011-10
16455,1841.18,7,11,263.0257142857143,0.6363636363636364,1841.1799999999998,2010-12
16456,2158.18,5,10,431.63599999999997,0.5,2158.18,2010-12
16457,208.36,1,1,208.36,1.0,208.36,2011-05
16458,3482.7400000000002,18,13,193.48555555555558,1.3846153846153846,3482.74,2010-12
16460,811.23,3,3,270.41,1.0,811.23,2011-09
16461,142.92,1,1,142.92,1.0,142.92,2011-06
16462,136.0,3,7,45.333333333333336,0.42857142857142855,136.0,2011-03
16463,1422.4,4,7,355.6,0.5714285714285714,1422.3999999999999,2011-05
16464,1298.66,3,5,432.8866666666667,0.6,1298.66,2011-07
16466,1595.96,7,10,227.99428571428572,0.7,1595.96,2011-02
16468,74.9,1,1,74.9,1.0,74.9,2011-09
16469,625.42,4,8,156.355,0.5,625.42,2011-04
16470,752.77,4,11,188.1925,0.36363636363636365,752.77,2010-12
16471,223.95000000000002,1,1,223.95000000000002,1.0,223.95000000000002,2011-03
16473,316.11,3,6,105.37,0.5,316.11,2011-01
16474,1810.65,7,6,258.6642857142857,1.1666666666666667,1810.65,2011-07
16475,544.3,4,7,136.075,0.5714285714285714,544.3,2011-03
16477,2494.46,7,11,356.3514285714286,0.6363636363636364,2494.46,2010-12
16478,331.0,3,2,110.33333333333333,1.5,331.0,2011-10
16479,300.83,2,1,150.415,2.0,300.83,2011-11
16480,769.29,1,1,769.29,1.0,769.29,2011-09
16482,220.62,1,1,220.62,1.0,220.62,2011-11
16483,139.35,1,1,139.35,1.0,139.35,2011-05
16484,404.3,2,1,202.15,2.0,404.3,2011-06
16485,363.65000000000003,1,1,363.65000000000003,1.0,363.65000000000003,2011-09
16488,498.8,3,5,166.26666666666668,0.6,498.8,2011-07
16491,731.5,1,1,731.5,1.0,731.5,2011-10
16493,1351.63,4,9,337.9075,0.4444444444444444,1351.6299999999999,2011-01
16494,826.53,1,1,826.53,1.0,826.53,2011-02
16495,648.26,3,10,216.08666666666667,0.3,648.26,2011-03
16496,1599.52,3,12,533.1733333333333,0.25,1599.52,2011-01
16497,2965.69,6,10,494.2816666666667,0.6,2965.69,2011-01
16498,100.97,2,2,50.485,1.0,100.97,2011-06
16499,365.45000000000005,2,1,182.72500000000002,2.0,365.45000000000005,2010-12
16500,400.86,6,12,66.81,0.5,400.86,2011-01
16503,1431.93,4,9,357.9825,0.4444444444444444,1431.9299999999998,2010-12
16504,465.88,1,1,465.88,1.0,465.88,2011-11
16505,777.6,1,1,777.6,1.0,777.6,2011-11
16506,90.30000000000001,2,2,45.150000000000006,1.0,90.30000000000001,2011-10
16509,363.70000000000005,1,1,363.70000000000005,1.0,363.70000000000005,2011-02
16510,248.1,1,1,248.1,1.0,248.1,2010-12
16511,918.33,3,9,306.11,0.3333333333333333,918.3299999999999,2011-03
16513,874.59,4,3,218.6475,1.3333333333333333,874.5899999999999,2011-10
16515,1624.14,5,9,324.82800000000003,0.5555555555555556,1624.1400000000003,2011-02
16516,101.7,1,1,101.7,1.0,101.7,2011-11
16517,162.7,1,1,162.7,1.0,162.7,2011-03
16518,484.32,2,9,242.16,0.2222222222222222,484.32,2011-02
16519,215.07999999999998,2,12,107.53999999999999,0.16666666666666666,215.07999999999998,2010-12
16520,1046.57,3,7,348.8566666666666,0.42857142857142855,1046.5699999999997,2010-12
16523,9418.470000000001,21,12,448.4985714285715,1.75,9418.470000000001,2011-01
16525,13027.45,26,13,501.0557692307693,2.0,13027.45,2010-12
16526,290.36,1,1,290.36,1.0,290.36,2011-06
16527,228.06,1,1,228.06,1.0,228.06,2011-09
16528,244.41,1,1,244.41,1.0,244.41,2011-12
16529,455.25,1,1,455.25,1.0,455.25,2011-06
16531,1244.59,7,12,177.79857142857142,0.5833333333333334,1244.5900000000001,2010-12
16532,6748.8,3,11,2249.6,0.2727272727272727,6748.799999999999,2011-01
16533,1082.81,3,2,360.93666666666667,1.5,1082.81,2011-10
16535,593.75,1,1,593.75,1.0,593.75,2011-12
16536,548.12,1,1,548.12,1.0,548.12,2011-08
16539,1388.81,4,13,347.2025,0.3076923076923077,1388.81,2010-12
16542,119.62,1,1,119.62,1.0,119.62,2011-10
16545,339.3,1,1,339.3,1.0,339.3,2011-06
16546,787.15,2,3,393.575,0.6666666666666666,787.15,2010-12
16549,4034.9,10,11,403.49,0.9090909090909091,4034.9,2011-01
16550,2298.97,5,9,459.794,0.5555555555555556,2298.9700000000003,2010-12
16551,922.12,3,9,307.37333333333333,0.3333333333333333,922.12,2011-01
16552,379.73,2,5,189.865,0.4,379.7300000000001,2010-12
16553,5719.82,12,7,476.65166666666664,1.7142857142857142,5719.82,2010-12
16554,837.1,3,10,279.03333333333336,0.3,837.1000000000001,2011-01
16555,285.89,2,4,142.945,0.5,285.89,2011-08
16556,3313.79,7,11,473.3985714285714,0.6363636363636364,3313.79,2010-12
16557,281.85,2,5,140.925,0.4,281.85,2011-07
16558,8338.49,20,13,416.92449999999997,1.5384615384615385,8338.49,2010-12
16560,841.41,2,12,420.705,0.16666666666666666,841.4099999999999,2010-12
16561,511.12,2,3,255.56,0.6666666666666666,511.12,2011-10
16563,1077.74,1,1,1077.74,1.0,1077.74,2011-10
16565,173.7,1,1,173.7,1.0,173.7,2010-12
16566,614.66,5,10,122.93199999999999,0.5,614.66,2011-02
16567,865.6,2,5,432.8,0.4,865.6,2011-01
16569,124.2,1,1,124.2,1.0,124.2,2011-12
16570,3738.4,10,10,373.84000000000003,1.0,3738.4000000000005,2011-02
16571,1421.69,3,9,473.8966666666667,0.3333333333333333,1421.69,2011-03
16572,1009.6,3,6,336.53333333333336,0.5,1009.6000000000001,2011-03
16573,663.61,2,8,331.805,0.25,663.61,2011-02
16574,451.44,1,1,451.44,1.0,451.44,2011-09
16581,105.84,1,1,105.84,1.0,105.84,2011-06
16582,313.62,1,1,313.62,1.0,313.62,2011-08
16583,233.45,1,1,233.45,1.0,233.45,2010-12
16584,936.08,2,7,468.04,0.2857142857142857,936.0799999999999,2011-03
16586,463.95,1,1,463.95,1.0,463.95,2011-04
16587,225.15,1,1,225.15,1.0,225.15,2011-04
16589,459.24,3,3,153.08,1.0,459.24,2011-07
16591,213.50000000000003,1,1,213.50000000000003,1.0,213.50000000000003,2011-10
16592,4113.68,16,11,257.105,1.4545454545454546,4113.68,2011-02
16593,330.03,3,10,110.00999999999999,0.3,330.0299999999999,2011-01
16594,181.09,1,1,181.09,1.0,181.09,2011-09
16595,360.16,1,1,360.16,1.0,360.16,2011-10
16596,250.15,2,12,125.075,0.16666666666666666,250.14999999999998,2010-12
16597,90.04,1,1,90.04,1.0,90.04,2011-12
16598,145.04999999999998,1,1,145.04999999999998,1.0,145.04999999999998,2011-02
16600,813.52,6,12,135.58666666666667,0.5,813.52,2011-01
16601,242.7,1,1,242.7,1.0,242.7,2011-10
16602,528.0799999999999,1,1,528.0799999999999,1.0,528.0799999999999,2011-11
16603,482.47,2,1,241.235,2.0,482.47,2011-09
16607,3347.71,14,12,239.12214285714285,1.1666666666666667,3347.71,2010-12
16609,5493.46,7,8,784.78,0.875,5493.46,2011-04
16610,75.66,1,1,75.66,1.0,75.66,2011-05
16611,129.49,1,1,129.49,1.0,129.49,2011-06
16612,1187.66,4,10,296.915,0.4,1187.6600000000003,2011-02
16613,618.59,1,1,618.59,1.0,618.59,2011-09
16614,506.19,1,1,506.19,1.0,506.19,2011-06
16616,500.42,2,5,250.21,0.4,500.42,2011-07
16617,151.85,1,1,151.85,1.0,151.85,2011-04
16618,2647.59,5,11,529.518,0.45454545454545453,2647.59,2011-01
16619,226.21,1,1,226.21,1.0,226.21,2011-03
16620,178.96,2,10,89.48,0.2,178.96,2011-03
16621,813.48,4,8,203.37,0.5,813.48,2011-03
16623,129.45000000000002,1,1,129.45000000000002,1.0,129.45000000000002,2011-04
16624,810.5699999999999,2,5,405.28499999999997,0.4,810.57,2011-05
16625,333.08,1,1,333.08,1.0,333.08,2011-03
16626,4413.1,17,10,259.59411764705885,1.7,4413.1,2011-03
16627,322.8,1,1,322.8,1.0,322.8,2011-09
16628,2188.05,5,8,437.61,0.625,2188.05,2011-04
16629,408.63,2,1,204.315,2.0,408.63,2011-09
16633,2883.1,6,8,480.51666666666665,0.75,2883.1,2011-04
16634,217.9,2,6,108.95,0.3333333333333333,217.89999999999998,2010-12
16637,1154.47,4,8,288.6175,0.5,1154.47,2011-04
16638,1680.72,10,12,168.072,0.8333333333333334,1680.72,2010-12
16639,1257.51,3,8,419.17,0.375,1257.51,2011-04
16641,231.1,1,1,231.1,1.0,231.1,2011-08
16642,688.33,2,8,344.165,0.25,688.33,2011-05
16643,487.51,1,1,487.51,1.0,487.51,2011-04
16644,833.78,2,2,416.89,1.0,833.78,2011-05
16647,214.06,2,2,107.03,1.0,214.06,2011-05
16648,290.65999999999997,1,1,290.65999999999997,1.0,290.65999999999997,2011-10
16650,518.42,1,1,518.42,1.0,518.42,2011-09
16652,6773.97,7,8,967.71,0.875,6773.97,2011-03
16653,1212.66,2,3,606.33,0.6666666666666666,1212.66,2011-09
16654,601.27,4,8,150.3175,0.5,601.27,2010-12
16655,3789.52,6,11,631.5866666666667,0.5454545454545454,3789.52,2011-01
16656,8625.8,15,12,575.0533333333333,1.25,8625.8,2010-12
16657,874.43,4,9,218.6075,0.4444444444444444,874.43,2011-03
16658,123.24,1,1,123.24,1.0,123.24,2010-12
16659,39.12,1,1,39.12,1.0,39.12,2011-06
16660,1267.6499999999999,4,11,316.91249999999997,0.36363636363636365,1267.6499999999999,2011-01
16665,135.4,1,1,135.4,1.0,135.4,2010-12
16666,118.98,1,1,118.98,1.0,118.98,2011-11
16667,567.18,2,9,283.59,0.2222222222222222,567.18,2011-02
16668,306.71999999999997,6,10,51.12,0.6,306.71999999999997,2011-02
16669,1348.88,3,3,449.6266666666667,1.0,1348.88,2011-09
16670,4095.9,11,12,372.3545454545455,0.9166666666666666,4095.8999999999996,2010-12
16671,1692.2700000000002,3,6,564.09,0.5,1692.27,2011-06
16672,8134.9400000000005,20,10,406.747,2.0,8134.9400000000005,2011-03
16674,304.24,2,2,152.12,1.0,304.24,2011-09
16676,1592.1200000000001,4,11,398.03000000000003,0.36363636363636365,1592.1200000000001,2011-01
16678,3109.99,12,10,259.1658333333333,1.2,3109.99,2011-03
16679,129.75,1,1,129.75,1.0,129.75,2010-12
16680,183.7,1,1,183.7,1.0,183.7,2011-10
16681,1770.34,6,7,295.0566666666667,0.8571428571428571,1770.34,2011-03
16682,1028.0,5,7,205.6,0.7142857142857143,1028.0,2011-06
16684,66653.56,28,13,2380.4842857142858,2.1538461538461537,66653.56,2010-12
16685,324.24,2,1,162.12,2.0,324.24,2011-10
16686,2959.88,7,11,422.84000000000003,0.6363636363636364,2959.8800000000006,2010-12
16688,1260.86,4,3,315.215,1.3333333333333333,1260.86,2011-10
16689,422.6,2,1,211.3,2.0,422.6,2011-09
16690,225.57999999999998,2,5,112.78999999999999,0.4,225.57999999999998,2011-05
16692,1276.0,2,2,638.0,1.0,1276.0,2011-02
16693,477.86,2,8,238.93,0.25,477.86,2011-03
16696,657.9000000000001,4,4,164.47500000000002,1.0,657.9000000000001,2011-04
16697,112.75,1,1,112.75,1.0,112.75,2011-04
16698,1998.0,2,2,999.0,1.0,1998.0,2011-03
16700,5076.55,13,13,390.50384615384615,1.0,5076.55,2010-12
16701,5398.3,13,13,415.25384615384615,1.0,5398.3,2010-12
16705,14034.99,20,13,701.7495,1.5384615384615385,14034.990000000002,2010-12
16706,531.35,3,4,177.11666666666667,0.75,531.35,2011-08
16708,656.63,1,1,656.63,1.0,656.63,2011-10
16709,3029.87,5,7,605.9739999999999,0.7142857142857143,3029.87,2011-03
16710,2467.99,10,12,246.79899999999998,0.8333333333333334,2467.99,2010-12
16711,1651.03,5,13,330.206,0.38461538461538464,1651.0300000000002,2010-12
16712,3611.31,11,9,328.3009090909091,1.2222222222222223,3611.3100000000004,2011-03
16713,6910.78,15,12,460.71866666666665,1.25,6910.78,2010-12
16714,1129.06,3,5,376.3533333333333,0.6,1129.06,2011-01
16715,301.71999999999997,1,1,301.71999999999997,1.0,301.71999999999997,2011-09
16716,901.2,2,2,450.6,1.0,901.2,2011-02
16717,3843.08,6,12,640.5133333333333,0.5,3843.08,2010-12
16718,606.0500000000001,1,1,606.0500000000001,1.0,606.0500000000001,2010-12
16719,1770.22,7,12,252.88857142857142,0.5833333333333334,1770.2200000000003,2010-12
16720,152.95,1,1,152.95,1.0,152.95,2011-11
16721,292.47,1,1,292.47,1.0,292.47,2011-03
16722,4730.81,13,12,363.90846153846155,1.0833333333333333,4730.81,2010-12
16723,576.4,2,2,288.2,1.0,576.4,2011-08
16725,758.27,7,3,108.32428571428571,2.3333333333333335,758.27,2010-12
16726,1358.74,5,12,271.748,0.4166666666666667,1358.74,2010-12
16727,256.32,1,1,256.32,1.0,256.32,2010-12
16728,1048.28,4,8,262.07,0.5,1048.28,2011-03
16729,7205.33,21,8,343.11095238095237,2.625,7205.33,2011-04
16730,743.11,3,10,247.70333333333335,0.3,743.1100000000001,2011-01
16732,603.75,1,1,603.75,1.0,603.75,2011-11
16734,646.76,3,3,215.58666666666667,1.0,646.76,2011-08
16735,2247.41,5,9,449.48199999999997,0.5555555555555556,2247.41,2011-01
16737,417.59999999999997,1,1,417.59999999999997,1.0,417.59999999999997,2011-10
16738,3.75,1,1,3.75,1.0,3.75,2011-02
16739,323.0,1,1,323.0,1.0,323.0,2011-06
16742,464.9,1,1,464.9,1.0,464.9,2011-10
16743,2213.13,7,12,316.1614285714286,0.5833333333333334,2213.13,2010-12
16744,1291.91,7,6,184.55857142857144,1.1666666666666667,1291.91,2011-06
16745,7180.7,17,8,422.3941176470588,2.125,7180.7,2011-02
16746,6680.11,18,13,371.1172222222222,1.3846153846153846,6680.11,2010-12
16747,836.06,2,2,418.03,1.0,836.06,2011-10
16748,1515.9,5,11,303.18,0.45454545454545453,1515.9,2011-01
16750,623.93,5,7,124.78599999999999,0.7142857142857143,623.93,2011-04
16751,1764.72,1,1,1764.72,1.0,1764.72,2011-11
16752,207.5,1,1,207.5,1.0,207.5,2010-12
16753,223.92000000000002,1,1,223.92000000000002,1.0,223.92000000000002,2011-10
16754,2002.4,1,1,2002.4,1.0,2002.4,2010-12
16755,1475.43,3,8,491.81,0.375,1475.43,2011-01
16756,239.4,1,1,239.4,1.0,239.4,2011-05
16757,106.83000000000001,1,1,106.83000000000001,1.0,106.83000000000001,2011-01
16758,369.34,1,1,369.34,1.0,369.34,2011-10
16759,789.79,3,2,263.2633333333333,1.5,789.79,2011-11
16761,316.62,1,1,316.62,1.0,316.62,2011-09
16762,1207.24,3,5,402.41333333333336,0.6,1207.24,2011-07
16763,611.85,1,1,611.85,1.0,611.85,2011-05
16764,2790.95,13,6,214.68846153846152,2.1666666666666665,2790.9499999999994,2011-07
16765,34.0,1,1,34.0,1.0,34.0,2011-02
16766,1145.6,2,1,572.8,2.0,1145.6,2011-03
16767,5575.56,11,11,506.86909090909097,1.0,5575.56,2011-01
16768,478.09,3,8,159.36333333333332,0.375,478.0899999999999,2011-03
16769,361.54,1,1,361.54,1.0,361.54,2011-03
16770,757.1,5,11,151.42000000000002,0.45454545454545453,757.1,2010-12
16771,2242.61,5,11,448.52200000000005,0.45454545454545453,2242.61,2011-01
16773,171.59,1,1,171.59,1.0,171.59,2011-10
16774,661.52,4,5,165.38,0.8,661.52,2011-06
16775,1691.51,11,12,153.77363636363637,0.9166666666666666,1691.5100000000002,2010-12
16776,371.54,1,1,371.54,1.0,371.54,2011-10
16777,222.62,2,7,111.31,0.2857142857142857,222.62,2011-03
16778,245.94,2,7,122.97,0.2857142857142857,245.93999999999997,2011-03
16779,10611.72,22,13,482.35090909090906,1.6923076923076923,10611.72,2010-12
16780,422.24,2,6,211.12,0.3333333333333333,422.24,2011-03
16781,311.25,1,1,311.25,1.0,311.25,2010-12
16782,2267.9500000000003,13,12,174.45769230769233,1.0833333333333333,2267.95,2010-12
16784,107.6,1,1,107.6,1.0,107.6,2011-11
16788,594.39,2,6,297.195,0.3333333333333333,594.39,2011-03
16789,80.8,1,1,80.8,1.0,80.8,2011-12
16790,1545.6200000000001,6,2,257.60333333333335,3.0,1545.6200000000001,2011-11
16791,1705.78,7,11,243.68285714285713,0.6363636363636364,1705.78,2011-01
16792,110.38000000000001,2,1,55.190000000000005,2.0,110.38000000000001,2011-03
16793,243.84,1,1,243.84,1.0,243.84,2011-10
16794,1196.5,10,7,119.65,1.4285714285714286,1196.5,2011-06
16795,414.88,1,1,414.88,1.0,414.88,2010-12
16796,305.62,1,1,305.62,1.0,305.62,2011-09
16800,1162.65,1,1,1162.65,1.0,1162.65,2011-11
16801,1594.23,4,4,398.5575,1.0,1594.23,2011-03
16803,332.3,1,1,332.3,1.0,332.3,2011-10
16804,536.99,3,9,178.99666666666667,0.3333333333333333,536.99,2011-03
16805,460.59,2,7,230.295,0.2857142857142857,460.5899999999999,2010-12
16806,762.16,4,5,190.54,0.8,762.16,2011-04
16807,1121.59,3,5,373.8633333333333,0.6,1121.5899999999997,2011-03
16808,288.42,2,7,144.21,0.2857142857142857,288.41999999999996,2011-03
16809,914.69,5,9,182.93800000000002,0.5555555555555556,914.6900000000002,2011-03
16810,309.54,1,1,309.54,1.0,309.54,2011-05
16811,547.0699999999999,2,2,273.53499999999997,1.0,547.0699999999999,2011-11
16812,479.35,1,1,479.35,1.0,479.35,2010-12
16813,1652.18,10,8,165.21800000000002,1.25,1652.1800000000003,2011-05
16814,6416.7,21,12,305.5571428571428,1.75,6416.699999999999,2010-12
16816,417.06,4,9,104.265,0.4444444444444444,417.05999999999995,2010-12
16817,1604.75,9,13,178.30555555555554,0.6923076923076923,1604.7499999999998,2010-12
16818,3349.57,11,7,304.50636363636363,1.5714285714285714,3349.5699999999997,2011-05
16820,497.61,1,1,497.61,1.0,497.61,2011-09
16823,358.38,1,1,358.38,1.0,358.38,2011-04
16824,460.64,2,6,230.32,0.3333333333333333,460.64,2011-06
16825,775.1800000000001,2,6,387.59000000000003,0.3333333333333333,775.18,2011-06
16826,341.7,1,1,341.7,1.0,341.7,2011-10
16828,128.5,2,2,64.25,1.0,128.5,2011-08
16829,197.22,1,1,197.22,1.0,197.22,2011-07
16830,325.91,1,1,325.91,1.0,325.91,2011-11
16832,199.15,3,2,66.38333333333334,1.5,199.15000000000003,2011-05
16833,1106.53,4,12,276.6325,0.3333333333333333,1106.53,2011-01
16834,413.46,1,1,413.46,1.0,413.46,2011-04
16835,180.85000000000002,2,9,90.42500000000001,0.2222222222222222,180.85,2010-12
16836,251.87,2,3,125.935,0.6666666666666666,251.87,2011-08
16837,3170.98,11,8,288.2709090909091,1.375,3170.9799999999996,2011-04
16838,588.85,2,4,294.425,0.5,588.85,2011-02
16839,16594.35,34,13,488.06911764705876,2.6153846153846154,16594.35,2010-12
16841,1869.82,6,10,311.63666666666666,0.6,1869.82,2011-02
16842,1264.19,3,7,421.3966666666667,0.42857142857142855,1264.19,2011-02
16843,10196.57,16,10,637.285625,1.6,10196.57,2011-01
16846,214.32,1,1,214.32,1.0,214.32,2011-10
16847,193.44,1,1,193.44,1.0,193.44,2011-10
16848,281.42,1,1,281.42,1.0,281.42,2011-10
16849,124.57,1,1,124.57,1.0,124.57,2011-06
16850,332.41,1,1,332.41,1.0,332.41,2011-01
16851,342.45,3,3,114.14999999999999,1.0,342.45,2011-10
16852,144.91000000000003,2,6,72.45500000000001,0.3333333333333333,144.91000000000003,2011-06
16855,328.4,2,2,164.2,1.0,328.4,2011-10
16856,35.400000000000006,1,1,35.400000000000006,1.0,35.400000000000006,2011-11
16858,375.69000000000005,1,1,375.69000000000005,1.0,375.69000000000005,2010-12
16859,747.81,2,5,373.905,0.4,747.81,2011-03
16861,173.76000000000002,2,4,86.88000000000001,0.5,173.76000000000002,2011-07
16863,502.8,2,12,251.4,0.16666666666666666,502.79999999999995,2010-12
16866,207.73999999999998,3,1,69.24666666666666,3.0,207.73999999999995,2011-07
16869,817.12,4,6,204.28,0.6666666666666666,817.12,2011-06
16871,2812.34,6,9,468.72333333333336,0.6666666666666666,2812.34,2011-03
16872,680.02,3,4,226.67333333333332,0.75,680.02,2011-06
16873,7123.62,6,13,1187.27,0.46153846153846156,7123.620000000001,2010-12
16875,2095.53,5,10,419.10600000000005,0.5,2095.53,2011-01
16877,846.62,6,7,141.10333333333332,0.8571428571428571,846.6199999999999,2011-05
16878,13.3,1,1,13.3,1.0,13.3,2011-09
16880,1491.43,7,6,213.0614285714286,1.1666666666666667,1491.4300000000003,2011-06
16881,432.0,1,1,432.0,1.0,432.0,2011-10
16882,705.12,3,10,235.04,0.3,705.12,2011-01
16883,272.48,2,7,136.24,0.2857142857142857,272.48,2010-12
16884,429.84000000000003,2,1,214.92000000000002,2.0,429.84000000000003,2011-11
16885,450.41,3,12,150.13666666666668,0.25,450.4100000000001,2010-12
16887,192.32999999999998,1,1,192.32999999999998,1.0,192.32999999999998,2011-11
16889,1578.67,3,5,526.2233333333334,0.6,1578.6699999999998,2011-01
16891,742.4300000000001,5,13,148.48600000000002,0.38461538461538464,742.4300000000002,2010-12
16892,518.1899999999999,5,7,103.63799999999999,0.7142857142857143,518.1899999999999,2011-06
16893,145.93,1,1,145.93,1.0,145.93,2010-12
16895,202.27,1,1,202.27,1.0,202.27,2011-10
16897,289.78000000000003,2,2,144.89000000000001,1.0,289.78000000000003,2011-01
16898,501.03,3,12,167.01,0.25,501.03,2010-12
16899,1271.06,6,13,211.84333333333333,0.46153846153846156,1271.0600000000002,2010-12
16900,887.11,3,2,295.7033333333333,1.5,887.1099999999999,2011-10
16902,1706.88,1,1,1706.88,1.0,1706.88,2011-08
16903,363.2,1,1,363.2,1.0,363.2,2011-11
16904,3653.75,16,13,228.359375,1.2307692307692308,3653.75,2010-12
16905,3037.6,7,13,433.9428571428571,0.5384615384615384,3037.6,2010-12
16906,559.59,4,6,139.8975,0.6666666666666666,559.59,2011-04
16907,928.76,5,12,185.752,0.4166666666666667,928.7600000000001,2010-12
16909,379.14,1,1,379.14,1.0,379.14,2011-09
16910,1508.96,8,4,188.62,2.0,1508.96,2011-09
16912,2555.58,11,11,232.32545454545453,1.0,2555.58,2011-01
16913,113.44,1,1,113.44,1.0,113.44,2011-02
16914,183.76,1,1,183.76,1.0,183.76,2011-11
16915,621.6800000000001,6,9,103.61333333333334,0.6666666666666666,621.68,2011-03
16916,562.41,2,12,281.205,0.16666666666666666,562.4099999999999,2010-12
16917,391.52,1,1,391.52,1.0,391.52,2011-03
16918,1068.82,6,10,178.13666666666666,0.6,1068.82,2011-01
16919,2592.25,11,8,235.6590909090909,1.375,2592.25,2010-12
16921,154.18,1,1,154.18,1.0,154.18,2011-10
16923,7069.08,19,12,372.0568421052632,1.5833333333333333,7069.08,2010-12
16924,829.89,3,3,276.63,1.0,829.89,2011-09
16926,230.25,1,1,230.25,1.0,230.25,2010-12
16927,543.05,3,9,181.01666666666665,0.3333333333333333,543.05,2010-12
16928,2814.7,17,10,165.5705882352941,1.7,2814.7,2010-12
16929,1295.39,7,6,185.0557142857143,1.1666666666666667,1295.39,2011-07
16930,378.89,3,2,126.29666666666667,1.5,378.89,2011-10
16931,4554.87,21,13,216.89857142857142,1.6153846153846154,4554.87,2010-12
16932,150.23,1,1,150.23,1.0,150.23,2011-10
16933,563.23,2,9,281.615,0.2222222222222222,563.23,2011-04
16934,931.03,2,1,465.515,2.0,931.03,2011-10
16936,261.9,1,1,261.9,1.0,261.9,2011-11
16938,2711.6800000000003,4,11,677.9200000000001,0.36363636363636365,2711.6800000000003,2011-02
16940,3049.88,3,9,1016.6266666666667,0.3333333333333333,3049.8799999999997,2011-02
16942,1904.99,9,8,211.66555555555556,1.125,1904.99,2011-04
16943,816.73,3,5,272.24333333333334,0.6,816.73,2011-01
16945,4345.5,19,12,228.71052631578948,1.5833333333333333,4345.5,2010-12
16947,406.48,1,1,406.48,1.0,406.48,2011-04
16948,435.02,3,7,145.00666666666666,0.42857142857142855,435.0199999999999,2011-01
16949,1286.27,6,12,214.37833333333333,0.5,1286.27,2011-01
16950,1178.56,3,11,392.8533333333333,0.2727272727272727,1178.56,2010-12
16951,1277.75,3,6,425.9166666666667,0.5,1277.75,2011-02
16952,167.60999999999999,2,1,83.80499999999999,2.0,167.60999999999999,2011-08
16953,20.8,1,1,20.8,1.0,20.8,2011-11
16954,2085.08,9,13,231.67555555555555,0.6923076923076923,2085.08,2010-12
16955,518.67,4,7,129.6675,0.5714285714285714,518.67,2010-12
16956,308.74,1,1,308.74,1.0,308.74,2011-11
16957,416.64,2,2,208.32,1.0,416.64,2011-03
16959,117.35,1,1,117.35,1.0,117.35,2011-09
16960,507.05,3,8,169.01666666666668,0.375,507.05000000000007,2011-04
16961,234.17,1,1,234.17,1.0,234.17,2011-08
16963,110.55000000000001,1,1,110.55000000000001,1.0,110.55000000000001,2011-06
16965,201.19,1,1,201.19,1.0,201.19,2011-04
16966,2154.97,7,9,307.8528571428571,0.7777777777777778,2154.97,2011-04
16967,319.02,1,1,319.02,1.0,319.02,2011-06
16968,439.43,2,5,219.715,0.4,439.43000000000006,2011-08
16969,650.41,3,5,216.8033333333333,0.6,650.41,2011-06
16971,357.21,1,1,357.21,1.0,357.21,2011-11
16976,251.51999999999998,1,1,251.51999999999998,1.0,251.51999999999998,2011-03
16978,344.33,1,1,344.33,1.0,344.33,2011-09
16979,1852.0,6,11,308.6666666666667,0.5454545454545454,1852.0,2011-02
16980,1028.46,2,2,514.23,1.0,1028.46,2011-02
16982,384.06,1,1,384.06,1.0,384.06,2011-10
16983,1905.87,7,12,272.26714285714286,0.5833333333333334,1905.8700000000003,2010-12
16984,4459.52,2,2,2229.76,1.0,4459.52,2011-08
16985,5464.12,10,12,546.412,0.8333333333333334,5464.120000000001,2010-12
16986,1873.2,2,1,936.6,2.0,1873.2,2011-11
16987,1616.8,7,8,230.97142857142856,0.875,1616.8,2011-05
16988,126.12,1,1,126.12,1.0,126.12,2011-12
16989,1133.25,6,6,188.875,1.0,1133.25,2011-07
16990,179.0,1,1,179.0,1.0,179.0,2011-05
16992,1614.31,5,10,322.86199999999997,0.5,1614.31,2011-02
16996,1456.96,6,12,242.82666666666668,0.5,1456.96,2010-12
16997,702.0,3,2,234.0,1.5,702.0,2011-01
16998,295.0,4,6,73.75,0.6666666666666666,295.0,2011-02
16999,484.82,2,3,242.41,0.6666666666666666,484.81999999999994,2011-09
17001,3989.57,11,13,362.6881818181818,0.8461538461538461,3989.5699999999997,2010-12
17002,1493.73,3,8,497.91,0.375,1493.73,2011-02
17004,1312.14,2,2,656.07,1.0,1312.14,2011-09
17006,781.78,4,4,195.445,1.0,781.78,2011-09
17007,889.9300000000001,6,11,148.3216666666667,0.5454545454545454,889.9300000000001,2010-12
17010,195.36,1,1,195.36,1.0,195.36,2011-11
17011,270.9,1,1,270.9,1.0,270.9,2011-11
17014,583.4300000000001,3,3,194.4766666666667,1.0,583.4300000000001,2011-10
17015,1838.6100000000001,3,6,612.87,0.5,1838.6100000000001,2011-06
17017,8694.26,20,13,434.713,1.5384615384615385,8694.26,2010-12
17018,920.1,2,10,460.05,0.2,920.1,2011-01
17019,1258.08,4,12,314.52,0.3333333333333333,1258.08,2010-12
17022,71.0,1,1,71.0,1.0,71.0,2011-11
17024,95.85,3,4,31.95,0.75,95.85,2011-07
17025,357.77,3,11,119.25666666666666,0.2727272727272727,357.77,2010-12
17026,154.82999999999998,2,7,77.41499999999999,0.2857142857142857,154.82999999999998,2010-12
17027,877.56,6,9,146.26,0.6666666666666666,877.56,2011-01
17029,716.0,2,5,358.0,0.4,716.0000000000001,2011-04
17030,146.87,1,1,146.87,1.0,146.87,2011-10
17031,380.35,2,5,190.175,0.4,380.35,2011-07
17033,1030.1399999999999,3,10,343.37999999999994,0.3,1030.1399999999999,2010-12
17034,745.52,3,10,248.50666666666666,0.3,745.52,2011-02
17035,433.53000000000003,2,3,216.76500000000001,0.6666666666666666,433.53,2011-02
17037,1267.32,1,1,1267.32,1.0,1267.32,2011-09
17038,112.4,1,1,112.4,1.0,112.4,2011-11
17040,449.73,1,1,449.73,1.0,449.73,2011-07
17041,1071.49,3,12,357.16333333333336,0.25,1071.49,2010-12
17042,1036.58,5,9,207.31599999999997,0.5555555555555556,1036.58,2011-04
17043,1735.18,4,9,433.795,0.4444444444444444,1735.18,2011-03
17044,948.48,1,1,948.48,1.0,948.48,2011-11
17045,339.44,3,5,113.14666666666666,0.6,339.43999999999994,2011-04
17046,642.02,1,1,642.02,1.0,642.02,2011-07
17047,1100.9,3,5,366.9666666666667,0.6,1100.9,2011-05
17048,925.35,3,8,308.45,0.375,925.3499999999999,2011-01
17049,5655.03,9,10,628.3366666666666,0.9,5655.029999999999,2011-03
17050,3185.64,6,8,530.9399999999999,0.75,3185.6399999999994,2011-02
17051,240.89000000000001,1,1,240.89000000000001,1.0,240.89000000000001,2011-05
17052,399.09,1,1,399.09,1.0,399.09,2011-11
17053,498.48,1,1,498.48,1.0,498.48,2011-08
17054,1356.33,5,8,271.26599999999996,0.625,1356.33,2011-04
17058,1179.89,3,6,393.2966666666667,0.5,1179.89,2011-04
17059,3080.39,5,12,616.078,0.4166666666666667,3080.39,2010-12
17060,234.24,1,1,234.24,1.0,234.24,2011-03
17061,5232.2300000000005,11,6,475.65727272727275,1.8333333333333333,5232.23,2011-04
17062,533.33,4,2,133.3325,2.0,533.33,2010-12
17063,1461.14,7,10,208.73428571428573,0.7,1461.14,2011-02
17064,855.45,3,10,285.15000000000003,0.3,855.45,2011-01
17068,4552.14,21,12,216.76857142857145,1.75,4552.14,2010-12
17069,2709.7000000000003,9,12,301.0777777777778,0.75,2709.7,2010-12
17070,304.24,1,1,304.24,1.0,304.24,2011-08
17071,2429.03,9,10,269.89222222222224,0.9,2429.03,2011-02
17073,1446.09,4,4,361.5225,1.0,1446.09,2011-08
17075,834.12,4,11,208.53,0.36363636363636365,834.12,2011-01
17076,841.0799999999999,3,12,280.35999999999996,0.25,841.0799999999999,2010-12
17078,378.2,2,1,189.1,2.0,378.2,2011-11
17079,118.80000000000001,1,1,118.80000000000001,1.0,118.80000000000001,2011-09
17080,287.62,2,9,143.81,0.2222222222222222,287.62,2011-03
17081,288.91,2,2,144.455,1.0,288.91,2011-10
17082,2003.85,2,11,1001.925,0.18181818181818182,2003.85,2011-01
17083,1405.78,3,7,468.5933333333333,0.42857142857142855,1405.78,2011-02
17084,2747.99,2,1,1373.995,2.0,2747.99,2011-11
17085,1562.4,5,9,312.48,0.5555555555555556,1562.4,2010-12
17086,2050.08,6,3,341.68,2.0,2050.08,2011-10
17088,1991.01,4,9,497.7525,0.4444444444444444,1991.01,2011-03
17090,1974.65,7,13,282.09285714285716,0.5384615384615384,1974.65,2010-12
17091,3827.76,9,13,425.3066666666667,0.6923076923076923,3827.76,2010-12
17092,1774.03,4,8,443.5075,0.5,1774.03,2011-03
17094,302.0,1,1,302.0,1.0,302.0,2011-01
17095,1324.16,3,11,441.3866666666667,0.2727272727272727,1324.1599999999999,2011-01
17096,1022.13,4,9,255.5325,0.4444444444444444,1022.1299999999999,2011-03
17097,954.42,8,13,119.3025,0.6153846153846154,954.4200000000001,2010-12
17100,971.74,2,1,485.87,2.0,971.74,2011-11
17101,1621.73,4,6,405.4325,0.6666666666666666,1621.7299999999998,2011-06
17102,25.5,1,1,25.5,1.0,25.5,2011-03
17105,665.78,2,6,332.89,0.3333333333333333,665.78,2011-02
17107,10797.48,6,9,1799.58,0.6666666666666666,10797.479999999998,2011-03
17109,881.29,6,8,146.88166666666666,0.75,881.29,2011-04
17110,163.29999999999998,1,1,163.29999999999998,1.0,163.29999999999998,2011-06
17111,231.61,1,1,231.61,1.0,231.61,2011-10
17114,801.12,8,12,100.14,0.6666666666666666,801.1199999999999,2011-01
17115,837.5,3,9,279.1666666666667,0.3333333333333333,837.5,2011-04
17117,116.19999999999999,1,1,116.19999999999999,1.0,116.19999999999999,2011-02
17118,157.01999999999998,1,1,157.01999999999998,1.0,157.01999999999998,2011-01
17119,606.91,2,3,303.455,0.6666666666666666,606.91,2011-10
17120,307.46,1,1,307.46,1.0,307.46,2011-04
17122,138.32,1,1,138.32,1.0,138.32,2011-08
17123,345.3,1,1,345.3,1.0,345.3,2011-07
17124,294.24,1,1,294.24,1.0,294.24,2011-06
17125,230.5,1,1,230.5,1.0,230.5,2011-10
17126,989.45,5,8,197.89000000000001,0.625,989.45,2010-12
17128,157.09,1,1,157.09,1.0,157.09,2011-01
17131,2463.17,5,4,492.634,1.25,2463.17,2011-09
17133,4892.240000000001,7,9,698.8914285714287,0.7777777777777778,4892.240000000001,2011-03
17134,413.2,2,6,206.6,0.3333333333333333,413.19999999999993,2011-03
17135,1139.73,7,12,162.81857142857143,0.5833333333333334,1139.73,2010-12
17138,380.5,1,1,380.5,1.0,380.5,2011-03
17139,10650.77,12,10,887.5641666666667,1.2,10650.77,2011-02
17140,454.12,1,1,454.12,1.0,454.12,2011-04
17142,579.0,1,1,579.0,1.0,579.0,2011-04
17144,984.57,2,4,492.285,0.5,984.57,2011-09
17146,749.78,3,9,249.92666666666665,0.3333333333333333,749.7799999999999,2010-12
17147,1714.59,4,10,428.6475,0.4,1714.5900000000001,2011-02
17148,124.88,1,1,124.88,1.0,124.88,2011-10
17152,1689.5,3,3,563.1666666666666,1.0,1689.5,2011-03
17153,213.78,1,1,213.78,1.0,213.78,2011-11
17154,329.34,1,1,329.34,1.0,329.34,2011-09
17155,251.7,2,6,125.85,0.3333333333333333,251.7,2011-06
17157,319.0,2,7,159.5,0.2857142857142857,319.0,2011-06
17158,1266.97,3,12,422.3233333333333,0.25,1266.97,2010-12
17159,1538.88,3,6,512.96,0.5,1538.88,2011-06
17160,3518.03,6,8,586.3383333333334,0.75,3518.03,2011-04
17162,1715.46,10,10,171.546,1.0,1715.46,2011-02
17163,293.1,2,3,146.55,0.6666666666666666,293.1,2011-09
17164,2467.35,7,9,352.4785714285714,0.7777777777777778,2467.35,2011-03
17165,158.68,1,1,158.68,1.0,158.68,2011-02
17166,206.34,2,7,103.17,0.2857142857142857,206.33999999999997,2011-05
17169,835.78,2,5,417.89,0.4,835.78,2011-06
17171,224.91,1,1,224.91,1.0,224.91,2011-02
17172,317.76,1,1,317.76,1.0,317.76,2011-09
17173,3766.6,8,6,470.825,1.3333333333333333,3766.6,2011-07
17174,59.9,1,1,59.9,1.0,59.9,2011-05
17175,1443.69,4,9,360.9225,0.4444444444444444,1443.69,2011-02
17176,306.13,1,1,306.13,1.0,306.13,2011-05
17179,711.79,3,7,237.26333333333332,0.42857142857142855,711.79,2010-12
17180,783.97,4,10,195.9925,0.4,783.97,2011-01
17181,239.92000000000002,2,11,119.96000000000001,0.18181818181818182,239.92000000000002,2010-12
17183,3347.31,6,5,557.885,1.2,3347.31,2011-08
17186,144.0,2,1,72.0,2.0,144.0,2011-10
17187,203.95,1,1,203.95,1.0,203.95,2011-04
17188,2474.23,7,12,353.4614285714286,0.5833333333333334,2474.2300000000005,2010-12
17189,383.75,2,9,191.875,0.2222222222222222,383.75,2010-12
17190,444.74,2,6,222.37,0.3333333333333333,444.74,2011-05
17191,2093.68,7,12,299.09714285714284,0.5833333333333334,2093.68,2010-12
17193,1699.3000000000002,7,6,242.7571428571429,1.1666666666666667,1699.3000000000006,2011-06
17194,262.62,2,4,131.31,0.5,262.62,2010-12
17197,1013.01,1,1,1013.01,1.0,1013.01,2011-11
17198,692.22,3,12,230.74,0.25,692.22,2010-12
17201,289.78,1,1,289.78,1.0,289.78,2011-10
17203,3560.08,6,2,593.3466666666667,3.0,3560.08,2011-10
17204,1564.56,4,4,391.14,1.0,1564.56,2011-03
17205,384.08,1,1,384.08,1.0,384.08,2011-10
17206,204.24,1,1,204.24,1.0,204.24,2011-10
17211,2317.2200000000003,8,12,289.65250000000003,0.6666666666666666,2317.2200000000003,2010-12
17212,226.85,1,1,226.85,1.0,226.85,2011-03
17213,2781.23,7,11,397.31857142857143,0.6363636363636364,2781.23,2010-12
17214,1059.1200000000001,6,11,176.52,0.5454545454545454,1059.12,2010-12
17217,113.5,1,1,113.5,1.0,113.5,2011-04
17218,1951.97,10,13,195.197,0.7692307692307693,1951.9700000000003,2010-12
17219,114.23,1,1,114.23,1.0,114.23,2011-11
17220,3187.55,14,12,227.68214285714288,1.1666666666666667,3187.5500000000006,2010-12
17221,334.48,2,2,167.24,1.0,334.48,2011-11
17222,328.65,1,1,328.65,1.0,328.65,2011-10
17223,416.89,2,3,208.445,0.6666666666666666,416.88999999999993,2010-12
17226,393.49,1,1,393.49,1.0,393.49,2011-02
17227,939.32,6,12,156.55333333333334,0.5,939.32,2010-12
17228,1906.09,8,12,238.26125,0.6666666666666666,1906.0899999999997,2010-12
17229,318.76,2,3,159.38,0.6666666666666666,318.76,2011-07
17230,3638.41,8,4,454.80125,2.0,3638.41,2010-12
17231,3124.72,10,12,312.472,0.8333333333333334,3124.72,2010-12
17232,417.77,2,2,208.885,1.0,417.77,2011-11
17233,190.88,1,1,190.88,1.0,190.88,2011-11
17234,149.89,1,1,149.89,1.0,149.89,2011-06
17235,550.06,2,12,275.03,0.16666666666666666,550.06,2010-12
17236,916.13,6,12,152.68833333333333,0.5,916.13,2010-12
17237,314.69,2,1,157.345,2.0,314.69,2011-11
17238,3719.1,17,13,218.7705882352941,1.3076923076923077,3719.0999999999995,2010-12
17239,382.5,1,1,382.5,1.0,382.5,2011-01
17242,1135.04,2,3,567.52,0.6666666666666666,1135.04,2011-06
17243,8540.05,26,13,328.4634615384615,2.0,8540.05,2010-12
17244,954.9,1,1,954.9,1.0,954.9,2011-10
17245,171.45,1,1,171.45,1.0,171.45,2011-05
17247,280.09000000000003,1,1,280.09000000000003,1.0,280.09000000000003,2011-11
17248,318.65000000000003,1,1,318.65000000000003,1.0,318.65000000000003,2011-08
17250,381.97,2,10,190.985,0.2,381.97,2011-03
17251,269.83,1,1,269.83,1.0,269.83,2010-12
17252,348.91,2,3,174.455,0.6666666666666666,348.91,2011-06
17253,178.26,1,1,178.26,1.0,178.26,2011-11
17254,271.19,2,2,135.595,1.0,271.19,2011-11
17255,291.48,2,9,145.74,0.2222222222222222,291.48,2011-02
17256,240.0,2,8,120.0,0.25,240.0,2011-01
17259,581.23,2,8,290.615,0.25,581.23,2010-12
17262,1253.3600000000001,5,11,250.67200000000003,0.45454545454545453,1253.3600000000001,2010-12
17263,63.44,1,1,63.44,1.0,63.44,2011-05
17265,550.01,2,2,275.005,1.0,550.01,2011-06
17266,296.58,3,6,98.86,0.5,296.58,2011-07
17267,317.2,2,1,158.6,2.0,317.2,2011-08
17268,763.64,4,5,190.91,0.8,763.6400000000001,2011-04
17272,2148.63,4,8,537.1575,0.5,2148.63,2011-03
17274,107.82,1,1,107.82,1.0,107.82,2011-11
17277,1065.3500000000001,2,4,532.6750000000001,0.5,1065.3500000000001,2011-01
17278,246.04,1,1,246.04,1.0,246.04,2011-04
17279,187.83,1,1,187.83,1.0,187.83,2011-10
17282,1685.46,3,7,561.82,0.42857142857142855,1685.46,2011-02
17284,1647.48,6,10,274.58,0.6,1647.48,2011-01
17286,151.37,1,1,151.37,1.0,151.37,2011-11
17287,1049.06,7,12,149.8657142857143,0.5833333333333334,1049.0600000000002,2010-12
17288,1417.63,7,12,202.51857142857145,0.5833333333333334,1417.63,2010-12
17289,931.02,3,6,310.34,0.5,931.02,2011-06
17290,513.01,2,2,256.505,1.0,513.01,2011-11
17291,550.8000000000001,1,1,550.8000000000001,1.0,550.8000000000001,2011-02
17293,1854.06,9,13,206.00666666666666,0.6923076923076923,1854.06,2010-12
17295,547.0,3,2,182.33333333333334,1.5,547.0,2011-10
17297,128.18,1,1,128.18,1.0,128.18,2011-11
17298,498.42,2,1,249.21,2.0,498.42,2011-08
17299,656.61,4,6,164.1525,0.6666666666666666,656.61,2011-06
17301,163.24,1,1,163.24,1.0,163.24,2011-11
17302,1135.63,5,10,227.12600000000003,0.5,1135.63,2011-02
17303,250.04,1,1,250.04,1.0,250.04,2010-12
17306,8631.31,19,12,454.2794736842105,1.5833333333333333,8631.31,2010-12
17309,82.75,1,1,82.75,1.0,82.75,2011-09
17311,1384.85,2,9,692.425,0.2222222222222222,1384.85,2011-01
17312,644.3,3,1,214.76666666666665,3.0,644.3,2011-07
17313,2328.84,1,1,2328.84,1.0,2328.84,2011-11
17314,2527.92,8,11,315.99,0.7272727272727273,2527.92,2011-01
17315,6281.23,38,13,165.29552631578946,2.923076923076923,6281.229999999999,2010-12
17317,2600.34,3,2,866.7800000000001,1.5,2600.34,2011-09
17320,1200.6200000000001,3,9,400.2066666666667,0.3333333333333333,1200.6200000000001,2010-12
17321,657.16,2,3,328.58,0.6666666666666666,657.16,2011-10
17323,906.52,7,10,129.50285714285715,0.7,906.52,2011-02
17324,986.48,4,12,246.62,0.3333333333333333,986.48,2010-12
17325,96.8,1,1,96.8,1.0,96.8,2011-03
17329,523.11,2,11,261.555,0.18181818181818182,523.11,2011-01
17330,363.9,2,2,181.95,1.0,363.9,2011-10
17331,175.2,1,1,175.2,1.0,175.2,2011-08
17333,494.25,1,1,494.25,1.0,494.25,2011-09
17334,307.02,2,1,153.51,2.0,307.02,2011-02
17337,1981.06,4,6,495.265,0.6666666666666666,1981.0599999999997,2011-02
17338,6493.54,8,12,811.6925,0.6666666666666666,6493.54,2010-12
17339,243.36,2,10,121.68,0.2,243.36,2010-12
17340,12353.29,11,12,1123.0263636363636,0.9166666666666666,12353.29,2010-12
17341,682.29,3,8,227.42999999999998,0.375,682.29,2010-12
17343,193.64,1,1,193.64,1.0,193.64,2010-12
17344,157.62,1,1,157.62,1.0,157.62,2011-10
17345,519.6899999999999,4,7,129.92249999999999,0.5714285714285714,519.6899999999999,2011-05
17346,2622.88,15,13,174.85866666666666,1.1538461538461537,2622.88,2010-12
17347,228.96,1,1,228.96,1.0,228.96,2011-09
17348,1156.6,5,10,231.32,0.5,1156.6,2011-02
17349,98.25,1,1,98.25,1.0,98.25,2011-06
17350,1281.32,4,3,320.33,1.3333333333333333,1281.32,2011-10
17351,587.15,3,9,195.71666666666667,0.3333333333333333,587.1499999999999,2011-03
17353,1740.0,2,2,870.0,1.0,1740.0,2011-07
17354,1393.06,1,1,1393.06,1.0,1393.06,2011-10
17356,178.22,1,1,178.22,1.0,178.22,2011-02
17357,384.39,2,1,192.195,2.0,384.39,2011-11
17358,360.81,2,3,180.405,0.6666666666666666,360.81,2010-12
17359,127.86,1,1,127.86,1.0,127.86,2011-11
17360,568.24,3,6,189.41333333333333,0.5,568.24,2011-06
17361,488.2,3,9,162.73333333333332,0.3333333333333333,488.19999999999993,2011-02
17362,312.23,2,3,156.115,0.6666666666666666,312.23,2011-02
17364,4462.68,11,12,405.69818181818187,0.9166666666666666,4462.68,2011-01
17365,4767.36,8,11,595.92,0.7272727272727273,4767.36,2011-01
17367,167.55,1,1,167.55,1.0,167.55,2011-04
17368,1878.87,8,11,234.85875,0.7272727272727273,1878.8700000000001,2011-01
17370,446.18,4,4,111.545,1.0,446.18,2011-06
17371,418.4,3,12,139.46666666666667,0.25,418.4,2010-12
17372,1337.18,8,11,167.1475,0.7272727272727273,1337.18,2010-12
17373,646.92,4,10,161.73,0.4,646.92,2011-01
17374,495.77000000000004,2,3,247.88500000000002,0.6666666666666666,495.77,2011-03
17375,400.1,3,6,133.36666666666667,0.5,400.1,2010-12
17376,203.2,2,8,101.6,0.25,203.2,2011-02
17377,4058.32,20,12,202.916,1.6666666666666667,4058.3199999999997,2010-12
17379,389.72,1,1,389.72,1.0,389.72,2011-11
17381,20275.61,29,13,699.1589655172414,2.230769230769231,20275.61,2010-12
17382,65.4,1,1,65.4,1.0,65.4,2011-10
17383,193.39000000000001,1,1,193.39000000000001,1.0,193.39000000000001,2011-12
17384,336.40000000000003,2,7,168.20000000000002,0.2857142857142857,336.4,2011-05
17385,256.11,1,1,256.11,1.0,256.11,2011-11
17386,2686.42,6,7,447.7366666666667,0.8571428571428571,2686.42,2011-06
17387,746.81,2,1,373.405,2.0,746.81,2011-11
17388,1259.56,4,8,314.89,0.5,1259.56,2011-02
17389,31833.68,34,12,936.2847058823529,2.8333333333333335,31833.68,2011-01
17391,508.8,2,1,254.4,2.0,508.8,2011-06
17392,417.27,2,3,208.635,0.6666666666666666,417.2699999999999,2010-12
17394,203.86999999999998,1,1,203.86999999999998,1.0,203.86999999999998,2011-05
17396,7330.8,8,11,916.35,0.7272727272727273,7330.800000000001,2010-12
17397,681.41,2,1,340.705,2.0,681.41,2011-11
17398,653.38,3,6,217.79333333333332,0.5,653.38,2011-03
17400,2097.84,5,9,419.56800000000004,0.5555555555555556,2097.84,2010-12
17402,2633.85,13,13,202.60384615384615,1.0,2633.85,2010-12
17403,263.92,1,1,263.92,1.0,263.92,2011-11
17404,31906.82,15,13,2127.1213333333335,1.1538461538461537,31906.820000000003,2010-12
17405,1031.41,3,6,343.80333333333334,0.5,1031.41,2011-07
17406,2184.42,3,2,728.14,1.5,2184.42,2010-12
17408,32.65,1,1,32.65,1.0,32.65,2011-06
17409,771.85,2,3,385.925,0.6666666666666666,771.8499999999999,2011-04
17410,1214.72,5,7,242.94400000000002,0.7142857142857143,1214.7200000000003,2011-05
17411,778.94,3,9,259.6466666666667,0.3333333333333333,778.94,2011-03
17412,1258.06,7,13,179.72285714285712,0.5384615384615384,1258.0599999999997,2010-12
17414,778.0,2,5,389.0,0.4,778.0000000000001,2011-06
17415,507.84,1,1,507.84,1.0,507.84,2011-09
17416,6893.42,7,9,984.7742857142857,0.7777777777777778,6893.42,2011-03
17418,463.46000000000004,2,10,231.73000000000002,0.2,463.46000000000004,2011-01
17419,4226.57,12,12,352.21416666666664,1.0,4226.57,2010-12
17420,598.83,3,11,199.61,0.2727272727272727,598.8299999999999,2010-12
17422,1979.37,6,10,329.895,0.6,1979.37,2011-02
17423,698.41,2,6,349.205,0.3333333333333333,698.41,2011-05
17425,759.1700000000001,2,2,379.58500000000004,1.0,759.1700000000001,2011-10
17426,5037.26,6,10,839.5433333333334,0.6,5037.26,2011-03
17427,100.8,1,1,100.8,1.0,100.8,2011-09
17428,17256.85,28,13,616.3160714285714,2.1538461538461537,17256.85,2010-12
17429,524.9200000000001,3,4,174.97333333333336,0.75,524.9200000000001,2011-05
17430,265.76,2,12,132.88,0.16666666666666666,265.76,2010-12
17431,403.3,1,1,403.3,1.0,403.3,2011-01
17432,365.76,2,1,182.88,2.0,365.76,2011-11
17433,303.15999999999997,1,1,303.15999999999997,1.0,303.15999999999997,2011-09
17434,2373.82,7,4,339.1171428571429,1.75,2373.82,2011-09
17436,216.29999999999998,2,9,108.14999999999999,0.2222222222222222,216.29999999999998,2011-04
17438,388.45000000000005,1,1,388.45000000000005,1.0,388.45000000000005,2011-03
17440,186.42000000000002,3,4,62.14000000000001,0.75,186.42000000000002,2011-04
17442,2248.56,6,10,374.76,0.6,2248.56,2011-02
17443,534.24,1,1,534.24,1.0,534.24,2011-05
17444,2940.04,3,2,980.0133333333333,1.5,2940.04,2011-06
17446,120.9,2,5,60.45,0.4,120.90000000000002,2011-02
17447,541.53,2,2,270.765,1.0,541.53,2011-09
17449,2519.21,7,13,359.88714285714286,0.5384615384615384,2519.21,2010-12
17450,194390.79,46,13,4225.886739130435,3.5384615384615383,194390.78999999998,2010-12
17451,1721.4,7,5,245.91428571428574,1.4,1721.4,2011-08
17453,486.71999999999997,2,2,243.35999999999999,1.0,486.71999999999997,2011-10
17454,517.53,4,6,129.3825,0.6666666666666666,517.53,2010-12
17455,131.7,1,1,131.7,1.0,131.7,2011-05
17456,249.86,1,1,249.86,1.0,249.86,2010-12
17457,1737.7,5,8,347.54,0.625,1737.7,2011-01
17458,316.5,1,1,316.5,1.0,316.5,2011-11
17459,657.3,2,1,328.65,2.0,657.3,2011-10
17460,622.4300000000001,6,10,103.73833333333334,0.6,622.4300000000001,2010-12
17461,735.82,3,1,245.27333333333334,3.0,735.82,2011-11
17462,675.6899999999999,2,9,337.84499999999997,0.2222222222222222,675.6899999999998,2011-02
17463,1875.8600000000001,5,11,375.172,0.45454545454545453,1875.86,2011-01
17464,289.96000000000004,1,1,289.96000000000004,1.0,289.96000000000004,2011-07
17466,763.28,2,3,381.64,0.6666666666666666,763.28,2011-09
17468,137.0,2,1,68.5,2.0,137.0,2011-11
17469,1870.97,5,7,374.194,0.7142857142857143,1870.9700000000003,2011-05
17470,1125.07,5,11,225.01399999999998,0.45454545454545453,1125.07,2010-12
17472,697.54,3,5,232.51333333333332,0.6,697.54,2011-02
17475,194.37,1,1,194.37,1.0,194.37,2011-09
17480,511.82,1,1,511.82,1.0,511.82,2011-09
17481,1255.59,4,4,313.8975,1.0,1255.59,2011-09
17483,414.04,3,5,138.01333333333335,0.6,414.04,2011-06
17486,396.87,1,1,396.87,1.0,396.87,2011-03
17489,376.64,2,6,188.32,0.3333333333333333,376.64,2011-05
17490,2092.32,7,7,298.90285714285716,1.0,2092.32,2011-06
17491,3558.87,10,13,355.887,0.7692307692307693,3558.8700000000003,2010-12
17492,374.57,1,1,374.57,1.0,374.57,2011-04
17495,497.56,2,2,248.78,1.0,497.56,2011-11
17496,271.05,1,1,271.05,1.0,271.05,2010-12
17498,272.22,1,1,272.22,1.0,272.22,2011-09
17499,622.88,1,1,622.88,1.0,622.88,2011-02
17500,1138.0,3,1,379.3333333333333,3.0,1138.0,2011-11
17501,288.6,2,1,144.3,2.0,288.6,2011-05
17502,689.1,4,1,172.275,4.0,689.1,2011-11
17503,558.96,2,2,279.48,1.0,558.96,2011-11
17504,2997.0299999999997,9,5,333.00333333333333,1.8,2997.03,2011-01
17505,1145.84,2,3,572.92,0.6666666666666666,1145.8399999999997,2011-05
17506,302.2,1,1,302.2,1.0,302.2,2011-09
17507,605.58,2,2,302.79,1.0,605.58,2011-02
17508,387.31,1,1,387.31,1.0,387.31,2011-03
17509,6083.64,8,1,760.455,8.0,6083.64,2011-10
17510,308.48,1,1,308.48,1.0,308.48,2011-11
17511,91062.38,31,13,2937.496129032258,2.3846153846153846,91062.37999999999,2010-12
17512,2924.9900000000002,10,10,292.499,1.0,2924.9900000000002,2011-02
17513,513.2,1,1,513.2,1.0,513.2,2011-09
17514,208.65,1,1,208.65,1.0,208.65,2011-08
17515,639.02,4,11,159.755,0.36363636363636365,639.02,2011-01
17516,764.88,5,10,152.976,0.5,764.88,2011-02
17517,153.94,1,1,153.94,1.0,153.94,2011-02
17519,1844.02,6,12,307.33666666666664,0.5,1844.02,2010-12
17520,546.81,1,1,546.81,1.0,546.81,2011-10
17521,723.21,3,7,241.07000000000002,0.42857142857142855,723.21,2011-05
17522,1070.71,5,8,214.142,0.625,1070.71,2011-05
17523,652.74,4,1,163.185,4.0,652.74,2011-11
17524,145.0,1,1,145.0,1.0,145.0,2010-12
17525,422.70000000000005,1,1,422.70000000000005,1.0,422.70000000000005,2010-12
17526,1195.8999999999999,4,13,298.97499999999997,0.3076923076923077,1195.9,2010-12
17527,939.37,4,6,234.8425,0.6666666666666666,939.37,2011-05
17528,3628.5,8,4,453.5625,2.0,3628.5,2011-09
17530,2367.12,10,13,236.712,0.7692307692307693,2367.12,2010-12
17531,296.7,1,1,296.7,1.0,296.7,2011-06
17534,223.36,1,1,223.36,1.0,223.36,2011-10
17535,164.4,1,1,164.4,1.0,164.4,2011-03
17536,76.5,1,1,76.5,1.0,76.5,2011-06
17537,887.67,2,10,443.835,0.2,887.67,2011-02
17538,98.42,1,1,98.42,1.0,98.42,2011-11
17540,578.9,2,11,289.45,0.18181818181818182,578.9,2011-01
17542,170.75,1,1,170.75,1.0,170.75,2011-03
17545,642.32,3,1,214.10666666666668,3.0,642.32,2011-10
17548,103.3,1,1,103.3,1.0,103.3,2011-04
17549,148.86,2,2,74.43,1.0,148.86,2011-10
17550,267.16,3,2,89.05333333333334,1.5,267.16,2011-04
17551,290.34,1,1,290.34,1.0,290.34,2010-12
17552,930.41,4,11,232.6025,0.36363636363636365,930.41,2010-12
17553,1487.6,1,1,1487.6,1.0,1487.6,2011-08
17554,1952.45,5,6,390.49,0.8333333333333334,1952.4500000000003,2011-07
17555,480.31,2,11,240.155,0.18181818181818182,480.31,2011-01
17556,157.9,1,1,157.9,1.0,157.9,2011-05
17557,541.46,3,3,180.48666666666668,1.0,541.46,2011-09
17560,854.95,4,8,213.7375,0.5,854.95,2011-02
17561,165.12,1,1,165.12,1.0,165.12,2011-11
17562,1122.38,7,6,160.34,1.1666666666666667,1122.38,2011-06
17564,454.01,3,3,151.33666666666667,1.0,454.01,2011-09
17566,869.77,2,2,434.885,1.0,869.77,2011-11
17567,4331.48,8,13,541.435,0.6153846153846154,4331.48,2010-12
17569,344.14,1,1,344.14,1.0,344.14,2011-01
17571,1425.67,4,9,356.4175,0.4444444444444444,1425.6699999999998,2011-02
17572,226.75,4,10,56.6875,0.4,226.75,2010-12
17573,380.6,3,3,126.86666666666667,1.0,380.6,2011-09
17574,185.65,1,1,185.65,1.0,185.65,2011-04
17576,3564.83,19,13,187.62263157894736,1.4615384615384615,3564.83,2010-12
17578,143.46,1,1,143.46,1.0,143.46,2011-05
17579,448.90000000000003,3,7,149.63333333333335,0.42857142857142855,448.90000000000003,2011-06
17580,215.72,3,5,71.90666666666667,0.6,215.72,2010-12
17581,11025.24,25,13,441.0096,1.9230769230769231,11025.24,2010-12
17582,175.27,1,1,175.27,1.0,175.27,2011-04
17584,1242.3,2,5,621.15,0.4,1242.3,2011-08
17585,1116.68,4,8,279.17,0.5,1116.68,2011-01
17588,1240.2,3,5,413.40000000000003,0.6,1240.2,2011-04
17589,2404.17,4,7,601.0425,0.5714285714285714,2404.1699999999996,2011-04
17590,1468.02,3,3,489.34,1.0,1468.02,2011-10
17591,2203.67,7,10,314.81,0.7,2203.67,2010-12
17593,3923.86,5,13,784.772,0.38461538461538464,3923.8600000000006,2010-12
17594,993.18,2,7,496.59,0.2857142857142857,993.1799999999998,2011-03
17595,386.69,2,1,193.345,2.0,386.69,2011-11
17596,2806.69,7,12,400.9557142857143,0.5833333333333334,2806.69,2010-12
17597,2044.3700000000001,1,1,2044.3700000000001,1.0,2044.3700000000001,2011-05
17600,161.67000000000002,1,1,161.67000000000002,1.0,161.67000000000002,2011-11
17601,116.00999999999999,1,1,116.00999999999999,1.0,116.00999999999999,2011-04
17602,5054.42,6,12,842.4033333333333,0.5,5054.42,2011-01
17603,394.72,1,1,394.72,1.0,394.72,2011-09
17604,309.36,2,5,154.68,0.4,309.36,2011-01
17608,191.99,2,1,95.995,2.0,191.99,2011-11
17609,1105.78,5,10,221.156,0.5,1105.78,2011-01
17611,3961.12,15,13,264.07466666666664,1.1538461538461537,3961.1199999999994,2010-12
17612,2048.45,6,9,341.4083333333333,0.6666666666666666,2048.45,2011-02
17613,4544.55,14,10,324.6107142857143,1.4,4544.55,2011-02
17614,386.32,1,1,386.32,1.0,386.32,2011-10
17615,329.6,3,4,109.86666666666667,0.75,329.6,2011-05
17616,571.1999999999999,3,7,190.39999999999998,0.42857142857142855,571.1999999999998,2010-12
17618,930.28,3,13,310.0933333333333,0.23076923076923078,930.28,2010-12
17619,214.37,1,1,214.37,1.0,214.37,2011-01
17620,81.44,1,1,81.44,1.0,81.44,2011-10
17621,1379.9,3,12,459.9666666666667,0.25,1379.9,2010-12
17623,527.0500000000001,1,1,527.0500000000001,1.0,527.0500000000001,2011-11
17624,843.48,2,7,421.74,0.2857142857142857,843.4799999999999,2011-05
17625,2020.4,4,9,505.1,0.4444444444444444,2020.3999999999999,2011-03
17628,75.75,1,1,75.75,1.0,75.75,2011-09
17629,1814.12,8,13,226.765,0.6153846153846154,1814.12,2010-12
17630,503.59999999999997,2,3,251.79999999999998,0.6666666666666666,503.5999999999999,2011-04
17631,528.33,3,9,176.11,0.3333333333333333,528.33,2011-04
17633,1324.84,4,4,331.21,1.0,1324.84,2011-08
17634,2358.59,9,11,262.0655555555556,0.8181818181818182,2358.5900000000006,2011-01
17636,285.56,1,1,285.56,1.0,285.56,2011-11
17637,547.0600000000001,2,4,273.53000000000003,0.5,547.0600000000001,2011-08
17639,108.5,1,1,108.5,1.0,108.5,2011-03
17640,621.66,1,1,621.66,1.0,621.66,2011-09
17642,712.29,2,3,356.145,0.6666666666666666,712.29,2011-06
17643,101.55,1,1,101.55,1.0,101.55,2010-12
17644,2895.64,11,10,263.24,1.1,2895.6400000000003,2011-03
17646,1008.39,3,6,336.13,0.5,1008.39,2010-12
17647,133.06,1,1,133.06,1.0,133.06,2011-10
17648,1797.5,4,7,449.375,0.5714285714285714,1797.5,2011-04
17649,868.49,1,1,868.49,1.0,868.49,2011-07
17650,166.08,1,1,166.08,1.0,166.08,2011-11
17651,3945.0,10,6,394.5,1.6666666666666667,3945.0,2011-06
17652,4867.72,12,9,405.6433333333334,1.3333333333333333,4867.719999999999,2011-03
17653,1207.56,4,4,301.89,1.0,1207.56,2011-08
17654,117.55,1,1,117.55,1.0,117.55,2011-03
17655,2638.94,7,12,376.99142857142857,0.5833333333333334,2638.9400000000005,2010-12
17656,1674.69,5,2,334.938,2.5,1674.69,2011-08
17658,595.42,2,7,297.71,0.2857142857142857,595.42,2011-05
17659,2999.46,12,12,249.955,1.0,2999.46,2010-12
17660,178.75,1,1,178.75,1.0,178.75,2011-07
17663,1802.91,7,10,257.55857142857144,0.7,1802.9099999999999,2011-02
17664,604.64,2,7,302.32,0.2857142857142857,604.64,2011-05
17666,728.16,2,3,364.08,0.6666666666666666,728.1599999999999,2011-10
17667,2055.51,5,9,411.10200000000003,0.5555555555555556,2055.51,2011-02
17668,347.75,2,2,173.875,1.0,347.75,2011-11
17669,3406.7200000000003,7,7,486.67428571428576,1.0,3406.7200000000003,2011-04
17670,205.7,1,1,205.7,1.0,205.7,2011-04
17671,1572.71,4,12,393.1775,0.3333333333333333,1572.71,2010-12
17672,3178.17,2,9,1589.085,0.2222222222222222,3178.17,2011-02
17673,1594.97,6,12,265.8283333333333,0.5,1594.9699999999998,2011-01
17674,551.04,2,10,275.52,0.2,551.04,2010-12
17675,20374.28,31,13,657.2348387096774,2.3846153846153846,20374.280000000002,2010-12
17676,1371.18,6,13,228.53,0.46153846153846156,1371.18,2010-12
17677,16345.38,30,13,544.846,2.3076923076923075,16345.380000000001,2010-12
17678,298.11,1,1,298.11,1.0,298.11,2011-03
17679,1992.1100000000001,2,2,996.0550000000001,1.0,1992.1100000000001,2011-09
17680,184.4,1,1,184.4,1.0,184.4,2011-11
17682,2474.33,6,12,412.3883333333333,0.5,2474.33,2010-12
17684,239.40999999999997,1,1,239.40999999999997,1.0,239.40999999999997,2011-10
17685,3155.83,7,12,450.8328571428571,0.5833333333333334,3155.83,2010-12
17686,5739.46,7,11,819.9228571428572,0.6363636363636364,5739.46,2011-02
17690,4726.8,15,12,315.12,1.25,4726.799999999999,2010-12
17691,290.40000000000003,2,1,145.20000000000002,2.0,290.40000000000003,2010-12
17692,740.9399999999999,4,9,185.23499999999999,0.4444444444444444,740.9399999999998,2010-12
17693,200.47,1,1,200.47,1.0,200.47,2011-07
17694,283.12,1,1,283.12,1.0,283.12,2011-07
17695,765.34,2,2,382.67,1.0,765.34,2011-06
17696,2285.71,8,12,285.71375,0.6666666666666666,2285.71,2010-12
17697,338.95000000000005,1,1,338.95000000000005,1.0,338.95000000000005,2011-04
17698,154.95,1,1,154.95,1.0,154.95,2011-03
17700,2534.64,4,9,633.66,0.4444444444444444,2534.64,2011-03
17701,417.95,1,1,417.95,1.0,417.95,2011-04
17702,1824.3700000000001,4,7,456.09250000000003,0.5714285714285714,1824.37,2011-05
17703,798.74,3,5,266.24666666666667,0.6,798.74,2011-07
17704,885.19,2,3,442.595,0.6666666666666666,885.19,2011-04
17705,1823.52,9,11,202.61333333333334,0.8181818181818182,1823.52,2011-02
17706,10504.49,17,13,617.9111764705882,1.3076923076923077,10504.49,2010-12
17707,152.4,2,6,76.2,0.3333333333333333,152.39999999999998,2011-01
17708,263.33,2,6,131.665,0.3333333333333333,263.33,2011-01
17709,137.45000000000002,1,1,137.45000000000002,1.0,137.45000000000002,2011-06
17711,385.1,2,10,192.55,0.2,385.1,2011-02
17712,522.91,1,1,522.91,1.0,522.91,2011-10
17714,153.0,1,1,153.0,1.0,153.0,2011-01
17715,326.4,1,1,326.4,1.0,326.4,2011-05
17716,5655.99,11,9,514.180909090909,1.2222222222222223,5655.99,2011-03
17718,139.35,1,1,139.35,1.0,139.35,2011-04
17719,5396.04,15,9,359.736,1.6666666666666667,5396.040000000001,2011-03
17720,1195.94,4,12,298.985,0.3333333333333333,1195.94,2010-12
17722,2424.04,4,10,606.01,0.4,2424.04,2010-12
17723,3276.4,6,4,546.0666666666667,1.5,3276.4000000000005,2011-05
17724,1033.0,3,3,344.3333333333333,1.0,1033.0,2011-07
17725,3439.08,11,9,312.64363636363635,1.2222222222222223,3439.08,2011-03
17727,1060.25,1,1,1060.25,1.0,1060.25,2011-11
17728,2876.01,3,4,958.6700000000001,0.75,2876.01,2011-09
17730,5298.4800000000005,13,12,407.5753846153847,1.0833333333333333,5298.4800000000005,2011-01
17731,1240.11,4,4,310.0275,1.0,1240.11,2011-06
17732,303.97,1,1,303.97,1.0,303.97,2010-12
17733,692.19,2,9,346.095,0.2222222222222222,692.1899999999999,2011-03
17734,700.63,3,7,233.54333333333332,0.42857142857142855,700.6299999999999,2011-04
17735,13110.02,19,13,690.001052631579,1.4615384615384615,13110.02,2010-12
17736,377.44,3,4,125.81333333333333,0.75,377.44,2011-08
17737,168.24,2,2,84.12,1.0,168.24,2011-10
17738,1879.05,4,9,469.7625,0.4444444444444444,1879.0499999999997,2011-03
17739,2791.35,7,12,398.7642857142857,0.5833333333333334,2791.35,2010-12
17742,355.11,2,8,177.555,0.25,355.11,2011-01
17744,2322.4,6,13,387.06666666666666,0.46153846153846156,2322.4,2010-12
17746,110.25,1,1,110.25,1.0,110.25,2011-04
17747,71.4,1,1,71.4,1.0,71.4,2011-08
17749,674.52,2,4,337.26,0.5,674.52,2011-03
17750,1710.45,9,7,190.05,1.2857142857142858,1710.4500000000003,2011-06
17752,80.64,1,1,80.64,1.0,80.64,2010-12
17754,1664.65,5,10,332.93,0.5,1664.65,2011-03
17757,5593.39,30,13,186.44633333333334,2.3076923076923075,5593.389999999999,2010-12
17758,3408.2000000000003,8,8,426.02500000000003,1.0,3408.2000000000003,2011-04
17759,819.96,3,6,273.32,0.5,819.96,2011-06
17760,287.59,2,12,143.795,0.16666666666666666,287.5899999999999,2010-12
17761,712.78,1,1,712.78,1.0,712.78,2011-11
17763,15.0,1,1,15.0,1.0,15.0,2011-03
17764,772.55,2,6,386.275,0.3333333333333333,772.55,2011-05
17765,367.63,3,5,122.54333333333334,0.6,367.63,2011-03
17767,271.2,1,1,271.2,1.0,271.2,2011-11
17768,2081.9,3,7,693.9666666666667,0.42857142857142855,2081.9,2011-06
17769,3957.4300000000003,10,11,395.74300000000005,0.9090909090909091,3957.4300000000003,2011-01
17770,1143.27,5,3,228.654,1.6666666666666667,1143.27,2011-03
17771,245.81,2,10,122.905,0.2,245.81000000000003,2011-01
17772,173.45,2,1,86.725,2.0,173.45,2011-11
17774,1213.73,4,8,303.4325,0.5,1213.73,2011-02
17775,56.4,1,1,56.4,1.0,56.4,2011-03
17777,647.56,3,4,215.85333333333332,0.75,647.56,2011-08
17779,650.32,3,5,216.77333333333334,0.6,650.3199999999999,2011-07
17781,188.02,2,5,94.01,0.4,188.02000000000004,2011-03
17783,283.47,2,6,141.735,0.3333333333333333,283.47,2011-04
17785,131.94,1,1,131.94,1.0,131.94,2011-10
17786,266.85,2,9,133.425,0.2222222222222222,266.85,2011-01
17787,1817.54,4,8,454.385,0.5,1817.54,2010-12
17788,1117.9,2,2,558.95,1.0,1117.9,2011-08
17789,225.9,1,1,225.9,1.0,225.9,2011-03
17790,1964.3,14,12,140.30714285714285,1.1666666666666667,1964.3,2010-12
17791,106.1,1,1,106.1,1.0,106.1,2011-11
17793,300.34000000000003,1,1,300.34000000000003,1.0,300.34000000000003,2011-11
17795,342.83,2,4,171.415,0.5,342.83,2011-03
17796,690.0,4,11,172.5,0.36363636363636365,690.0,2010-12
17797,780.43,3,6,260.1433333333333,0.5,780.43,2011-06
17799,3039.17,10,12,303.91700000000003,0.8333333333333334,3039.1700000000005,2010-12
17800,1187.21,9,11,131.91222222222223,0.8181818181818182,1187.21,2011-01
17802,1285.04,3,10,428.34666666666664,0.3,1285.04,2010-12
17805,512.31,1,1,512.31,1.0,512.31,2011-09
17806,546.04,1,1,546.04,1.0,546.04,2011-11
17809,5411.91,12,12,450.9925,1.0,5411.91,2010-12
17811,7761.82,39,12,199.02102564102563,3.25,7761.82,2011-01
17812,699.81,4,12,174.9525,0.3333333333333333,699.81,2010-12
17813,1698.07,5,3,339.614,1.6666666666666667,1698.07,2011-09
17816,36.56,4,12,9.14,0.3333333333333333,36.56,2010-12
17817,387.68,3,10,129.22666666666666,0.3,387.67999999999995,2011-03
17819,3704.87,7,10,529.2671428571429,0.7,3704.87,2010-12
17824,298.4,1,1,298.4,1.0,298.4,2011-10
17827,1987.33,5,13,397.466,0.38461538461538464,1987.3300000000002,2010-12
17828,1820.09,4,6,455.0225,0.6666666666666666,1820.0899999999997,2011-06
17829,889.24,1,1,889.24,1.0,889.24,2011-02
17830,398.7,3,11,132.9,0.2727272727272727,398.7,2011-02
17831,35.400000000000006,1,1,35.400000000000006,1.0,35.400000000000006,2011-11
17832,155.37,1,1,155.37,1.0,155.37,2011-10
17835,342.24,3,2,114.08,1.5,342.24,2011-11
17836,110.21,1,1,110.21,1.0,110.21,2011-10
17837,1541.23,8,5,192.65375,1.6,1541.2300000000002,2011-06
17838,2720.8,5,12,544.1600000000001,0.4166666666666667,2720.8000000000006,2010-12
17839,318.15,1,1,318.15,1.0,318.15,2011-10
17841,40519.84,124,13,326.77290322580643,9.538461538461538,40519.84,2010-12
17843,205.48,1,1,205.48,1.0,205.48,2011-02
17844,51.56,1,1,51.56,1.0,51.56,2011-08
17846,2033.1,1,1,2033.1,1.0,2033.1,2011-09
17848,901.2,9,10,100.13333333333334,0.9,901.2,2010-12
17849,605.8000000000001,4,5,151.45000000000002,0.8,605.8000000000002,2011-01
17850,5391.21,34,1,158.565,34.0,5391.21,2010-12
17852,114.34,2,1,57.17,2.0,114.34,2011-11
17854,311.26,2,3,155.63,0.6666666666666666,311.26,2011-04
17855,208.97,1,1,208.97,1.0,208.97,2010-12
17856,1418.03,4,10,354.5075,0.4,1418.03,2011-03
17857,26879.04,23,13,1168.6539130434783,1.7692307692307692,26879.039999999997,2010-12
17858,5140.66,12,13,428.3883333333333,0.9230769230769231,5140.66,2010-12
17859,141.92000000000002,1,1,141.92000000000002,1.0,141.92000000000002,2011-02
17860,226.45000000000002,1,1,226.45000000000002,1.0,226.45000000000002,2010-12
17861,2097.88,8,12,262.235,0.6666666666666666,2097.88,2011-01
17862,330.9,1,1,330.9,1.0,330.9,2011-01
17863,3160.0,6,11,526.6666666666666,0.5454545454545454,3160.0,2010-12
17864,554.85,3,9,184.95000000000002,0.3333333333333333,554.85,2011-03
17865,10526.32,20,12,526.316,1.6666666666666667,10526.32,2010-12
17866,329.65,1,1,329.65,1.0,329.65,2011-07
17867,1157.8700000000001,6,10,192.97833333333335,0.6,1157.8700000000001,2011-02
17869,428.18,5,9,85.636,0.5555555555555556,428.17999999999995,2010-12
17870,1865.89,12,13,155.49083333333334,0.9230769230769231,1865.8900000000003,2010-12
17871,155.9,1,1,155.9,1.0,155.9,2011-05
17873,1848.96,5,10,369.79200000000003,0.5,1848.96,2010-12
17874,683.46,6,4,113.91000000000001,1.5,683.46,2011-03
17877,237.61,1,1,237.61,1.0,237.61,2011-06
17878,379.45,1,1,379.45,1.0,379.45,2011-10
17879,178.51999999999998,1,1,178.51999999999998,1.0,178.51999999999998,2011-06
17880,458.92,1,1,458.92,1.0,458.92,2010-12
17881,133.35000000000002,1,1,133.35000000000002,1.0,133.35000000000002,2011-02
17883,664.34,4,9,166.085,0.4444444444444444,664.3399999999999,2011-04
17884,695.0699999999999,4,13,173.76749999999998,0.3076923076923077,695.0699999999999,2010-12
17885,156.34,1,1,156.34,1.0,156.34,2011-11
17886,869.28,3,8,289.76,0.375,869.28,2011-04
17887,111.35,1,1,111.35,1.0,111.35,2011-08
17888,716.0,8,12,89.5,0.6666666666666666,716.0,2010-12
17889,201.37,2,5,100.685,0.4,201.37,2011-01
17890,586.89,2,2,293.445,1.0,586.89,2010-12
17891,203.85999999999999,1,1,203.85999999999999,1.0,203.85999999999999,2011-06
17892,244.1,3,4,81.36666666666666,0.75,244.09999999999997,2011-07
17893,107.21000000000001,1,1,107.21000000000001,1.0,107.21000000000001,2011-04
17894,1118.96,8,10,139.87,0.8,1118.96,2010-12
17895,95.45,1,1,95.45,1.0,95.45,2011-10
17896,256.32,1,1,256.32,1.0,256.32,2011-11
17897,541.8100000000001,3,7,180.60333333333335,0.42857142857142855,541.8100000000001,2010-12
17898,152.06,2,5,76.03,0.4,152.06,2011-05
17899,154.54999999999998,1,1,154.54999999999998,1.0,154.54999999999998,2011-07
17900,112.19999999999999,2,1,56.099999999999994,2.0,112.19999999999999,2011-06
17901,110.38,1,1,110.38,1.0,110.38,2011-11
17904,181.07,1,1,181.07,1.0,181.07,2011-11
17905,798.99,4,10,199.7475,0.4,798.99,2010-12
17906,72.89999999999999,1,1,72.89999999999999,1.0,72.89999999999999,2011-04
17908,232.03,1,1,232.03,1.0,232.03,2010-12
17911,366.23,1,1,366.23,1.0,366.23,2011-11
17912,310.06,5,3,62.012,1.6666666666666667,310.06,2010-12
17913,408.65,2,11,204.325,0.18181818181818182,408.65,2010-12
17914,329.36,1,1,329.36,1.0,329.36,2011-12
17917,335.03,3,11,111.67666666666666,0.2727272727272727,335.03,2010-12
17919,1304.04,1,1,1304.04,1.0,1304.04,2011-09
17920,4119.5,17,13,242.3235294117647,1.3076923076923077,4119.5,2010-12
17921,820.23,4,8,205.0575,0.5,820.23,2011-03
17923,207.50000000000003,1,1,207.50000000000003,1.0,207.50000000000003,2011-03
17924,2962.5,7,12,423.2142857142857,0.5833333333333334,2962.5000000000005,2010-12
17925,244.08,1,1,244.08,1.0,244.08,2010-12
17926,397.29,2,3,198.645,0.6666666666666666,397.29,2011-05
17928,212.54000000000002,2,7,106.27000000000001,0.2857142857142857,212.54000000000002,2011-04
17929,843.0,4,10,210.75,0.4,843.0000000000001,2011-02
17930,1740.48,5,8,348.096,0.625,1740.48,2011-04
17931,408.36,2,5,204.18,0.4,408.36000000000007,2011-03
17932,1331.57,3,7,443.8566666666666,0.42857142857142855,1331.5699999999997,2011-05
17934,704.25,2,1,352.125,2.0,704.25,2011-10
17935,145.79,2,1,72.895,2.0,145.79,2011-07
17936,380.13,1,1,380.13,1.0,380.13,2011-12
17937,4301.22,7,13,614.46,0.5384615384615384,4301.219999999999,2010-12
17939,99.14,1,1,99.14,1.0,99.14,2011-07
17940,4020.04,10,9,402.004,1.1111111111111112,4020.0400000000004,2011-02
17941,304.56,1,1,304.56,1.0,304.56,2011-08
17942,77.50000000000001,1,1,77.50000000000001,1.0,77.50000000000001,2011-12
17946,149.57999999999998,2,2,74.78999999999999,1.0,149.57999999999998,2011-03
17947,176.68,1,1,176.68,1.0,176.68,2011-11
17948,358.56000000000006,1,1,358.56000000000006,1.0,358.56000000000006,2011-07
17949,58510.48,45,13,1300.232888888889,3.4615384615384617,58510.48,2010-12
17950,482.2,3,10,160.73333333333332,0.3,482.19999999999993,2010-12
17951,1008.5400000000001,3,11,336.18,0.2727272727272727,1008.54,2010-12
17954,2314.13,12,13,192.84416666666667,0.9230769230769231,2314.13,2010-12
17955,557.3,4,1,139.325,4.0,557.3,2011-05
17956,12.75,1,1,12.75,1.0,12.75,2011-04
17957,111.68,1,1,111.68,1.0,111.68,2011-10
17958,508.4599999999999,1,1,508.4599999999999,1.0,508.4599999999999,2011-08
17960,73.78,1,1,73.78,1.0,73.78,2011-06
17961,1296.44,39,12,33.242051282051285,3.25,1296.44,2010-12
17962,102.41,1,1,102.41,1.0,102.41,2011-07
17964,463.21,2,12,231.605,0.16666666666666666,463.2099999999999,2010-12
17965,2599.19,14,12,185.65642857142856,1.1666666666666667,2599.19,2010-12
17966,1098.43,5,9,219.686,0.5555555555555556,1098.43,2011-03
17967,112.27,1,1,112.27,1.0,112.27,2010-12
17968,265.1,1,1,265.1,1.0,265.1,2010-12
17969,228.2,2,7,114.1,0.2857142857142857,228.19999999999996,2010-12
17970,562.79,1,1,562.79,1.0,562.79,2011-05
17972,135.19,1,1,135.19,1.0,135.19,2011-04
17973,337.04,1,1,337.04,1.0,337.04,2011-10
17974,703.99,3,7,234.66333333333333,0.42857142857142855,703.99,2011-05
17975,4483.26,13,12,344.86615384615385,1.0833333333333333,4483.259999999999,2010-12
17976,321.79,1,1,321.79,1.0,321.79,2010-12
17977,288.14,1,1,288.14,1.0,288.14,2011-11
17978,300.91999999999996,1,1,300.91999999999996,1.0,300.91999999999996,2010-12
17979,732.41,4,9,183.1025,0.4444444444444444,732.41,2011-03
17980,811.45,3,7,270.48333333333335,0.42857142857142855,811.45,2010-12
17984,152.68,1,1,152.68,1.0,152.68,2011-07
17985,631.35,1,1,631.35,1.0,631.35,2011-11
17986,20.8,1,1,20.8,1.0,20.8,2011-10
17987,198.57,1,1,198.57,1.0,198.57,2011-06
17988,201.12,7,11,28.731428571428573,0.6363636363636364,201.12,2011-01
17990,630.84,3,5,210.28,0.6,630.8399999999999,2010-12
17991,93.35,2,1,46.675,2.0,93.35,2011-04
17994,674.89,4,7,168.7225,0.5714285714285714,674.89,2011-02
17995,76.1,1,1,76.1,1.0,76.1,2011-03
17997,1962.46,8,4,245.3075,2.0,1962.46,2011-06
17999,380.39,2,12,190.195,0.16666666666666666,380.39,2010-12
18001,415.13,2,3,207.565,0.6666666666666666,415.13,2011-09
18004,157.92000000000002,1,1,157.92000000000002,1.0,157.92000000000002,2010-12
18005,226.47,2,3,113.235,0.6666666666666666,226.46999999999997,2011-10
18006,444.68,1,1,444.68,1.0,444.68,2011-11
18008,2116.19,9,9,235.13222222222223,1.0,2116.19,2011-01
18009,247.39,1,1,247.39,1.0,247.39,2011-04
18010,174.79999999999998,1,1,174.79999999999998,1.0,174.79999999999998,2011-03
18011,102.78999999999999,1,1,102.78999999999999,1.0,102.78999999999999,2010-12
18013,187.29,2,1,93.645,2.0,187.29,2011-07
18014,162.22,1,1,162.22,1.0,162.22,2011-11
18015,120.03,1,1,120.03,1.0,120.03,2011-12
18016,1477.66,5,12,295.53200000000004,0.4166666666666667,1477.6600000000003,2010-12
18017,523.0,3,8,174.33333333333334,0.375,523.0,2011-02
18018,122.14,2,4,61.07,0.5,122.14,2011-05
18019,38.45,1,1,38.45,1.0,38.45,2011-10
18022,612.72,1,1,612.72,1.0,612.72,2011-11
18024,389.78,2,1,194.89,2.0,389.78,2011-07
18027,115.31,1,1,115.31,1.0,115.31,2011-09
18030,230.64999999999998,2,3,115.32499999999999,0.6666666666666666,230.64999999999998,2011-10
18032,73.5,1,1,73.5,1.0,73.5,2011-01
18033,93.82,1,1,93.82,1.0,93.82,2011-10
18034,418.68,2,1,209.34,2.0,418.68,2011-11
18035,713.89,3,2,237.96333333333334,1.5,713.89,2011-10
18036,403.12,3,8,134.37333333333333,0.375,403.12,2011-04
18037,70.02,6,8,11.67,0.75,70.02,2010-12
18040,357.20000000000005,2,8,178.60000000000002,0.25,357.20000000000005,2011-04
18041,4097.37,21,12,195.11285714285714,1.75,4097.37,2010-12
18042,165.04999999999998,1,1,165.04999999999998,1.0,165.04999999999998,2011-10
18043,529.29,3,12,176.42999999999998,0.25,529.29,2010-12
18044,2088.6,10,13,208.85999999999999,0.7692307692307693,2088.6,2010-12
18045,178.34,1,1,178.34,1.0,178.34,2011-10
18048,172.29000000000002,2,1,86.14500000000001,2.0,172.29000000000002,2011-05
18050,74.4,1,1,74.4,1.0,74.4,2010-12
18053,300.02,1,1,300.02,1.0,300.02,2011-09
18055,6761.34,10,13,676.134,0.7692307692307693,6761.34,2010-12
18056,363.65,1,1,363.65,1.0,363.65,2011-02
18058,170.16,1,1,170.16,1.0,170.16,2011-11
18059,306.46,3,2,102.15333333333332,1.5,306.46,2011-10
18061,2119.41,10,12,211.94099999999997,0.8333333333333334,2119.41,2010-12
18062,720.52,3,6,240.17333333333332,0.5,720.52,2011-01
18064,814.0,2,4,407.0,0.5,814.0,2011-04
18065,2392.83,14,13,170.91642857142855,1.0769230769230769,2392.8299999999995,2010-12
18066,318.0,1,1,318.0,1.0,318.0,2011-09
18067,396.33,1,1,396.33,1.0,396.33,2011-10
18068,101.69999999999999,1,1,101.69999999999999,1.0,101.69999999999999,2011-02
18069,2009.24,5,11,401.848,0.45454545454545453,2009.24,2011-01
18071,453.0,2,4,226.5,0.5,453.0,2010-12
18072,247.44,1,1,247.44,1.0,247.44,2011-06
18073,3859.82,12,4,321.6516666666667,3.0,3859.8200000000006,2011-05
18074,489.6,1,1,489.6,1.0,489.6,2010-12
18075,2611.75,10,12,261.175,0.8333333333333334,2611.75,2010-12
18077,2584.41,11,13,234.94636363636363,0.8461538461538461,2584.41,2010-12
18078,336.13,2,3,168.065,0.6666666666666666,336.13,2011-03
18079,3613.15,4,7,903.2875,0.5714285714285714,3613.15,2011-04
18080,1231.5,2,8,615.75,0.25,1231.5,2011-04
18081,343.45,3,5,114.48333333333333,0.6,343.45,2011-07
18082,680.84,1,1,680.84,1.0,680.84,2011-11
18084,90.47999999999999,1,1,90.47999999999999,1.0,90.47999999999999,2011-11
18085,689.95,2,2,344.975,1.0,689.95,2010-12
18086,101.34,1,1,101.34,1.0,101.34,2011-03
18087,4055.7199999999993,2,8,2027.8599999999997,0.25,4055.7199999999993,2011-02
18088,166.03,1,1,166.03,1.0,166.03,2011-10
18092,9068.26,11,13,824.3872727272727,0.8461538461538461,9068.26,2010-12
18093,2106.52,4,8,526.63,0.5,2106.52,2011-02
18094,3017.3,7,8,431.04285714285714,0.875,3017.3,2011-02
18095,580.05,2,1,290.025,2.0,580.05,2011-01
18096,849.06,3,2,283.02,1.5,849.06,2011-10
18097,2662.4,6,13,443.73333333333335,0.46153846153846156,2662.4,2010-12
18099,168.31,1,1,168.31,1.0,168.31,2011-08
18101,222.4,2,5,111.2,0.4,222.40000000000003,2011-07
18102,259657.3,60,13,4327.621666666667,4.615384615384615,259657.3,2010-12
18104,754.64,1,1,754.64,1.0,754.64,2011-11
18105,113.48,1,1,113.48,1.0,113.48,2011-11
18106,421.9,1,1,421.9,1.0,421.9,2011-01
18108,271.0,1,1,271.0,1.0,271.0,2011-03
18109,8004.92,26,13,307.88153846153847,2.0,8004.92,2010-12
18110,198.8,1,1,198.8,1.0,198.8,2011-11
18112,352.69,2,6,176.345,0.3333333333333333,352.69,2011-06
18113,76.32000000000001,1,1,76.32000000000001,1.0,76.32000000000001,2010-12
18114,220.1,1,1,220.1,1.0,220.1,2011-02
18116,1403.1100000000001,8,11,175.38875000000002,0.7272727272727273,1403.1100000000001,2010-12
18117,315.65,1,1,315.65,1.0,315.65,2011-11
18118,5625.08,26,12,216.34923076923076,2.1666666666666665,5625.079999999999,2010-12
18119,180.7,1,1,180.7,1.0,180.7,2010-12
18120,111.15,1,1,111.15,1.0,111.15,2011-05
18121,653.3,2,1,326.65,2.0,653.3,2011-07
18122,1793.06,6,6,298.8433333333333,1.0,1793.06,2011-07
18123,574.4399999999999,2,1,287.21999999999997,2.0,574.4399999999999,2011-11
18125,1131.75,4,11,282.9375,0.36363636363636365,1131.75,2011-01
18126,200.92,1,1,200.92,1.0,200.92,2011-10
18127,347.08,3,5,115.69333333333333,0.6,347.08,2011-07
18129,112.55000000000001,1,1,112.55000000000001,1.0,112.55000000000001,2011-04
18130,1059.39,3,2,353.13000000000005,1.5,1059.39,2011-10
18133,931.4999999999999,1,1,931.4999999999999,1.0,931.4999999999999,2011-05
18135,681.9100000000001,5,6,136.382,0.8333333333333334,681.9100000000001,2011-06
18136,784.33,3,10,261.4433333333333,0.3,784.3299999999999,2011-01
18138,152.65,1,1,152.65,1.0,152.65,2011-02
18139,8438.34,6,1,1406.39,6.0,8438.34,2011-11
18142,1019.52,2,3,509.76,0.6666666666666666,1019.52,2011-05
18143,1000.16,2,2,500.08,1.0,1000.16,2011-07
18144,2888.75,12,13,240.72916666666666,0.9230769230769231,2888.75,2010-12
18145,2861.55,4,11,715.3875,0.36363636363636365,2861.5500000000006,2011-01
18146,160.35000000000002,2,3,80.17500000000001,0.6666666666666666,160.35000000000002,2011-05
18147,179.33999999999997,2,3,89.66999999999999,0.6666666666666666,179.33999999999997,2011-08
18149,612.0799999999999,3,8,204.02666666666664,0.375,612.0799999999999,2011-03
18150,566.58,3,7,188.86,0.42857142857142855,566.5799999999999,2011-05
18151,653.35,2,6,326.675,0.3333333333333333,653.35,2011-02
18154,399.19,2,3,199.595,0.6666666666666666,399.19,2011-10
18155,371.62,3,8,123.87333333333333,0.375,371.62,2011-02
18156,675.64,2,12,337.82,0.16666666666666666,675.6399999999999,2010-12
18158,453.4,2,3,226.7,0.6666666666666666,453.4,2011-09
18159,530.15,1,1,530.15,1.0,530.15,2011-02
18160,638.0600000000001,2,6,319.03000000000003,0.3333333333333333,638.06,2011-05
18161,1618.69,5,11,323.738,0.45454545454545453,1618.69,2011-01
18164,399.65000000000003,1,1,399.65000000000003,1.0,399.65000000000003,2011-11
18165,302.46000000000004,1,1,302.46000000000004,1.0,302.46000000000004,2011-06
18167,1384.8600000000001,3,4,461.62000000000006,0.75,1384.8600000000001,2011-08
18168,1160.04,6,7,193.34,0.8571428571428571,1160.04,2010-12
18169,202.65,1,1,202.65,1.0,202.65,2011-10
18170,980.31,3,7,326.77,0.42857142857142855,980.31,2011-05
18171,1231.31,5,10,246.262,0.5,1231.31,2011-01
18172,7561.68,20,10,378.084,2.0,7561.68,2011-02
18173,2106.84,4,7,526.71,0.5714285714285714,2106.8399999999997,2011-03
18174,104.0,1,1,104.0,1.0,104.0,2011-12
18176,476.35,1,1,476.35,1.0,476.35,2010-12
18177,1340.8700000000001,6,9,223.47833333333335,0.6666666666666666,1340.87,2011-03
18178,1590.81,4,9,397.7025,0.4444444444444444,1590.81,2010-12
18179,1793.17,6,11,298.8616666666667,0.5454545454545454,1793.1699999999998,2011-01
18180,1843.75,6,6,307.2916666666667,1.0,1843.75,2011-07
18181,366.85,1,1,366.85,1.0,366.85,2011-11
18183,632.07,2,2,316.035,1.0,632.07,2011-03
18184,49.8,1,1,49.8,1.0,49.8,2011-11
18185,304.25,1,1,304.25,1.0,304.25,2011-04
18188,2001.04,3,10,667.0133333333333,0.3,2001.04,2011-02
18189,1090.24,2,7,545.12,0.2857142857142857,1090.2399999999998,2011-03
18190,284.46000000000004,2,5,142.23000000000002,0.4,284.46000000000004,2011-01
18191,207.8,1,1,207.8,1.0,207.8,2011-03
18192,957.97,1,1,957.97,1.0,957.97,2011-09
18193,243.76,1,1,243.76,1.0,243.76,2011-06
18194,973.8399999999999,1,1,973.8399999999999,1.0,973.8399999999999,2011-09
18196,686.63,2,8,343.315,0.25,686.63,2011-02
18198,5425.56,17,12,319.15058823529415,1.4166666666666667,5425.56,2011-01
18200,150.35,1,1,150.35,1.0,150.35,2011-08
18202,1396.99,3,4,465.66333333333336,0.75,1396.99,2011-02
18203,160.42000000000002,1,1,160.42000000000002,1.0,160.42000000000002,2011-07
18204,1975.35,3,5,658.4499999999999,0.6,1975.3499999999997,2011-05
18205,517.36,2,3,258.68,0.6666666666666666,517.3599999999999,2011-09
18209,139.10000000000002,1,1,139.10000000000002,1.0,139.10000000000002,2011-11
18210,2621.38,6,10,436.8966666666667,0.6,2621.38,2011-03
18211,600.0699999999999,5,9,120.01399999999998,0.5555555555555556,600.0699999999999,2011-03
18212,216.07,1,1,216.07,1.0,216.07,2011-01
18213,232.48000000000002,1,1,232.48000000000002,1.0,232.48000000000002,2011-04
18215,299.34000000000003,1,1,299.34000000000003,1.0,299.34000000000003,2011-09
18216,481.75,1,1,481.75,1.0,481.75,2011-11
18217,621.75,2,3,310.875,0.6666666666666666,621.75,2011-09
18218,641.92,2,3,320.96,0.6666666666666666,641.9199999999998,2011-03
18219,2069.77,10,13,206.977,0.7692307692307693,2069.77,2010-12
18220,305.28000000000003,1,1,305.28000000000003,1.0,305.28000000000003,2011-04
18221,1041.61,5,7,208.32199999999997,0.7142857142857143,1041.61,2011-05
18222,443.0,1,1,443.0,1.0,443.0,2011-09
18223,6484.54,14,13,463.18142857142857,1.0769230769230769,6484.54,2010-12
18224,158.95000000000002,1,1,158.95000000000002,1.0,158.95000000000002,2011-03
18225,5504.96,12,13,458.74666666666667,0.9230769230769231,5504.96,2010-12
18226,5228.05,11,10,475.27727272727276,1.1,5228.050000000001,2011-01
18227,93.75,1,1,93.75,1.0,93.75,2011-05
18228,779.9,2,2,389.95,1.0,779.9,2011-09
18229,7276.9,20,12,363.84499999999997,1.6666666666666667,7276.9,2010-12
18230,2810.2000000000003,7,10,401.4571428571429,0.7,2810.2000000000003,2011-02
18231,2071.77,5,4,414.354,1.25,2071.77,2011-02
18232,592.97,4,5,148.2425,0.8,592.97,2011-05
18233,440.0,1,1,440.0,1.0,440.0,2011-01
18235,1796.48,3,5,598.8266666666667,0.6,1796.48,2011-05
18236,882.24,6,8,147.04,0.75,882.24,2011-04
18237,987.1,5,6,197.42000000000002,0.8333333333333334,987.1000000000001,2011-07
18239,1561.61,5,6,312.322,0.8333333333333334,1561.6100000000001,2010-12
18240,422.58,1,1,422.58,1.0,422.58,2011-10
18241,2073.09,17,7,121.9464705882353,2.4285714285714284,2073.09,2011-05
18242,2232.49,4,5,558.1225,0.8,2232.49,2011-05
18245,2567.06,7,13,366.72285714285715,0.5384615384615384,2567.06,2010-12
18246,596.1,2,8,298.05,0.25,596.1,2011-04
18248,804.02,2,3,402.01,0.6666666666666666,804.02,2011-06
18249,95.34,1,1,95.34,1.0,95.34,2011-11
18250,349.27,1,1,349.27,1.0,349.27,2011-02
18251,4314.72,1,1,4314.72,1.0,4314.72,2011-09
18252,518.27,2,5,259.135,0.4,518.27,2011-06
18255,103.3,1,1,103.3,1.0,103.3,2011-09
18257,2337.63,8,9,292.20375,0.8888888888888888,2337.63,2011-02
18259,2338.6000000000004,3,12,779.5333333333334,0.25,2338.6000000000004,2010-12
18260,2628.35,6,7,438.05833333333334,0.8571428571428571,2628.35,2010-12
18261,324.24,2,2,162.12,1.0,324.24,2011-09
18262,149.48,1,1,149.48,1.0,149.48,2011-07
18263,1213.16,3,8,404.3866666666667,0.375,1213.16,2011-04
18265,801.51,2,3,400.755,0.6666666666666666,801.5099999999999,2011-07
18268,25.5,1,1,25.5,1.0,25.5,2011-07
18269,168.6,1,1,168.6,1.0,168.6,2010-12
18270,283.15,2,9,141.575,0.2222222222222222,283.15,2011-03
18272,3078.58,6,9,513.0966666666667,0.6666666666666666,3078.58,2011-04
18273,204.0,3,10,68.0,0.3,204.0,2011-03
18274,175.92,1,1,175.92,1.0,175.92,2011-11
18276,335.86,1,1,335.86,1.0,335.86,2011-10
18277,110.38,1,1,110.38,1.0,110.38,2011-10
18278,173.9,1,1,173.9,1.0,173.9,2011-09
18280,180.60000000000002,1,1,180.60000000000002,1.0,180.60000000000002,2011-03
18281,80.82,1,1,80.82,1.0,80.82,2011-06
18282,178.05,2,5,89.025,0.4,178.05000000000004,2011-08
18283,2045.53,16,12,127.845625,1.3333333333333333,2045.5299999999997,2011-01
18287,1837.28,3,6,612.4266666666666,0.5,1837.2799999999997,2011-05
